Workbook

Sheet Verification - Summary
B2: Details | C2: Stories Tested | D2: Test Cases | G2: Result | K2: INJI Web Testing | Q2: Browser Versions Used For Testing | S2: Tested with Components
C3: Total | D3: Total | E3: With Stories | F3: w/o Stories | G3: Pass | H3: Fail | I3: Not tested | K3: Story | L3: Test Results | Q3: Chrome: Version 142.0.7444.176 | S3: Injistackqa/ui-test:0.16.x
B4: INJI Web | C4: =IFERROR(__xludf.DUMMYFUNCTION("COUNTUNIQUE('Inji - Web - Test Cases'!A2:A2335)"),123.0) -> 123 | D4: =COUNTA('Inji - Web - Test Cases'!C2:C2300) -> 1125 | E4: =SUM(L4:L50) -> 601 | F4: =D4-E4 -> 524 | G4: =COUNTIF('Inji - Web - Test Cases'!J2:J3152, "Pass") -> 1036 | H4: =COUNTIF('Inji - Web - Test Cases'!J2:J3152, "Fail") -> 89 | I4: =D4-(G4+H4) -> 0 | K4: =IFERROR(__xludf.DUMMYFUNCTION("UNIQUE(FILTER('Inji - Web - Test Cases'!A2:A1887, 'Inji - Web - Test Cases'!A2:A1887<>""""))"),"INJIWEB-36") -> INJIWEB-36 | L4: =COUNTIFS('Inji - Web - Test Cases'!A1:A1700,K4,'Inji - Web - Test Cases'!C1:C1700,"<>"&"") -> 13 | M4: =COUNTIFS('Inji - Web - Test Cases'!A2:A1697,K4,'Inji - Web - Test Cases'!C2:C1697,"<>"&"",'Inji - Web - Test Cases'!J2:J1697,"Pass") -> 13 | N4: =COUNTIFS('Inji - Web - Test Cases'!A2:A1697,K4,'Inji - Web - Test Cases'!C2:C1697,"<>"&"",'Inji - Web - Test Cases'!J2:J1697,"Fail") -> 0 | O4: =COUNTIFS('Inji - Web - Test Cases'!A2:A1697,K4,'Inji - Web - Test Cases'!C2:C1697,"<>"&"",'Inji - Web - Test Cases'!J2:J1697,"NA") -> 0 | Q4: Firefox: Version 145.0.2 | S4: Injistackqa/inji-web:0.16.x
K5: =IFERROR(__xludf.DUMMYFUNCTION("""COMPUTED_VALUE"""),"INJIWEB-37") -> INJIWEB-37 | L5: =COUNTIFS('Inji - Web - Test Cases'!A2:A1701,K5,'Inji - Web - Test Cases'!C2:C1701,"<>"&"") -> 7 | M5: =COUNTIFS('Inji - Web - Test Cases'!A3:A1698,K5,'Inji - Web - Test Cases'!C3:C1698,"<>"&"",'Inji - Web - Test Cases'!J3:J1698,"Pass") -> 7 | N5: =COUNTIFS('Inji - Web - Test Cases'!A3:A1698,K5,'Inji - Web - Test Cases'!C3:C1698,"<>"&"",'Inji - Web - Test Cases'!J3:J1698,"Fail") -> 0 | O5: =COUNTIFS('Inji - Web - Test Cases'!A3:A1698,K5,'Inji - Web - Test Cases'!C3:C1698,"<>"&"",'Inji - Web - Test Cases'!J3:J1698,"NA") -> 0 | Q5: Edge: Version 142.0.3595.94 | S5: Injistackqa/apitest-mimoto:0.21.x
B6: Total | C6: =SUM(C3:C5) -> 123 | D6: =SUM(D3:D5) -> 1125 | E6: =SUM(E3:E5) -> 601 | F6: =SUM(F3:F5) -> 524 | G6: =SUM(G3:G5) -> 1036 | H6: =SUM(H3:H5) -> 89 | I6: =SUM(I3:I5) -> 0 | K6: =IFERROR(__xludf.DUMMYFUNCTION("""COMPUTED_VALUE"""),"INJIWEB-44") -> INJIWEB-44 | L6: =COUNTIFS('Inji - Web - Test Cases'!A3:A1702,K6,'Inji - Web - Test Cases'!C3:C1702,"<>"&"") -> 11 | M6: =COUNTIFS('Inji - Web - Test Cases'!A4:A1699,K6,'Inji - Web - Test Cases'!C4:C1699,"<>"&"",'Inji - Web - Test Cases'!J4:J1699,"Pass") -> 11 | N6: =COUNTIFS('Inji - Web - Test Cases'!A4:A1699,K6,'Inji - Web - Test Cases'!C4:C1699,"<>"&"",'Inji - Web - Test Cases'!J4:J1699,"Fail") -> 0 | O6: =COUNTIFS('Inji - Web - Test Cases'!A4:A1699,K6,'Inji - Web - Test Cases'!C4:C1699,"<>"&"",'Inji - Web - Test Cases'!J4:J1699,"NA") -> 0 | Q6: Safari : Version 16.6 | S6: Injistackqa/mimoto:0.21.x
K7: =IFERROR(__xludf.DUMMYFUNCTION("""COMPUTED_VALUE"""),"INJIWEB-45") -> INJIWEB-45 | L7: =COUNTIFS('Inji - Web - Test Cases'!A4:A1703,K7,'Inji - Web - Test Cases'!C4:C1703,"<>"&"") -> 19 | M7: =COUNTIFS('Inji - Web - Test Cases'!A4:A1700,K7,'Inji - Web - Test Cases'!C4:C1700,"<>"&"",'Inji - Web - Test Cases'!J4:J1700,"Pass") -> 19 | N7: =COUNTIFS('Inji - Web - Test Cases'!A4:A1700,K7,'Inji - Web - Test Cases'!C4:C1700,"<>"&"",'Inji - Web - Test Cases'!J4:J1700,"Fail") -> 0 | O7: =COUNTIFS('Inji - Web - Test Cases'!A4:A1700,K7,'Inji - Web - Test Cases'!C4:C1700,"<>"&"",'Inji - Web - Test Cases'!J4:J1700,"NA") -> 0
K8: =IFERROR(__xludf.DUMMYFUNCTION("""COMPUTED_VALUE"""),"INJIWEB-47") -> INJIWEB-47 | L8: =COUNTIFS('Inji - Web - Test Cases'!A4:A1704,K8,'Inji - Web - Test Cases'!C4:C1704,"<>"&"") -> 6 | M8: =COUNTIFS('Inji - Web - Test Cases'!A4:A1701,K8,'Inji - Web - Test Cases'!C4:C1701,"<>"&"",'Inji - Web - Test Cases'!J4:J1701,"Pass") -> 6 | N8: =COUNTIFS('Inji - Web - Test Cases'!A4:A1701,K8,'Inji - Web - Test Cases'!C4:C1701,"<>"&"",'Inji - Web - Test Cases'!J4:J1701,"Fail") -> 0 | O8: =COUNTIFS('Inji - Web - Test Cases'!A4:A1701,K8,'Inji - Web - Test Cases'!C4:C1701,"<>"&"",'Inji - Web - Test Cases'!J4:J1701,"NA") -> 0
K9: =IFERROR(__xludf.DUMMYFUNCTION("""COMPUTED_VALUE"""),"INJIWEB-48") -> INJIWEB-48 | L9: =COUNTIFS('Inji - Web - Test Cases'!A4:A1705,K9,'Inji - Web - Test Cases'!C4:C1705,"<>"&"") -> 4 | M9: =COUNTIFS('Inji - Web - Test Cases'!A4:A1702,K9,'Inji - Web - Test Cases'!C4:C1702,"<>"&"",'Inji - Web - Test Cases'!J4:J1702,"Pass") -> 4 | N9: =COUNTIFS('Inji - Web - Test Cases'!A4:A1702,K9,'Inji - Web - Test Cases'!C4:C1702,"<>"&"",'Inji - Web - Test Cases'!J4:J1702,"Fail") -> 0 | O9: =COUNTIFS('Inji - Web - Test Cases'!A4:A1702,K9,'Inji - Web - Test Cases'!C4:C1702,"<>"&"",'Inji - Web - Test Cases'!J4:J1702,"NA") -> 0
B10: ="Functional Testing - Stories Verified : " & C6 -> Functional Testing - Stories Verified : 123 | K10: =IFERROR(__xludf.DUMMYFUNCTION("""COMPUTED_VALUE"""),"INJIWEB-49") -> INJIWEB-49 | L10: =COUNTIFS('Inji - Web - Test Cases'!A4:A1706,K10,'Inji - Web - Test Cases'!C4:C1706,"<>"&"") -> 6 | M10: =COUNTIFS('Inji - Web - Test Cases'!A5:A1703,K10,'Inji - Web - Test Cases'!C5:C1703,"<>"&"",'Inji - Web - Test Cases'!J5:J1703,"Pass") -> 6 | N10: =COUNTIFS('Inji - Web - Test Cases'!A5:A1703,K10,'Inji - Web - Test Cases'!C5:C1703,"<>"&"",'Inji - Web - Test Cases'!J5:J1703,"Fail") -> 0 | O10: =COUNTIFS('Inji - Web - Test Cases'!A5:A1703,K10,'Inji - Web - Test Cases'!C5:C1703,"<>"&"",'Inji - Web - Test Cases'!J5:J1703,"NA") -> 0
B11: ="Test cases : " & D6 & " Passed : "& G6 & " Failed : " & H6 & " Skipped : " & I6 -> Test cases : 1125 Passed : 1036 Failed : 89 Skipped : 0 | K11: =IFERROR(__xludf.DUMMYFUNCTION("""COMPUTED_VALUE"""),"INJIWEB-50") -> INJIWEB-50 | L11: =COUNTIFS('Inji - Web - Test Cases'!A5:A1707,K11,'Inji - Web - Test Cases'!C5:C1707,"<>"&"") -> 8 | M11: =COUNTIFS('Inji - Web - Test Cases'!A6:A1704,K11,'Inji - Web - Test Cases'!C6:C1704,"<>"&"",'Inji - Web - Test Cases'!J6:J1704,"Pass") -> 8 | N11: =COUNTIFS('Inji - Web - Test Cases'!A6:A1704,K11,'Inji - Web - Test Cases'!C6:C1704,"<>"&"",'Inji - Web - Test Cases'!J6:J1704,"Fail") -> 0 | O11: =COUNTIFS('Inji - Web - Test Cases'!A6:A1704,K11,'Inji - Web - Test Cases'!C6:C1704,"<>"&"",'Inji - Web - Test Cases'!J6:J1704,"NA") -> 0
B12: ="Test Rate : " & INT((((G6+H6)/D6)*100)) & "% With Pass Rate : " & INT((G6/(G6+H6))*100) & "%" -> Test Rate : 100% With Pass Rate : 92% | K12: =IFERROR(__xludf.DUMMYFUNCTION("""COMPUTED_VALUE"""),"INJIWEB-51") -> INJIWEB-51 | L12: =COUNTIFS('Inji - Web - Test Cases'!A6:A1708,K12,'Inji - Web - Test Cases'!C6:C1708,"<>"&"") -> 5 | M12: =COUNTIFS('Inji - Web - Test Cases'!A7:A1705,K12,'Inji - Web - Test Cases'!C7:C1705,"<>"&"",'Inji - Web - Test Cases'!J7:J1705,"Pass") -> 5 | N12: =COUNTIFS('Inji - Web - Test Cases'!A7:A1705,K12,'Inji - Web - Test Cases'!C7:C1705,"<>"&"",'Inji - Web - Test Cases'!J7:J1705,"Fail") -> 0 | O12: =COUNTIFS('Inji - Web - Test Cases'!A7:A1705,K12,'Inji - Web - Test Cases'!C7:C1705,"<>"&"",'Inji - Web - Test Cases'!J7:J1705,"NA") -> 0
K13: =IFERROR(__xludf.DUMMYFUNCTION("""COMPUTED_VALUE"""),"INJIWEB-247") -> INJIWEB-247 | L13: =COUNTIFS('Inji - Web - Test Cases'!A7:A1709,K13,'Inji - Web - Test Cases'!C7:C1709,"<>"&"") -> 15 | M13: =COUNTIFS('Inji - Web - Test Cases'!A8:A1706,K13,'Inji - Web - Test Cases'!C8:C1706,"<>"&"",'Inji - Web - Test Cases'!J8:J1706,"Pass") -> 15 | N13: =COUNTIFS('Inji - Web - Test Cases'!A8:A1706,K13,'Inji - Web - Test Cases'!C8:C1706,"<>"&"",'Inji - Web - Test Cases'!J8:J1706,"Fail") -> 0 | O13: =COUNTIFS('Inji - Web - Test Cases'!A8:A1706,K13,'Inji - Web - Test Cases'!C8:C1706,"<>"&"",'Inji - Web - Test Cases'!J8:J1706,"NA") -> 0
K14: =IFERROR(__xludf.DUMMYFUNCTION("""COMPUTED_VALUE"""),"INJIWEB-257") -> INJIWEB-257 | L14: =COUNTIFS('Inji - Web - Test Cases'!A8:A1710,K14,'Inji - Web - Test Cases'!C8:C1710,"<>"&"") -> 3 | M14: =COUNTIFS('Inji - Web - Test Cases'!A9:A1707,K14,'Inji - Web - Test Cases'!C9:C1707,"<>"&"",'Inji - Web - Test Cases'!J9:J1707,"Pass") -> 3 | N14: =COUNTIFS('Inji - Web - Test Cases'!A9:A1707,K14,'Inji - Web - Test Cases'!C9:C1707,"<>"&"",'Inji - Web - Test Cases'!J9:J1707,"Fail") -> 0 | O14: =COUNTIFS('Inji - Web - Test Cases'!A9:A1707,K14,'Inji - Web - Test Cases'!C9:C1707,"<>"&"",'Inji - Web - Test Cases'!J9:J1707,"NA") -> 0
K15: =IFERROR(__xludf.DUMMYFUNCTION("""COMPUTED_VALUE"""),"INJIWEB-278") -> INJIWEB-278 | L15: =COUNTIFS('Inji - Web - Test Cases'!A9:A1711,K15,'Inji - Web - Test Cases'!C9:C1711,"<>"&"") -> 7 | M15: =COUNTIFS('Inji - Web - Test Cases'!A10:A1708,K15,'Inji - Web - Test Cases'!C10:C1708,"<>"&"",'Inji - Web - Test Cases'!J10:J1708,"Pass") -> 7 | N15: =COUNTIFS('Inji - Web - Test Cases'!A10:A1708,K15,'Inji - Web - Test Cases'!C10:C1708,"<>"&"",'Inji - Web - Test Cases'!J10:J1708,"Fail") -> 0 | O15: =COUNTIFS('Inji - Web - Test Cases'!A10:A1708,K15,'Inji - Web - Test Cases'!C10:C1708,"<>"&"",'Inji - Web - Test Cases'!J10:J1708,"NA") -> 0
K16: =IFERROR(__xludf.DUMMYFUNCTION("""COMPUTED_VALUE"""),"INJIWEB-232") -> INJIWEB-232 | L16: =COUNTIFS('Inji - Web - Test Cases'!A10:A1712,K16,'Inji - Web - Test Cases'!C10:C1712,"<>"&"") -> 9 | M16: =COUNTIFS('Inji - Web - Test Cases'!A11:A1709,K16,'Inji - Web - Test Cases'!C11:C1709,"<>"&"",'Inji - Web - Test Cases'!J11:J1709,"Pass") -> 9 | N16: =COUNTIFS('Inji - Web - Test Cases'!A11:A1709,K16,'Inji - Web - Test Cases'!C11:C1709,"<>"&"",'Inji - Web - Test Cases'!J11:J1709,"Fail") -> 0 | O16: =COUNTIFS('Inji - Web - Test Cases'!A11:A1709,K16,'Inji - Web - Test Cases'!C11:C1709,"<>"&"",'Inji - Web - Test Cases'!J11:J1709,"NA") -> 0
K17: =IFERROR(__xludf.DUMMYFUNCTION("""COMPUTED_VALUE"""),"INJIWEB-479") -> INJIWEB-479 | L17: =COUNTIFS('Inji - Web - Test Cases'!A11:A1713,K17,'Inji - Web - Test Cases'!C11:C1713,"<>"&"") -> 6 | M17: =COUNTIFS('Inji - Web - Test Cases'!A12:A1710,K17,'Inji - Web - Test Cases'!C12:C1710,"<>"&"",'Inji - Web - Test Cases'!J12:J1710,"Pass") -> 6 | N17: =COUNTIFS('Inji - Web - Test Cases'!A12:A1710,K17,'Inji - Web - Test Cases'!C12:C1710,"<>"&"",'Inji - Web - Test Cases'!J12:J1710,"Fail") -> 0 | O17: =COUNTIFS('Inji - Web - Test Cases'!A12:A1710,K17,'Inji - Web - Test Cases'!C12:C1710,"<>"&"",'Inji - Web - Test Cases'!J12:J1710,"NA") -> 0
K18: =IFERROR(__xludf.DUMMYFUNCTION("""COMPUTED_VALUE"""),"INJIWEB-192") -> INJIWEB-192 | L18: =COUNTIFS('Inji - Web - Test Cases'!A12:A1714,K18,'Inji - Web - Test Cases'!C12:C1714,"<>"&"") -> 18 | M18: =COUNTIFS('Inji - Web - Test Cases'!A13:A1711,K18,'Inji - Web - Test Cases'!C13:C1711,"<>"&"",'Inji - Web - Test Cases'!J13:J1711,"Pass") -> 18 | N18: =COUNTIFS('Inji - Web - Test Cases'!A13:A1711,K18,'Inji - Web - Test Cases'!C13:C1711,"<>"&"",'Inji - Web - Test Cases'!J13:J1711,"Fail") -> 0 | O18: =COUNTIFS('Inji - Web - Test Cases'!A13:A1711,K18,'Inji - Web - Test Cases'!C13:C1711,"<>"&"",'Inji - Web - Test Cases'!J13:J1711,"NA") -> 0
K19: =IFERROR(__xludf.DUMMYFUNCTION("""COMPUTED_VALUE"""),"INJIWEB-597") -> INJIWEB-597 | L19: =COUNTIFS('Inji - Web - Test Cases'!A13:A1715,K19,'Inji - Web - Test Cases'!C13:C1715,"<>"&"") -> 8 | M19: =COUNTIFS('Inji - Web - Test Cases'!A14:A1712,K19,'Inji - Web - Test Cases'!C14:C1712,"<>"&"",'Inji - Web - Test Cases'!J14:J1712,"Pass") -> 8 | N19: =COUNTIFS('Inji - Web - Test Cases'!A14:A1712,K19,'Inji - Web - Test Cases'!C14:C1712,"<>"&"",'Inji - Web - Test Cases'!J14:J1712,"Fail") -> 0 | O19: =COUNTIFS('Inji - Web - Test Cases'!A14:A1712,K19,'Inji - Web - Test Cases'!C14:C1712,"<>"&"",'Inji - Web - Test Cases'!J14:J1712,"NA") -> 0
K20: =IFERROR(__xludf.DUMMYFUNCTION("""COMPUTED_VALUE"""),"INJIWEB-639") -> INJIWEB-639 | L20: =COUNTIFS('Inji - Web - Test Cases'!A14:A1716,K20,'Inji - Web - Test Cases'!C14:C1716,"<>"&"") -> 17 | M20: =COUNTIFS('Inji - Web - Test Cases'!A15:A1713,K20,'Inji - Web - Test Cases'!C15:C1713,"<>"&"",'Inji - Web - Test Cases'!J15:J1713,"Pass") -> 17 | N20: =COUNTIFS('Inji - Web - Test Cases'!A15:A1713,K20,'Inji - Web - Test Cases'!C15:C1713,"<>"&"",'Inji - Web - Test Cases'!J15:J1713,"Fail") -> 0 | O20: =COUNTIFS('Inji - Web - Test Cases'!A15:A1713,K20,'Inji - Web - Test Cases'!C15:C1713,"<>"&"",'Inji - Web - Test Cases'!J15:J1713,"NA") -> 0
K21: =IFERROR(__xludf.DUMMYFUNCTION("""COMPUTED_VALUE"""),"INJIWEB-649") -> INJIWEB-649 | L21: =COUNTIFS('Inji - Web - Test Cases'!A15:A1717,K21,'Inji - Web - Test Cases'!C15:C1717,"<>"&"") -> 20 | M21: =COUNTIFS('Inji - Web - Test Cases'!A16:A1714,K21,'Inji - Web - Test Cases'!C16:C1714,"<>"&"",'Inji - Web - Test Cases'!J16:J1714,"Pass") -> 20 | N21: =COUNTIFS('Inji - Web - Test Cases'!A16:A1714,K21,'Inji - Web - Test Cases'!C16:C1714,"<>"&"",'Inji - Web - Test Cases'!J16:J1714,"Fail") -> 0 | O21: =COUNTIFS('Inji - Web - Test Cases'!A16:A1714,K21,'Inji - Web - Test Cases'!C16:C1714,"<>"&"",'Inji - Web - Test Cases'!J16:J1714,"NA") -> 0
K22: =IFERROR(__xludf.DUMMYFUNCTION("""COMPUTED_VALUE"""),"INJIWEB-665") -> INJIWEB-665 | L22: =COUNTIFS('Inji - Web - Test Cases'!A16:A1718,K22,'Inji - Web - Test Cases'!C16:C1718,"<>"&"") -> 10 | M22: =COUNTIFS('Inji - Web - Test Cases'!A17:A1715,K22,'Inji - Web - Test Cases'!C17:C1715,"<>"&"",'Inji - Web - Test Cases'!J17:J1715,"Pass") -> 10 | N22: =COUNTIFS('Inji - Web - Test Cases'!A17:A1715,K22,'Inji - Web - Test Cases'!C17:C1715,"<>"&"",'Inji - Web - Test Cases'!J17:J1715,"Fail") -> 0 | O22: =COUNTIFS('Inji - Web - Test Cases'!A17:A1715,K22,'Inji - Web - Test Cases'!C17:C1715,"<>"&"",'Inji - Web - Test Cases'!J17:J1715,"NA") -> 0
K23: =IFERROR(__xludf.DUMMYFUNCTION("""COMPUTED_VALUE"""),"INJIWEB-679") -> INJIWEB-679 | L23: =COUNTIFS('Inji - Web - Test Cases'!A17:A1719,K23,'Inji - Web - Test Cases'!C17:C1719,"<>"&"") -> 22 | M23: =COUNTIFS('Inji - Web - Test Cases'!A18:A1716,K23,'Inji - Web - Test Cases'!C18:C1716,"<>"&"",'Inji - Web - Test Cases'!J18:J1716,"Pass") -> 22 | N23: =COUNTIFS('Inji - Web - Test Cases'!A18:A1716,K23,'Inji - Web - Test Cases'!C18:C1716,"<>"&"",'Inji - Web - Test Cases'!J18:J1716,"Fail") -> 0 | O23: =COUNTIFS('Inji - Web - Test Cases'!A18:A1716,K23,'Inji - Web - Test Cases'!C18:C1716,"<>"&"",'Inji - Web - Test Cases'!J18:J1716,"NA") -> 0
K24: =IFERROR(__xludf.DUMMYFUNCTION("""COMPUTED_VALUE"""),"INJIWEB-880") -> INJIWEB-880 | L24: =COUNTIFS('Inji - Web - Test Cases'!A18:A1720,K24,'Inji - Web - Test Cases'!C18:C1720,"<>"&"") -> 4 | M24: =COUNTIFS('Inji - Web - Test Cases'!A19:A1717,K24,'Inji - Web - Test Cases'!C19:C1717,"<>"&"",'Inji - Web - Test Cases'!J19:J1717,"Pass") -> 4 | N24: =COUNTIFS('Inji - Web - Test Cases'!A19:A1717,K24,'Inji - Web - Test Cases'!C19:C1717,"<>"&"",'Inji - Web - Test Cases'!J19:J1717,"Fail") -> 0 | O24: =COUNTIFS('Inji - Web - Test Cases'!A19:A1717,K24,'Inji - Web - Test Cases'!C19:C1717,"<>"&"",'Inji - Web - Test Cases'!J19:J1717,"NA") -> 0
K25: =IFERROR(__xludf.DUMMYFUNCTION("""COMPUTED_VALUE"""),"INJIWEB-268") -> INJIWEB-268 | L25: =COUNTIFS('Inji - Web - Test Cases'!A19:A1721,K25,'Inji - Web - Test Cases'!C19:C1721,"<>"&"") -> 14 | M25: =COUNTIFS('Inji - Web - Test Cases'!A20:A1718,K25,'Inji - Web - Test Cases'!C20:C1718,"<>"&"",'Inji - Web - Test Cases'!J20:J1718,"Pass") -> 14 | N25: =COUNTIFS('Inji - Web - Test Cases'!A20:A1718,K25,'Inji - Web - Test Cases'!C20:C1718,"<>"&"",'Inji - Web - Test Cases'!J20:J1718,"Fail") -> 0 | O25: =COUNTIFS('Inji - Web - Test Cases'!A20:A1718,K25,'Inji - Web - Test Cases'!C20:C1718,"<>"&"",'Inji - Web - Test Cases'!J20:J1718,"NA") -> 0
K26: =IFERROR(__xludf.DUMMYFUNCTION("""COMPUTED_VALUE"""),"INJIWEB-424") -> INJIWEB-424 | L26: =COUNTIFS('Inji - Web - Test Cases'!A20:A1722,K26,'Inji - Web - Test Cases'!C20:C1722,"<>"&"") -> 13 | M26: =COUNTIFS('Inji - Web - Test Cases'!A21:A1719,K26,'Inji - Web - Test Cases'!C21:C1719,"<>"&"",'Inji - Web - Test Cases'!J21:J1719,"Pass") -> 13 | N26: =COUNTIFS('Inji - Web - Test Cases'!A21:A1719,K26,'Inji - Web - Test Cases'!C21:C1719,"<>"&"",'Inji - Web - Test Cases'!J21:J1719,"Fail") -> 0 | O26: =COUNTIFS('Inji - Web - Test Cases'!A21:A1719,K26,'Inji - Web - Test Cases'!C21:C1719,"<>"&"",'Inji - Web - Test Cases'!J21:J1719,"NA") -> 0
K27: =IFERROR(__xludf.DUMMYFUNCTION("""COMPUTED_VALUE"""),"INJIWEB-511") -> INJIWEB-511 | L27: =COUNTIFS('Inji - Web - Test Cases'!A21:A1723,K27,'Inji - Web - Test Cases'!C21:C1723,"<>"&"") -> 54 | M27: =COUNTIFS('Inji - Web - Test Cases'!A22:A1720,K27,'Inji - Web - Test Cases'!C22:C1720,"<>"&"",'Inji - Web - Test Cases'!J22:J1720,"Pass") -> 54 | N27: =COUNTIFS('Inji - Web - Test Cases'!A22:A1720,K27,'Inji - Web - Test Cases'!C22:C1720,"<>"&"",'Inji - Web - Test Cases'!J22:J1720,"Fail") -> 0 | O27: =COUNTIFS('Inji - Web - Test Cases'!A22:A1720,K27,'Inji - Web - Test Cases'!C22:C1720,"<>"&"",'Inji - Web - Test Cases'!J22:J1720,"NA") -> 0
K28: =IFERROR(__xludf.DUMMYFUNCTION("""COMPUTED_VALUE"""),"INJIWEB-758") -> INJIWEB-758 | L28: =COUNTIFS('Inji - Web - Test Cases'!A22:A1724,K28,'Inji - Web - Test Cases'!C22:C1724,"<>"&"") -> 4 | M28: =COUNTIFS('Inji - Web - Test Cases'!A23:A1721,K28,'Inji - Web - Test Cases'!C23:C1721,"<>"&"",'Inji - Web - Test Cases'!J23:J1721,"Pass") -> 4 | N28: =COUNTIFS('Inji - Web - Test Cases'!A23:A1721,K28,'Inji - Web - Test Cases'!C23:C1721,"<>"&"",'Inji - Web - Test Cases'!J23:J1721,"Fail") -> 0 | O28: =COUNTIFS('Inji - Web - Test Cases'!A23:A1721,K28,'Inji - Web - Test Cases'!C23:C1721,"<>"&"",'Inji - Web - Test Cases'!J23:J1721,"NA") -> 0
K29: =IFERROR(__xludf.DUMMYFUNCTION("""COMPUTED_VALUE"""),"INJIWEB-700") -> INJIWEB-700 | L29: =COUNTIFS('Inji - Web - Test Cases'!A23:A1725,K29,'Inji - Web - Test Cases'!C23:C1725,"<>"&"") -> 26 | M29: =COUNTIFS('Inji - Web - Test Cases'!A24:A1722,K29,'Inji - Web - Test Cases'!C24:C1722,"<>"&"",'Inji - Web - Test Cases'!J24:J1722,"Pass") -> 26 | N29: =COUNTIFS('Inji - Web - Test Cases'!A24:A1722,K29,'Inji - Web - Test Cases'!C24:C1722,"<>"&"",'Inji - Web - Test Cases'!J24:J1722,"Fail") -> 0 | O29: =COUNTIFS('Inji - Web - Test Cases'!A24:A1722,K29,'Inji - Web - Test Cases'!C24:C1722,"<>"&"",'Inji - Web - Test Cases'!J24:J1722,"NA") -> 0
K30: =IFERROR(__xludf.DUMMYFUNCTION("""COMPUTED_VALUE"""),"INJIWEB-980") -> INJIWEB-980 | L30: =COUNTIFS('Inji - Web - Test Cases'!A24:A1726,K30,'Inji - Web - Test Cases'!C24:C1726,"<>"&"") -> 27 | M30: =COUNTIFS('Inji - Web - Test Cases'!A25:A1723,K30,'Inji - Web - Test Cases'!C25:C1723,"<>"&"",'Inji - Web - Test Cases'!J25:J1723,"Pass") -> 27 | N30: =COUNTIFS('Inji - Web - Test Cases'!A25:A1723,K30,'Inji - Web - Test Cases'!C25:C1723,"<>"&"",'Inji - Web - Test Cases'!J25:J1723,"Fail") -> 0 | O30: =COUNTIFS('Inji - Web - Test Cases'!A25:A1723,K30,'Inji - Web - Test Cases'!C25:C1723,"<>"&"",'Inji - Web - Test Cases'!J25:J1723,"NA") -> 0
K31: =IFERROR(__xludf.DUMMYFUNCTION("""COMPUTED_VALUE"""),"INJIWEB-910") -> INJIWEB-910 | L31: =COUNTIFS('Inji - Web - Test Cases'!A25:A1727,K31,'Inji - Web - Test Cases'!C25:C1727,"<>"&"") -> 19 | M31: =COUNTIFS('Inji - Web - Test Cases'!A26:A1724,K31,'Inji - Web - Test Cases'!C26:C1724,"<>"&"",'Inji - Web - Test Cases'!J26:J1724,"Pass") -> 19 | N31: =COUNTIFS('Inji - Web - Test Cases'!A26:A1724,K31,'Inji - Web - Test Cases'!C26:C1724,"<>"&"",'Inji - Web - Test Cases'!J26:J1724,"Fail") -> 0 | O31: =COUNTIFS('Inji - Web - Test Cases'!A26:A1724,K31,'Inji - Web - Test Cases'!C26:C1724,"<>"&"",'Inji - Web - Test Cases'!J26:J1724,"NA") -> 0
K32: =IFERROR(__xludf.DUMMYFUNCTION("""COMPUTED_VALUE"""),"INJIWEB-920") -> INJIWEB-920 | L32: =COUNTIFS('Inji - Web - Test Cases'!A26:A1728,K32,'Inji - Web - Test Cases'!C26:C1728,"<>"&"") -> 11 | M32: =COUNTIFS('Inji - Web - Test Cases'!A26:A1725,K32,'Inji - Web - Test Cases'!C26:C1725,"<>"&"",'Inji - Web - Test Cases'!J26:J1725,"Pass") -> 11 | N32: =COUNTIFS('Inji - Web - Test Cases'!A26:A1725,K32,'Inji - Web - Test Cases'!C26:C1725,"<>"&"",'Inji - Web - Test Cases'!J26:J1725,"Fail") -> 0 | O32: =COUNTIFS('Inji - Web - Test Cases'!A26:A1725,K32,'Inji - Web - Test Cases'!C26:C1725,"<>"&"",'Inji - Web - Test Cases'!J26:J1725,"NA") -> 0
K33: =IFERROR(__xludf.DUMMYFUNCTION("""COMPUTED_VALUE"""),"INJIWEB-1036") -> INJIWEB-1036 | L33: =COUNTIFS('Inji - Web - Test Cases'!A26:A1729,K33,'Inji - Web - Test Cases'!C26:C1729,"<>"&"") -> 12 | M33: =COUNTIFS('Inji - Web - Test Cases'!A27:A1726,K33,'Inji - Web - Test Cases'!C27:C1726,"<>"&"",'Inji - Web - Test Cases'!J27:J1726,"Pass") -> 12 | N33: =COUNTIFS('Inji - Web - Test Cases'!A27:A1726,K33,'Inji - Web - Test Cases'!C27:C1726,"<>"&"",'Inji - Web - Test Cases'!J27:J1726,"Fail") -> 0 | O33: =COUNTIFS('Inji - Web - Test Cases'!A27:A1726,K33,'Inji - Web - Test Cases'!C27:C1726,"<>"&"",'Inji - Web - Test Cases'!J27:J1726,"NA") -> 0
K34: =IFERROR(__xludf.DUMMYFUNCTION("""COMPUTED_VALUE"""),"INJIWEB-1203") -> INJIWEB-1203 | L34: =COUNTIFS('Inji - Web - Test Cases'!A27:A1730,K34,'Inji - Web - Test Cases'!C27:C1730,"<>"&"") -> 12 | M34: =COUNTIFS('Inji - Web - Test Cases'!A27:A1727,K34,'Inji - Web - Test Cases'!C27:C1727,"<>"&"",'Inji - Web - Test Cases'!J27:J1727,"Pass") -> 12 | N34: =COUNTIFS('Inji - Web - Test Cases'!A27:A1727,K34,'Inji - Web - Test Cases'!C27:C1727,"<>"&"",'Inji - Web - Test Cases'!J27:J1727,"Fail") -> 0 | O34: =COUNTIFS('Inji - Web - Test Cases'!A27:A1727,K34,'Inji - Web - Test Cases'!C27:C1727,"<>"&"",'Inji - Web - Test Cases'!J27:J1727,"NA") -> 0
K35: =IFERROR(__xludf.DUMMYFUNCTION("""COMPUTED_VALUE"""),"INJIWEB-1167") -> INJIWEB-1167 | L35: =COUNTIFS('Inji - Web - Test Cases'!A27:A1731,K35,'Inji - Web - Test Cases'!C27:C1731,"<>"&"") -> 10 | M35: =COUNTIFS('Inji - Web - Test Cases'!A28:A1728,K35,'Inji - Web - Test Cases'!C28:C1728,"<>"&"",'Inji - Web - Test Cases'!J28:J1728,"Pass") -> 9 | N35: =COUNTIFS('Inji - Web - Test Cases'!A28:A1728,K35,'Inji - Web - Test Cases'!C28:C1728,"<>"&"",'Inji - Web - Test Cases'!J28:J1728,"Fail") -> 1 | O35: =COUNTIFS('Inji - Web - Test Cases'!A28:A1728,K35,'Inji - Web - Test Cases'!C28:C1728,"<>"&"",'Inji - Web - Test Cases'!J28:J1728,"NA") -> 0
K36: =IFERROR(__xludf.DUMMYFUNCTION("""COMPUTED_VALUE"""),"INJIWEB-1246") -> INJIWEB-1246 | L36: =COUNTIFS('Inji - Web - Test Cases'!A28:A1732,K36,'Inji - Web - Test Cases'!C28:C1732,"<>"&"") -> 21 | M36: =COUNTIFS('Inji - Web - Test Cases'!A28:A1729,K36,'Inji - Web - Test Cases'!C28:C1729,"<>"&"",'Inji - Web - Test Cases'!J28:J1729,"Pass") -> 21 | N36: =COUNTIFS('Inji - Web - Test Cases'!A28:A1729,K36,'Inji - Web - Test Cases'!C28:C1729,"<>"&"",'Inji - Web - Test Cases'!J28:J1729,"Fail") -> 0 | O36: =COUNTIFS('Inji - Web - Test Cases'!A28:A1729,K36,'Inji - Web - Test Cases'!C28:C1729,"<>"&"",'Inji - Web - Test Cases'!J28:J1729,"NA") -> 0
K37: =IFERROR(__xludf.DUMMYFUNCTION("""COMPUTED_VALUE"""),"INJIWEB-1117") -> INJIWEB-1117 | L37: =COUNTIFS('Inji - Web - Test Cases'!A28:A1733,K37,'Inji - Web - Test Cases'!C28:C1733,"<>"&"") -> 29 | M37: =COUNTIFS('Inji - Web - Test Cases'!A29:A1730,K37,'Inji - Web - Test Cases'!C29:C1730,"<>"&"",'Inji - Web - Test Cases'!J29:J1730,"Pass") -> 28 | N37: =COUNTIFS('Inji - Web - Test Cases'!A29:A1730,K37,'Inji - Web - Test Cases'!C29:C1730,"<>"&"",'Inji - Web - Test Cases'!J29:J1730,"Fail") -> 1 | O37: =COUNTIFS('Inji - Web - Test Cases'!A29:A1730,K37,'Inji - Web - Test Cases'!C29:C1730,"<>"&"",'Inji - Web - Test Cases'!J29:J1730,"NA") -> 0
K38: =IFERROR(__xludf.DUMMYFUNCTION("""COMPUTED_VALUE"""),"INJIWEB-1513") -> INJIWEB-1513 | L38: =COUNTIFS('Inji - Web - Test Cases'!A29:A1734,K38,'Inji - Web - Test Cases'!C29:C1734,"<>"&"") -> 12 | M38: =COUNTIFS('Inji - Web - Test Cases'!A30:A1731,K38,'Inji - Web - Test Cases'!C30:C1731,"<>"&"",'Inji - Web - Test Cases'!J30:J1731,"Pass") -> 12 | N38: =COUNTIFS('Inji - Web - Test Cases'!A30:A1731,K38,'Inji - Web - Test Cases'!C30:C1731,"<>"&"",'Inji - Web - Test Cases'!J30:J1731,"Fail") -> 0 | O38: =COUNTIFS('Inji - Web - Test Cases'!A30:A1731,K38,'Inji - Web - Test Cases'!C30:C1731,"<>"&"",'Inji - Web - Test Cases'!J30:J1731,"NA") -> 0
K39: =IFERROR(__xludf.DUMMYFUNCTION("""COMPUTED_VALUE"""),"INJIWEB-1522") -> INJIWEB-1522 | L39: =COUNTIFS('Inji - Web - Test Cases'!A30:A1735,K39,'Inji - Web - Test Cases'!C30:C1735,"<>"&"") -> 22 | M39: =COUNTIFS('Inji - Web - Test Cases'!A31:A1732,K39,'Inji - Web - Test Cases'!C31:C1732,"<>"&"",'Inji - Web - Test Cases'!J31:J1732,"Pass") -> 21 | N39: =COUNTIFS('Inji - Web - Test Cases'!A31:A1732,K39,'Inji - Web - Test Cases'!C31:C1732,"<>"&"",'Inji - Web - Test Cases'!J31:J1732,"Fail") -> 1 | O39: =COUNTIFS('Inji - Web - Test Cases'!A31:A1732,K39,'Inji - Web - Test Cases'!C31:C1732,"<>"&"",'Inji - Web - Test Cases'!J31:J1732,"NA") -> 0
K40: =IFERROR(__xludf.DUMMYFUNCTION("""COMPUTED_VALUE"""),"INJIWEB-1533") -> INJIWEB-1533 | L40: =COUNTIFS('Inji - Web - Test Cases'!A31:A1736,K40,'Inji - Web - Test Cases'!C31:C1736,"<>"&"") -> 14 | M40: =COUNTIFS('Inji - Web - Test Cases'!A32:A1733,K40,'Inji - Web - Test Cases'!C32:C1733,"<>"&"",'Inji - Web - Test Cases'!J32:J1733,"Pass") -> 11 | N40: =COUNTIFS('Inji - Web - Test Cases'!A32:A1733,K40,'Inji - Web - Test Cases'!C32:C1733,"<>"&"",'Inji - Web - Test Cases'!J32:J1733,"Fail") -> 3 | O40: =COUNTIFS('Inji - Web - Test Cases'!A32:A1733,K40,'Inji - Web - Test Cases'!C32:C1733,"<>"&"",'Inji - Web - Test Cases'!J32:J1733,"NA") -> 0
K41: =IFERROR(__xludf.DUMMYFUNCTION("""COMPUTED_VALUE"""),"INJIWEB-1520") -> INJIWEB-1520 | L41: =COUNTIFS('Inji - Web - Test Cases'!A32:A1737,K41,'Inji - Web - Test Cases'!C32:C1737,"<>"&"") -> 13 | M41: =COUNTIFS('Inji - Web - Test Cases'!A33:A1734,K41,'Inji - Web - Test Cases'!C33:C1734,"<>"&"",'Inji - Web - Test Cases'!J33:J1734,"Pass") -> 13 | N41: =COUNTIFS('Inji - Web - Test Cases'!A33:A1734,K41,'Inji - Web - Test Cases'!C33:C1734,"<>"&"",'Inji - Web - Test Cases'!J33:J1734,"Fail") -> 0 | O41: =COUNTIFS('Inji - Web - Test Cases'!A33:A1734,K41,'Inji - Web - Test Cases'!C33:C1734,"<>"&"",'Inji - Web - Test Cases'!J33:J1734,"NA") -> 0
K42: =IFERROR(__xludf.DUMMYFUNCTION("""COMPUTED_VALUE"""),"INJIWEB-1563") -> INJIWEB-1563 | L42: =COUNTIFS('Inji - Web - Test Cases'!A33:A1738,K42,'Inji - Web - Test Cases'!C33:C1738,"<>"&"") -> 8 | M42: =COUNTIFS('Inji - Web - Test Cases'!A34:A1735,K42,'Inji - Web - Test Cases'!C34:C1735,"<>"&"",'Inji - Web - Test Cases'!J34:J1735,"Pass") -> 8 | N42: =COUNTIFS('Inji - Web - Test Cases'!A34:A1735,K42,'Inji - Web - Test Cases'!C34:C1735,"<>"&"",'Inji - Web - Test Cases'!J34:J1735,"Fail") -> 0 | O42: =COUNTIFS('Inji - Web - Test Cases'!A34:A1735,K42,'Inji - Web - Test Cases'!C34:C1735,"<>"&"",'Inji - Web - Test Cases'!J34:J1735,"NA") -> 0
K43: =IFERROR(__xludf.DUMMYFUNCTION("""COMPUTED_VALUE"""),"INJIWEB-1557") -> INJIWEB-1557 | L43: =COUNTIFS('Inji - Web - Test Cases'!A34:A1739,K43,'Inji - Web - Test Cases'!C34:C1739,"<>"&"") -> 14 | M43: =COUNTIFS('Inji - Web - Test Cases'!A35:A1736,K43,'Inji - Web - Test Cases'!C35:C1736,"<>"&"",'Inji - Web - Test Cases'!J35:J1736,"Pass") -> 10 | N43: =COUNTIFS('Inji - Web - Test Cases'!A35:A1736,K43,'Inji - Web - Test Cases'!C35:C1736,"<>"&"",'Inji - Web - Test Cases'!J35:J1736,"Fail") -> 4 | O43: =COUNTIFS('Inji - Web - Test Cases'!A35:A1736,K43,'Inji - Web - Test Cases'!C35:C1736,"<>"&"",'Inji - Web - Test Cases'!J35:J1736,"NA") -> 0
K44: =IFERROR(__xludf.DUMMYFUNCTION("""COMPUTED_VALUE"""),"INJIWEB-1519") -> INJIWEB-1519 | L44: =COUNTIFS('Inji - Web - Test Cases'!A35:A1740,K44,'Inji - Web - Test Cases'!C35:C1740,"<>"&"") -> 14 | M44: =COUNTIFS('Inji - Web - Test Cases'!A36:A1737,K44,'Inji - Web - Test Cases'!C36:C1737,"<>"&"",'Inji - Web - Test Cases'!J36:J1737,"Pass") -> 11 | N44: =COUNTIFS('Inji - Web - Test Cases'!A36:A1737,K44,'Inji - Web - Test Cases'!C36:C1737,"<>"&"",'Inji - Web - Test Cases'!J36:J1737,"Fail") -> 3 | O44: =COUNTIFS('Inji - Web - Test Cases'!A36:A1737,K44,'Inji - Web - Test Cases'!C36:C1737,"<>"&"",'Inji - Web - Test Cases'!J36:J1737,"NA") -> 0
K45: =IFERROR(__xludf.DUMMYFUNCTION("""COMPUTED_VALUE"""),"INJIWEB-1564") -> INJIWEB-1564 | L45: =COUNTIFS('Inji - Web - Test Cases'!A36:A1741,K45,'Inji - Web - Test Cases'!C36:C1741,"<>"&"") -> 20 | M45: =COUNTIFS('Inji - Web - Test Cases'!A37:A1738,K45,'Inji - Web - Test Cases'!C37:C1738,"<>"&"",'Inji - Web - Test Cases'!J37:J1738,"Pass") -> 20 | N45: =COUNTIFS('Inji - Web - Test Cases'!A37:A1738,K45,'Inji - Web - Test Cases'!C37:C1738,"<>"&"",'Inji - Web - Test Cases'!J37:J1738,"Fail") -> 0 | O45: =COUNTIFS('Inji - Web - Test Cases'!A37:A1738,K45,'Inji - Web - Test Cases'!C37:C1738,"<>"&"",'Inji - Web - Test Cases'!J37:J1738,"NA") -> 0
K46: =IFERROR(__xludf.DUMMYFUNCTION("""COMPUTED_VALUE"""),"INJIWEB_1418") -> INJIWEB_1418 | L46: =COUNTIFS('Inji - Web - Test Cases'!A37:A1742,K46,'Inji - Web - Test Cases'!C37:C1742,"<>"&"") -> 8 | M46: =COUNTIFS('Inji - Web - Test Cases'!A38:A1739,K46,'Inji - Web - Test Cases'!C38:C1739,"<>"&"",'Inji - Web - Test Cases'!J38:J1739,"Pass") -> 8 | N46: =COUNTIFS('Inji - Web - Test Cases'!A38:A1739,K46,'Inji - Web - Test Cases'!C38:C1739,"<>"&"",'Inji - Web - Test Cases'!J38:J1739,"Fail") -> 0 | O46: =COUNTIFS('Inji - Web - Test Cases'!A38:A1739,K46,'Inji - Web - Test Cases'!C38:C1739,"<>"&"",'Inji - Web - Test Cases'!J38:J1739,"NA") -> 0
K47: =IFERROR(__xludf.DUMMYFUNCTION("""COMPUTED_VALUE"""),"INJIWEB-1392") -> INJIWEB-1392 | L47: =COUNTIFS('Inji - Web - Test Cases'!A38:A1743,K47,'Inji - Web - Test Cases'!C38:C1743,"<>"&"") -> 1 | M47: =COUNTIFS('Inji - Web - Test Cases'!A39:A1740,K47,'Inji - Web - Test Cases'!C39:C1740,"<>"&"",'Inji - Web - Test Cases'!J39:J1740,"Pass") -> 1 | N47: =COUNTIFS('Inji - Web - Test Cases'!A39:A1740,K47,'Inji - Web - Test Cases'!C39:C1740,"<>"&"",'Inji - Web - Test Cases'!J39:J1740,"Fail") -> 0 | O47: =COUNTIFS('Inji - Web - Test Cases'!A39:A1740,K47,'Inji - Web - Test Cases'!C39:C1740,"<>"&"",'Inji - Web - Test Cases'!J39:J1740,"NA") -> 0
K48: =IFERROR(__xludf.DUMMYFUNCTION("""COMPUTED_VALUE"""),"INJIWEB-1511") -> INJIWEB-1511 | L48: =COUNTIFS('Inji - Web - Test Cases'!A39:A1744,K48,'Inji - Web - Test Cases'!C39:C1744,"<>"&"") -> 1 | M48: =COUNTIFS('Inji - Web - Test Cases'!A40:A1741,K48,'Inji - Web - Test Cases'!C40:C1741,"<>"&"",'Inji - Web - Test Cases'!J40:J1741,"Pass") -> 1 | N48: =COUNTIFS('Inji - Web - Test Cases'!A40:A1741,K48,'Inji - Web - Test Cases'!C40:C1741,"<>"&"",'Inji - Web - Test Cases'!J40:J1741,"Fail") -> 0 | O48: =COUNTIFS('Inji - Web - Test Cases'!A40:A1741,K48,'Inji - Web - Test Cases'!C40:C1741,"<>"&"",'Inji - Web - Test Cases'!J40:J1741,"NA") -> 0
K49: =IFERROR(__xludf.DUMMYFUNCTION("""COMPUTED_VALUE"""),"INJIWEB-1370") -> INJIWEB-1370 | L49: =COUNTIFS('Inji - Web - Test Cases'!A40:A1745,K49,'Inji - Web - Test Cases'!C40:C1745,"<>"&"") -> 3 | M49: =COUNTIFS('Inji - Web - Test Cases'!A41:A1742,K49,'Inji - Web - Test Cases'!C41:C1742,"<>"&"",'Inji - Web - Test Cases'!J41:J1742,"Pass") -> 3 | N49: =COUNTIFS('Inji - Web - Test Cases'!A41:A1742,K49,'Inji - Web - Test Cases'!C41:C1742,"<>"&"",'Inji - Web - Test Cases'!J41:J1742,"Fail") -> 0 | O49: =COUNTIFS('Inji - Web - Test Cases'!A41:A1742,K49,'Inji - Web - Test Cases'!C41:C1742,"<>"&"",'Inji - Web - Test Cases'!J41:J1742,"NA") -> 0
K50: =IFERROR(__xludf.DUMMYFUNCTION("""COMPUTED_VALUE"""),"INJIWEB-1521") -> INJIWEB-1521 | L50: =COUNTIFS('Inji - Web - Test Cases'!A41:A1746,K50,'Inji - Web - Test Cases'!C41:C1746,"<>"&"") -> 1 | M50: =COUNTIFS('Inji - Web - Test Cases'!A42:A1743,K50,'Inji - Web - Test Cases'!C42:C1743,"<>"&"",'Inji - Web - Test Cases'!J42:J1743,"Pass") -> 1 | N50: =COUNTIFS('Inji - Web - Test Cases'!A42:A1743,K50,'Inji - Web - Test Cases'!C42:C1743,"<>"&"",'Inji - Web - Test Cases'!J42:J1743,"Fail") -> 0 | O50: =COUNTIFS('Inji - Web - Test Cases'!A42:A1743,K50,'Inji - Web - Test Cases'!C42:C1743,"<>"&"",'Inji - Web - Test Cases'!J42:J1743,"NA") -> 0
K51: =IFERROR(__xludf.DUMMYFUNCTION("""COMPUTED_VALUE"""),"INJIWEB-1660") -> INJIWEB-1660 | L51: =COUNTIFS('Inji - Web - Test Cases'!A42:A1747,K51,'Inji - Web - Test Cases'!C42:C1747,"<>"&"") -> 1 | M51: =COUNTIFS('Inji - Web - Test Cases'!A43:A1744,K51,'Inji - Web - Test Cases'!C43:C1744,"<>"&"",'Inji - Web - Test Cases'!J43:J1744,"Pass") -> 0 | N51: =COUNTIFS('Inji - Web - Test Cases'!A43:A1744,K51,'Inji - Web - Test Cases'!C43:C1744,"<>"&"",'Inji - Web - Test Cases'!J43:J1744,"Fail") -> 1 | O51: =COUNTIFS('Inji - Web - Test Cases'!A43:A1744,K51,'Inji - Web - Test Cases'!C43:C1744,"<>"&"",'Inji - Web - Test Cases'!J43:J1744,"NA") -> 0
K52: =IFERROR(__xludf.DUMMYFUNCTION("""COMPUTED_VALUE"""),"INJIWEB-1658") -> INJIWEB-1658 | L52: =COUNTIFS('Inji - Web - Test Cases'!A43:A1748,K52,'Inji - Web - Test Cases'!C43:C1748,"<>"&"") -> 1 | M52: =COUNTIFS('Inji - Web - Test Cases'!A44:A1745,K52,'Inji - Web - Test Cases'!C44:C1745,"<>"&"",'Inji - Web - Test Cases'!J44:J1745,"Pass") -> 0 | N52: =COUNTIFS('Inji - Web - Test Cases'!A44:A1745,K52,'Inji - Web - Test Cases'!C44:C1745,"<>"&"",'Inji - Web - Test Cases'!J44:J1745,"Fail") -> 1 | O52: =COUNTIFS('Inji - Web - Test Cases'!A44:A1745,K52,'Inji - Web - Test Cases'!C44:C1745,"<>"&"",'Inji - Web - Test Cases'!J44:J1745,"NA") -> 0
K53: =IFERROR(__xludf.DUMMYFUNCTION("""COMPUTED_VALUE"""),"INJIWEB-1647") -> INJIWEB-1647 | L53: =COUNTIFS('Inji - Web - Test Cases'!A44:A1749,K53,'Inji - Web - Test Cases'!C44:C1749,"<>"&"") -> 11 | M53: =COUNTIFS('Inji - Web - Test Cases'!A45:A1746,K53,'Inji - Web - Test Cases'!C45:C1746,"<>"&"",'Inji - Web - Test Cases'!J45:J1746,"Pass") -> 11 | N53: =COUNTIFS('Inji - Web - Test Cases'!A45:A1746,K53,'Inji - Web - Test Cases'!C45:C1746,"<>"&"",'Inji - Web - Test Cases'!J45:J1746,"Fail") -> 0 | O53: =COUNTIFS('Inji - Web - Test Cases'!A45:A1746,K53,'Inji - Web - Test Cases'!C45:C1746,"<>"&"",'Inji - Web - Test Cases'!J45:J1746,"NA") -> 0
K54: =IFERROR(__xludf.DUMMYFUNCTION("""COMPUTED_VALUE"""),"INJIWEB-1684") -> INJIWEB-1684 | L54: =COUNTIFS('Inji - Web - Test Cases'!A45:A1750,K54,'Inji - Web - Test Cases'!C45:C1750,"<>"&"") -> 13 | M54: =COUNTIFS('Inji - Web - Test Cases'!A46:A1747,K54,'Inji - Web - Test Cases'!C46:C1747,"<>"&"",'Inji - Web - Test Cases'!J46:J1747,"Pass") -> 13 | N54: =COUNTIFS('Inji - Web - Test Cases'!A46:A1747,K54,'Inji - Web - Test Cases'!C46:C1747,"<>"&"",'Inji - Web - Test Cases'!J46:J1747,"Fail") -> 0 | O54: =COUNTIFS('Inji - Web - Test Cases'!A46:A1747,K54,'Inji - Web - Test Cases'!C46:C1747,"<>"&"",'Inji - Web - Test Cases'!J46:J1747,"NA") -> 0
K55: =IFERROR(__xludf.DUMMYFUNCTION("""COMPUTED_VALUE"""),"INJIWEB-1699") -> INJIWEB-1699 | L55: =COUNTIFS('Inji - Web - Test Cases'!A46:A1751,K55,'Inji - Web - Test Cases'!C46:C1751,"<>"&"") -> 12 | M55: =COUNTIFS('Inji - Web - Test Cases'!A47:A1748,K55,'Inji - Web - Test Cases'!C47:C1748,"<>"&"",'Inji - Web - Test Cases'!J47:J1748,"Pass") -> 12 | N55: =COUNTIFS('Inji - Web - Test Cases'!A47:A1748,K55,'Inji - Web - Test Cases'!C47:C1748,"<>"&"",'Inji - Web - Test Cases'!J47:J1748,"Fail") -> 0 | O55: =COUNTIFS('Inji - Web - Test Cases'!A47:A1748,K55,'Inji - Web - Test Cases'!C47:C1748,"<>"&"",'Inji - Web - Test Cases'!J47:J1748,"NA") -> 0
K56: =IFERROR(__xludf.DUMMYFUNCTION("""COMPUTED_VALUE"""),"INJIWEB-1654") -> INJIWEB-1654 | L56: =COUNTIFS('Inji - Web - Test Cases'!A47:A1752,K56,'Inji - Web - Test Cases'!C47:C1752,"<>"&"") -> 18 | M56: =COUNTIFS('Inji - Web - Test Cases'!A48:A1749,K56,'Inji - Web - Test Cases'!C48:C1749,"<>"&"",'Inji - Web - Test Cases'!J48:J1749,"Pass") -> 18 | N56: =COUNTIFS('Inji - Web - Test Cases'!A48:A1749,K56,'Inji - Web - Test Cases'!C48:C1749,"<>"&"",'Inji - Web - Test Cases'!J48:J1749,"Fail") -> 0 | O56: =COUNTIFS('Inji - Web - Test Cases'!A48:A1749,K56,'Inji - Web - Test Cases'!C48:C1749,"<>"&"",'Inji - Web - Test Cases'!J48:J1749,"NA") -> 0
K57: =IFERROR(__xludf.DUMMYFUNCTION("""COMPUTED_VALUE"""),"INJIWEB-1642") -> INJIWEB-1642 | L57: =COUNTIFS('Inji - Web - Test Cases'!A48:A1753,K57,'Inji - Web - Test Cases'!C48:C1753,"<>"&"") -> 14 | M57: =COUNTIFS('Inji - Web - Test Cases'!A49:A1750,K57,'Inji - Web - Test Cases'!C49:C1750,"<>"&"",'Inji - Web - Test Cases'!J49:J1750,"Pass") -> 14 | N57: =COUNTIFS('Inji - Web - Test Cases'!A49:A1750,K57,'Inji - Web - Test Cases'!C49:C1750,"<>"&"",'Inji - Web - Test Cases'!J49:J1750,"Fail") -> 0 | O57: =COUNTIFS('Inji - Web - Test Cases'!A49:A1750,K57,'Inji - Web - Test Cases'!C49:C1750,"<>"&"",'Inji - Web - Test Cases'!J49:J1750,"NA") -> 0
K58: =IFERROR(__xludf.DUMMYFUNCTION("""COMPUTED_VALUE"""),"INJIWEB-1665") -> INJIWEB-1665 | L58: =COUNTIFS('Inji - Web - Test Cases'!A49:A1754,K58,'Inji - Web - Test Cases'!C49:C1754,"<>"&"") -> 13 | M58: =COUNTIFS('Inji - Web - Test Cases'!A50:A1751,K58,'Inji - Web - Test Cases'!C50:C1751,"<>"&"",'Inji - Web - Test Cases'!J50:J1751,"Pass") -> 13 | N58: =COUNTIFS('Inji - Web - Test Cases'!A50:A1751,K58,'Inji - Web - Test Cases'!C50:C1751,"<>"&"",'Inji - Web - Test Cases'!J50:J1751,"Fail") -> 0 | O58: =COUNTIFS('Inji - Web - Test Cases'!A50:A1751,K58,'Inji - Web - Test Cases'!C50:C1751,"<>"&"",'Inji - Web - Test Cases'!J50:J1751,"NA") -> 0
K59: =IFERROR(__xludf.DUMMYFUNCTION("""COMPUTED_VALUE"""),"INJIWEB-1708") -> INJIWEB-1708 | L59: =COUNTIFS('Inji - Web - Test Cases'!A50:A1755,K59,'Inji - Web - Test Cases'!C50:C1755,"<>"&"") -> 13 | M59: =COUNTIFS('Inji - Web - Test Cases'!A51:A1752,K59,'Inji - Web - Test Cases'!C51:C1752,"<>"&"",'Inji - Web - Test Cases'!J51:J1752,"Pass") -> 13 | N59: =COUNTIFS('Inji - Web - Test Cases'!A51:A1752,K59,'Inji - Web - Test Cases'!C51:C1752,"<>"&"",'Inji - Web - Test Cases'!J51:J1752,"Fail") -> 0 | O59: =COUNTIFS('Inji - Web - Test Cases'!A51:A1752,K59,'Inji - Web - Test Cases'!C51:C1752,"<>"&"",'Inji - Web - Test Cases'!J51:J1752,"NA") -> 0
K60: =IFERROR(__xludf.DUMMYFUNCTION("""COMPUTED_VALUE"""),"INJIWEB-1627") -> INJIWEB-1627 | L60: =COUNTIFS('Inji - Web - Test Cases'!A51:A1756,K60,'Inji - Web - Test Cases'!C51:C1756,"<>"&"") -> 31 | M60: =COUNTIFS('Inji - Web - Test Cases'!A52:A1753,K60,'Inji - Web - Test Cases'!C52:C1753,"<>"&"",'Inji - Web - Test Cases'!J52:J1753,"Pass") -> 30 | N60: =COUNTIFS('Inji - Web - Test Cases'!A52:A1753,K60,'Inji - Web - Test Cases'!C52:C1753,"<>"&"",'Inji - Web - Test Cases'!J52:J1753,"Fail") -> 1 | O60: =COUNTIFS('Inji - Web - Test Cases'!A52:A1753,K60,'Inji - Web - Test Cases'!C52:C1753,"<>"&"",'Inji - Web - Test Cases'!J52:J1753,"NA") -> 0
K61: =IFERROR(__xludf.DUMMYFUNCTION("""COMPUTED_VALUE"""),"INJIWEB-1680") -> INJIWEB-1680 | L61: =COUNTIFS('Inji - Web - Test Cases'!A52:A1757,K61,'Inji - Web - Test Cases'!C52:C1757,"<>"&"") -> 1 | M61: =COUNTIFS('Inji - Web - Test Cases'!A53:A1754,K61,'Inji - Web - Test Cases'!C53:C1754,"<>"&"",'Inji - Web - Test Cases'!J53:J1754,"Pass") -> 0 | N61: =COUNTIFS('Inji - Web - Test Cases'!A53:A1754,K61,'Inji - Web - Test Cases'!C53:C1754,"<>"&"",'Inji - Web - Test Cases'!J53:J1754,"Fail") -> 1 | O61: =COUNTIFS('Inji - Web - Test Cases'!A53:A1754,K61,'Inji - Web - Test Cases'!C53:C1754,"<>"&"",'Inji - Web - Test Cases'!J53:J1754,"NA") -> 0
K62: =IFERROR(__xludf.DUMMYFUNCTION("""COMPUTED_VALUE"""),"INJIWEB-1678") -> INJIWEB-1678 | L62: =COUNTIFS('Inji - Web - Test Cases'!A53:A1758,K62,'Inji - Web - Test Cases'!C53:C1758,"<>"&"") -> 2 | M62: =COUNTIFS('Inji - Web - Test Cases'!A54:A1755,K62,'Inji - Web - Test Cases'!C54:C1755,"<>"&"",'Inji - Web - Test Cases'!J54:J1755,"Pass") -> 0 | N62: =COUNTIFS('Inji - Web - Test Cases'!A54:A1755,K62,'Inji - Web - Test Cases'!C54:C1755,"<>"&"",'Inji - Web - Test Cases'!J54:J1755,"Fail") -> 2 | O62: =COUNTIFS('Inji - Web - Test Cases'!A54:A1755,K62,'Inji - Web - Test Cases'!C54:C1755,"<>"&"",'Inji - Web - Test Cases'!J54:J1755,"NA") -> 0
K63: =IFERROR(__xludf.DUMMYFUNCTION("""COMPUTED_VALUE"""),"INJIWEB-1679") -> INJIWEB-1679 | L63: =COUNTIFS('Inji - Web - Test Cases'!A54:A1759,K63,'Inji - Web - Test Cases'!C54:C1759,"<>"&"") -> 1 | M63: =COUNTIFS('Inji - Web - Test Cases'!A55:A1756,K63,'Inji - Web - Test Cases'!C55:C1756,"<>"&"",'Inji - Web - Test Cases'!J55:J1756,"Pass") -> 0 | N63: =COUNTIFS('Inji - Web - Test Cases'!A55:A1756,K63,'Inji - Web - Test Cases'!C55:C1756,"<>"&"",'Inji - Web - Test Cases'!J55:J1756,"Fail") -> 1 | O63: =COUNTIFS('Inji - Web - Test Cases'!A55:A1756,K63,'Inji - Web - Test Cases'!C55:C1756,"<>"&"",'Inji - Web - Test Cases'!J55:J1756,"NA") -> 0
K64: =IFERROR(__xludf.DUMMYFUNCTION("""COMPUTED_VALUE"""),"INJIWEB-1681") -> INJIWEB-1681 | L64: =COUNTIFS('Inji - Web - Test Cases'!A55:A1760,K64,'Inji - Web - Test Cases'!C55:C1760,"<>"&"") -> 1 | M64: =COUNTIFS('Inji - Web - Test Cases'!A56:A1757,K64,'Inji - Web - Test Cases'!C56:C1757,"<>"&"",'Inji - Web - Test Cases'!J56:J1757,"Pass") -> 0 | N64: =COUNTIFS('Inji - Web - Test Cases'!A56:A1757,K64,'Inji - Web - Test Cases'!C56:C1757,"<>"&"",'Inji - Web - Test Cases'!J56:J1757,"Fail") -> 1 | O64: =COUNTIFS('Inji - Web - Test Cases'!A56:A1757,K64,'Inji - Web - Test Cases'!C56:C1757,"<>"&"",'Inji - Web - Test Cases'!J56:J1757,"NA") -> 0
K65: =IFERROR(__xludf.DUMMYFUNCTION("""COMPUTED_VALUE"""),"INJIWEB-1682") -> INJIWEB-1682 | L65: =COUNTIFS('Inji - Web - Test Cases'!A56:A1761,K65,'Inji - Web - Test Cases'!C56:C1761,"<>"&"") -> 1 | M65: =COUNTIFS('Inji - Web - Test Cases'!A57:A1758,K65,'Inji - Web - Test Cases'!C57:C1758,"<>"&"",'Inji - Web - Test Cases'!J57:J1758,"Pass") -> 0 | N65: =COUNTIFS('Inji - Web - Test Cases'!A57:A1758,K65,'Inji - Web - Test Cases'!C57:C1758,"<>"&"",'Inji - Web - Test Cases'!J57:J1758,"Fail") -> 1 | O65: =COUNTIFS('Inji - Web - Test Cases'!A57:A1758,K65,'Inji - Web - Test Cases'!C57:C1758,"<>"&"",'Inji - Web - Test Cases'!J57:J1758,"NA") -> 0
K66: =IFERROR(__xludf.DUMMYFUNCTION("""COMPUTED_VALUE"""),"INJIWEB-1677") -> INJIWEB-1677 | L66: =COUNTIFS('Inji - Web - Test Cases'!A57:A1762,K66,'Inji - Web - Test Cases'!C57:C1762,"<>"&"") -> 2 | M66: =COUNTIFS('Inji - Web - Test Cases'!A58:A1759,K66,'Inji - Web - Test Cases'!C58:C1759,"<>"&"",'Inji - Web - Test Cases'!J58:J1759,"Pass") -> 0 | N66: =COUNTIFS('Inji - Web - Test Cases'!A58:A1759,K66,'Inji - Web - Test Cases'!C58:C1759,"<>"&"",'Inji - Web - Test Cases'!J58:J1759,"Fail") -> 2 | O66: =COUNTIFS('Inji - Web - Test Cases'!A58:A1759,K66,'Inji - Web - Test Cases'!C58:C1759,"<>"&"",'Inji - Web - Test Cases'!J58:J1759,"NA") -> 0
K67: =IFERROR(__xludf.DUMMYFUNCTION("""COMPUTED_VALUE"""),"INJIWEB-1652") -> INJIWEB-1652 | L67: =COUNTIFS('Inji - Web - Test Cases'!A58:A1763,K67,'Inji - Web - Test Cases'!C58:C1763,"<>"&"") -> 1 | M67: =COUNTIFS('Inji - Web - Test Cases'!A59:A1760,K67,'Inji - Web - Test Cases'!C59:C1760,"<>"&"",'Inji - Web - Test Cases'!J59:J1760,"Pass") -> 1 | N67: =COUNTIFS('Inji - Web - Test Cases'!A59:A1760,K67,'Inji - Web - Test Cases'!C59:C1760,"<>"&"",'Inji - Web - Test Cases'!J59:J1760,"Fail") -> 0 | O67: =COUNTIFS('Inji - Web - Test Cases'!A59:A1760,K67,'Inji - Web - Test Cases'!C59:C1760,"<>"&"",'Inji - Web - Test Cases'!J59:J1760,"NA") -> 0
K68: =IFERROR(__xludf.DUMMYFUNCTION("""COMPUTED_VALUE"""),"INJIWEB-1656") -> INJIWEB-1656 | L68: =COUNTIFS('Inji - Web - Test Cases'!A59:A1764,K68,'Inji - Web - Test Cases'!C59:C1764,"<>"&"") -> 1 | M68: =COUNTIFS('Inji - Web - Test Cases'!A59:A1761,K68,'Inji - Web - Test Cases'!C59:C1761,"<>"&"",'Inji - Web - Test Cases'!J59:J1761,"Pass") -> 1 | N68: =COUNTIFS('Inji - Web - Test Cases'!A59:A1761,K68,'Inji - Web - Test Cases'!C59:C1761,"<>"&"",'Inji - Web - Test Cases'!J59:J1761,"Fail") -> 0 | O68: =COUNTIFS('Inji - Web - Test Cases'!A59:A1761,K68,'Inji - Web - Test Cases'!C59:C1761,"<>"&"",'Inji - Web - Test Cases'!J59:J1761,"NA") -> 0
K69: =IFERROR(__xludf.DUMMYFUNCTION("""COMPUTED_VALUE"""),"INJIWEB-1657") -> INJIWEB-1657 | L69: =COUNTIFS('Inji - Web - Test Cases'!A59:A1765,K69,'Inji - Web - Test Cases'!C59:C1765,"<>"&"") -> 1 | M69: =COUNTIFS('Inji - Web - Test Cases'!A60:A1762,K69,'Inji - Web - Test Cases'!C60:C1762,"<>"&"",'Inji - Web - Test Cases'!J60:J1762,"Pass") -> 0 | N69: =COUNTIFS('Inji - Web - Test Cases'!A60:A1762,K69,'Inji - Web - Test Cases'!C60:C1762,"<>"&"",'Inji - Web - Test Cases'!J60:J1762,"Fail") -> 1 | O69: =COUNTIFS('Inji - Web - Test Cases'!A60:A1762,K69,'Inji - Web - Test Cases'!C60:C1762,"<>"&"",'Inji - Web - Test Cases'!J60:J1762,"NA") -> 0
K70: =IFERROR(__xludf.DUMMYFUNCTION("""COMPUTED_VALUE"""),"INJIWEB-1575") -> INJIWEB-1575 | L70: =COUNTIFS('Inji - Web - Test Cases'!A60:A1766,K70,'Inji - Web - Test Cases'!C60:C1766,"<>"&"") -> 1 | M70: =COUNTIFS('Inji - Web - Test Cases'!A61:A1763,K70,'Inji - Web - Test Cases'!C61:C1763,"<>"&"",'Inji - Web - Test Cases'!J61:J1763,"Pass") -> 1 | N70: =COUNTIFS('Inji - Web - Test Cases'!A61:A1763,K70,'Inji - Web - Test Cases'!C61:C1763,"<>"&"",'Inji - Web - Test Cases'!J61:J1763,"Fail") -> 0 | O70: =COUNTIFS('Inji - Web - Test Cases'!A61:A1763,K70,'Inji - Web - Test Cases'!C61:C1763,"<>"&"",'Inji - Web - Test Cases'!J61:J1763,"NA") -> 0
K71: =IFERROR(__xludf.DUMMYFUNCTION("""COMPUTED_VALUE"""),"INJIWEB-1672") -> INJIWEB-1672 | L71: =COUNTIFS('Inji - Web - Test Cases'!A61:A1767,K71,'Inji - Web - Test Cases'!C61:C1767,"<>"&"") -> 1 | M71: =COUNTIFS('Inji - Web - Test Cases'!A62:A1764,K71,'Inji - Web - Test Cases'!C62:C1764,"<>"&"",'Inji - Web - Test Cases'!J62:J1764,"Pass") -> 0 | N71: =COUNTIFS('Inji - Web - Test Cases'!A62:A1764,K71,'Inji - Web - Test Cases'!C62:C1764,"<>"&"",'Inji - Web - Test Cases'!J62:J1764,"Fail") -> 1 | O71: =COUNTIFS('Inji - Web - Test Cases'!A62:A1764,K71,'Inji - Web - Test Cases'!C62:C1764,"<>"&"",'Inji - Web - Test Cases'!J62:J1764,"NA") -> 0
K72: =IFERROR(__xludf.DUMMYFUNCTION("""COMPUTED_VALUE"""),"INJIWEB-1719") -> INJIWEB-1719 | L72: =COUNTIFS('Inji - Web - Test Cases'!A62:A1768,K72,'Inji - Web - Test Cases'!C62:C1768,"<>"&"") -> 1 | M72: =COUNTIFS('Inji - Web - Test Cases'!A62:A1765,K72,'Inji - Web - Test Cases'!C62:C1765,"<>"&"",'Inji - Web - Test Cases'!J62:J1765,"Pass") -> 1 | N72: =COUNTIFS('Inji - Web - Test Cases'!A62:A1765,K72,'Inji - Web - Test Cases'!C62:C1765,"<>"&"",'Inji - Web - Test Cases'!J62:J1765,"Fail") -> 0 | O72: =COUNTIFS('Inji - Web - Test Cases'!A62:A1765,K72,'Inji - Web - Test Cases'!C62:C1765,"<>"&"",'Inji - Web - Test Cases'!J62:J1765,"NA") -> 0
K73: =IFERROR(__xludf.DUMMYFUNCTION("""COMPUTED_VALUE"""),"INJIWEB-1166") -> INJIWEB-1166 | L73: =COUNTIFS('Inji - Web - Test Cases'!A62:A1769,K73,'Inji - Web - Test Cases'!C62:C1769,"<>"&"") -> 1 | M73: =COUNTIFS('Inji - Web - Test Cases'!A62:A1766,K73,'Inji - Web - Test Cases'!C62:C1766,"<>"&"",'Inji - Web - Test Cases'!J62:J1766,"Pass") -> 0 | N73: =COUNTIFS('Inji - Web - Test Cases'!A62:A1766,K73,'Inji - Web - Test Cases'!C62:C1766,"<>"&"",'Inji - Web - Test Cases'!J62:J1766,"Fail") -> 1 | O73: =COUNTIFS('Inji - Web - Test Cases'!A62:A1766,K73,'Inji - Web - Test Cases'!C62:C1766,"<>"&"",'Inji - Web - Test Cases'!J62:J1766,"NA") -> 0
K74: =IFERROR(__xludf.DUMMYFUNCTION("""COMPUTED_VALUE"""),"INJIWEB-823") -> INJIWEB-823 | L74: =COUNTIFS('Inji - Web - Test Cases'!A62:A1770,K74,'Inji - Web - Test Cases'!C62:C1770,"<>"&"") -> 1 | M74: =COUNTIFS('Inji - Web - Test Cases'!A62:A1767,K74,'Inji - Web - Test Cases'!C62:C1767,"<>"&"",'Inji - Web - Test Cases'!J62:J1767,"Pass") -> 0 | N74: =COUNTIFS('Inji - Web - Test Cases'!A62:A1767,K74,'Inji - Web - Test Cases'!C62:C1767,"<>"&"",'Inji - Web - Test Cases'!J62:J1767,"Fail") -> 1 | O74: =COUNTIFS('Inji - Web - Test Cases'!A62:A1767,K74,'Inji - Web - Test Cases'!C62:C1767,"<>"&"",'Inji - Web - Test Cases'!J62:J1767,"NA") -> 0
K75: =IFERROR(__xludf.DUMMYFUNCTION("""COMPUTED_VALUE"""),"INJIWEB-824") -> INJIWEB-824 | L75: =COUNTIFS('Inji - Web - Test Cases'!A62:A1771,K75,'Inji - Web - Test Cases'!C62:C1771,"<>"&"") -> 1 | M75: =COUNTIFS('Inji - Web - Test Cases'!A63:A1768,K75,'Inji - Web - Test Cases'!C63:C1768,"<>"&"",'Inji - Web - Test Cases'!J63:J1768,"Pass") -> 1 | N75: =COUNTIFS('Inji - Web - Test Cases'!A63:A1768,K75,'Inji - Web - Test Cases'!C63:C1768,"<>"&"",'Inji - Web - Test Cases'!J63:J1768,"Fail") -> 0 | O75: =COUNTIFS('Inji - Web - Test Cases'!A63:A1768,K75,'Inji - Web - Test Cases'!C63:C1768,"<>"&"",'Inji - Web - Test Cases'!J63:J1768,"NA") -> 0
K76: =IFERROR(__xludf.DUMMYFUNCTION("""COMPUTED_VALUE"""),"INJIWEB-1632") -> INJIWEB-1632 | L76: =COUNTIFS('Inji - Web - Test Cases'!A63:A1772,K76,'Inji - Web - Test Cases'!C63:C1772,"<>"&"") -> 1 | M76: =COUNTIFS('Inji - Web - Test Cases'!A64:A1769,K76,'Inji - Web - Test Cases'!C64:C1769,"<>"&"",'Inji - Web - Test Cases'!J64:J1769,"Pass") -> 0 | N76: =COUNTIFS('Inji - Web - Test Cases'!A64:A1769,K76,'Inji - Web - Test Cases'!C64:C1769,"<>"&"",'Inji - Web - Test Cases'!J64:J1769,"Fail") -> 1 | O76: =COUNTIFS('Inji - Web - Test Cases'!A64:A1769,K76,'Inji - Web - Test Cases'!C64:C1769,"<>"&"",'Inji - Web - Test Cases'!J64:J1769,"NA") -> 0
K77: =IFERROR(__xludf.DUMMYFUNCTION("""COMPUTED_VALUE"""),"INJIWEB-1165") -> INJIWEB-1165 | L77: =COUNTIFS('Inji - Web - Test Cases'!A64:A1773,K77,'Inji - Web - Test Cases'!C64:C1773,"<>"&"") -> 1 | M77: =COUNTIFS('Inji - Web - Test Cases'!A65:A1770,K77,'Inji - Web - Test Cases'!C65:C1770,"<>"&"",'Inji - Web - Test Cases'!J65:J1770,"Pass") -> 0 | N77: =COUNTIFS('Inji - Web - Test Cases'!A65:A1770,K77,'Inji - Web - Test Cases'!C65:C1770,"<>"&"",'Inji - Web - Test Cases'!J65:J1770,"Fail") -> 1 | O77: =COUNTIFS('Inji - Web - Test Cases'!A65:A1770,K77,'Inji - Web - Test Cases'!C65:C1770,"<>"&"",'Inji - Web - Test Cases'!J65:J1770,"NA") -> 0
K78: =IFERROR(__xludf.DUMMYFUNCTION("""COMPUTED_VALUE"""),"NJIWEB-1201") -> NJIWEB-1201 | L78: =COUNTIFS('Inji - Web - Test Cases'!A65:A1774,K78,'Inji - Web - Test Cases'!C65:C1774,"<>"&"") -> 1 | M78: =COUNTIFS('Inji - Web - Test Cases'!A66:A1771,K78,'Inji - Web - Test Cases'!C66:C1771,"<>"&"",'Inji - Web - Test Cases'!J66:J1771,"Pass") -> 1 | N78: =COUNTIFS('Inji - Web - Test Cases'!A66:A1771,K78,'Inji - Web - Test Cases'!C66:C1771,"<>"&"",'Inji - Web - Test Cases'!J66:J1771,"Fail") -> 0 | O78: =COUNTIFS('Inji - Web - Test Cases'!A66:A1771,K78,'Inji - Web - Test Cases'!C66:C1771,"<>"&"",'Inji - Web - Test Cases'!J66:J1771,"NA") -> 0
K79: =IFERROR(__xludf.DUMMYFUNCTION("""COMPUTED_VALUE"""),"INJIWEB-1500") -> INJIWEB-1500 | L79: =COUNTIFS('Inji - Web - Test Cases'!A66:A1775,K79,'Inji - Web - Test Cases'!C66:C1775,"<>"&"") -> 1 | M79: =COUNTIFS('Inji - Web - Test Cases'!A67:A1772,K79,'Inji - Web - Test Cases'!C67:C1772,"<>"&"",'Inji - Web - Test Cases'!J67:J1772,"Pass") -> 1 | N79: =COUNTIFS('Inji - Web - Test Cases'!A67:A1772,K79,'Inji - Web - Test Cases'!C67:C1772,"<>"&"",'Inji - Web - Test Cases'!J67:J1772,"Fail") -> 0 | O79: =COUNTIFS('Inji - Web - Test Cases'!A67:A1772,K79,'Inji - Web - Test Cases'!C67:C1772,"<>"&"",'Inji - Web - Test Cases'!J67:J1772,"NA") -> 0
K80: =IFERROR(__xludf.DUMMYFUNCTION("""COMPUTED_VALUE"""),"INJIWEB-1673") -> INJIWEB-1673 | L80: =COUNTIFS('Inji - Web - Test Cases'!A67:A1776,K80,'Inji - Web - Test Cases'!C67:C1776,"<>"&"") -> 14 | M80: =COUNTIFS('Inji - Web - Test Cases'!A68:A1773,K80,'Inji - Web - Test Cases'!C68:C1773,"<>"&"",'Inji - Web - Test Cases'!J68:J1773,"Pass") -> 14 | N80: =COUNTIFS('Inji - Web - Test Cases'!A68:A1773,K80,'Inji - Web - Test Cases'!C68:C1773,"<>"&"",'Inji - Web - Test Cases'!J68:J1773,"Fail") -> 0 | O80: =COUNTIFS('Inji - Web - Test Cases'!A68:A1773,K80,'Inji - Web - Test Cases'!C68:C1773,"<>"&"",'Inji - Web - Test Cases'!J68:J1773,"NA") -> 0
K81: =IFERROR(__xludf.DUMMYFUNCTION("""COMPUTED_VALUE"""),"INJIWEB-1726") -> INJIWEB-1726 | L81: =COUNTIFS('Inji - Web - Test Cases'!A68:A1777,K81,'Inji - Web - Test Cases'!C68:C1777,"<>"&"") -> 60 | M81: =COUNTIFS('Inji - Web - Test Cases'!A69:A1774,K81,'Inji - Web - Test Cases'!C69:C1774,"<>"&"",'Inji - Web - Test Cases'!J69:J1774,"Pass") -> 60 | N81: =COUNTIFS('Inji - Web - Test Cases'!A69:A1774,K81,'Inji - Web - Test Cases'!C69:C1774,"<>"&"",'Inji - Web - Test Cases'!J69:J1774,"Fail") -> 0 | O81: =COUNTIFS('Inji - Web - Test Cases'!A69:A1774,K81,'Inji - Web - Test Cases'!C69:C1774,"<>"&"",'Inji - Web - Test Cases'!J69:J1774,"NA") -> 0
K82: =IFERROR(__xludf.DUMMYFUNCTION("""COMPUTED_VALUE"""),"INJIWEB-1715") -> INJIWEB-1715 | L82: =COUNTIFS('Inji - Web - Test Cases'!A69:A1778,K82,'Inji - Web - Test Cases'!C69:C1778,"<>"&"") -> 21 | M82: =COUNTIFS('Inji - Web - Test Cases'!A70:A1775,K82,'Inji - Web - Test Cases'!C70:C1775,"<>"&"",'Inji - Web - Test Cases'!J70:J1775,"Pass") -> 19 | N82: =COUNTIFS('Inji - Web - Test Cases'!A70:A1775,K82,'Inji - Web - Test Cases'!C70:C1775,"<>"&"",'Inji - Web - Test Cases'!J70:J1775,"Fail") -> 2 | O82: =COUNTIFS('Inji - Web - Test Cases'!A70:A1775,K82,'Inji - Web - Test Cases'!C70:C1775,"<>"&"",'Inji - Web - Test Cases'!J70:J1775,"NA") -> 0
K83: =IFERROR(__xludf.DUMMYFUNCTION("""COMPUTED_VALUE"""),"INJIWEB-1714") -> INJIWEB-1714 | L83: =COUNTIFS('Inji - Web - Test Cases'!A70:A1779,K83,'Inji - Web - Test Cases'!C70:C1779,"<>"&"") -> 28 | M83: =COUNTIFS('Inji - Web - Test Cases'!A71:A1776,K83,'Inji - Web - Test Cases'!C71:C1776,"<>"&"",'Inji - Web - Test Cases'!J71:J1776,"Pass") -> 28 | N83: =COUNTIFS('Inji - Web - Test Cases'!A71:A1776,K83,'Inji - Web - Test Cases'!C71:C1776,"<>"&"",'Inji - Web - Test Cases'!J71:J1776,"Fail") -> 0 | O83: =COUNTIFS('Inji - Web - Test Cases'!A71:A1776,K83,'Inji - Web - Test Cases'!C71:C1776,"<>"&"",'Inji - Web - Test Cases'!J71:J1776,"NA") -> 0
K84: =IFERROR(__xludf.DUMMYFUNCTION("""COMPUTED_VALUE"""),"INJIWEB-1717") -> INJIWEB-1717 | L84: =COUNTIFS('Inji - Web - Test Cases'!A71:A1780,K84,'Inji - Web - Test Cases'!C71:C1780,"<>"&"") -> 26 | M84: =COUNTIFS('Inji - Web - Test Cases'!A72:A1777,K84,'Inji - Web - Test Cases'!C72:C1777,"<>"&"",'Inji - Web - Test Cases'!J72:J1777,"Pass") -> 25 | N84: =COUNTIFS('Inji - Web - Test Cases'!A72:A1777,K84,'Inji - Web - Test Cases'!C72:C1777,"<>"&"",'Inji - Web - Test Cases'!J72:J1777,"Fail") -> 1 | O84: =COUNTIFS('Inji - Web - Test Cases'!A72:A1777,K84,'Inji - Web - Test Cases'!C72:C1777,"<>"&"",'Inji - Web - Test Cases'!J72:J1777,"NA") -> 0
K85: =IFERROR(__xludf.DUMMYFUNCTION("""COMPUTED_VALUE"""),"INJIWEB-1735") -> INJIWEB-1735 | L85: =COUNTIFS('Inji - Web - Test Cases'!A72:A1781,K85,'Inji - Web - Test Cases'!C72:C1781,"<>"&"") -> 19 | M85: =COUNTIFS('Inji - Web - Test Cases'!A73:A1778,K85,'Inji - Web - Test Cases'!C73:C1778,"<>"&"",'Inji - Web - Test Cases'!J73:J1778,"Pass") -> 19 | N85: =COUNTIFS('Inji - Web - Test Cases'!A73:A1778,K85,'Inji - Web - Test Cases'!C73:C1778,"<>"&"",'Inji - Web - Test Cases'!J73:J1778,"Fail") -> 0 | O85: =COUNTIFS('Inji - Web - Test Cases'!A73:A1778,K85,'Inji - Web - Test Cases'!C73:C1778,"<>"&"",'Inji - Web - Test Cases'!J73:J1778,"NA") -> 0
K86: =IFERROR(__xludf.DUMMYFUNCTION("""COMPUTED_VALUE"""),"INJIWEB-1762") -> INJIWEB-1762 | L86: =COUNTIFS('Inji - Web - Test Cases'!A73:A1782,K86,'Inji - Web - Test Cases'!C73:C1782,"<>"&"") -> 1 | M86: =COUNTIFS('Inji - Web - Test Cases'!A74:A1779,K86,'Inji - Web - Test Cases'!C74:C1779,"<>"&"",'Inji - Web - Test Cases'!J74:J1779,"Pass") -> 1 | N86: =COUNTIFS('Inji - Web - Test Cases'!A74:A1779,K86,'Inji - Web - Test Cases'!C74:C1779,"<>"&"",'Inji - Web - Test Cases'!J74:J1779,"Fail") -> 0 | O86: =COUNTIFS('Inji - Web - Test Cases'!A74:A1779,K86,'Inji - Web - Test Cases'!C74:C1779,"<>"&"",'Inji - Web - Test Cases'!J74:J1779,"NA") -> 0
K87: =IFERROR(__xludf.DUMMYFUNCTION("""COMPUTED_VALUE"""),"INJIWEB-1767") -> INJIWEB-1767 | L87: =COUNTIFS('Inji - Web - Test Cases'!A74:A1783,K87,'Inji - Web - Test Cases'!C74:C1783,"<>"&"") -> 1 | M87: =COUNTIFS('Inji - Web - Test Cases'!A75:A1780,K87,'Inji - Web - Test Cases'!C75:C1780,"<>"&"",'Inji - Web - Test Cases'!J75:J1780,"Pass") -> 0 | N87: =COUNTIFS('Inji - Web - Test Cases'!A75:A1780,K87,'Inji - Web - Test Cases'!C75:C1780,"<>"&"",'Inji - Web - Test Cases'!J75:J1780,"Fail") -> 1 | O87: =COUNTIFS('Inji - Web - Test Cases'!A75:A1780,K87,'Inji - Web - Test Cases'!C75:C1780,"<>"&"",'Inji - Web - Test Cases'!J75:J1780,"NA") -> 0
K88: =IFERROR(__xludf.DUMMYFUNCTION("""COMPUTED_VALUE"""),"INJIWEB-1782") -> INJIWEB-1782 | L88: =COUNTIFS('Inji - Web - Test Cases'!A75:A1784,K88,'Inji - Web - Test Cases'!C75:C1784,"<>"&"") -> 1 | M88: =COUNTIFS('Inji - Web - Test Cases'!A76:A1781,K88,'Inji - Web - Test Cases'!C76:C1781,"<>"&"",'Inji - Web - Test Cases'!J76:J1781,"Pass") -> 0 | N88: =COUNTIFS('Inji - Web - Test Cases'!A76:A1781,K88,'Inji - Web - Test Cases'!C76:C1781,"<>"&"",'Inji - Web - Test Cases'!J76:J1781,"Fail") -> 1 | O88: =COUNTIFS('Inji - Web - Test Cases'!A76:A1781,K88,'Inji - Web - Test Cases'!C76:C1781,"<>"&"",'Inji - Web - Test Cases'!J76:J1781,"NA") -> 0
K89: =IFERROR(__xludf.DUMMYFUNCTION("""COMPUTED_VALUE"""),"INJIWEB-1747") -> INJIWEB-1747 | L89: =COUNTIFS('Inji - Web - Test Cases'!A76:A1785,K89,'Inji - Web - Test Cases'!C76:C1785,"<>"&"") -> 8 | M89: =COUNTIFS('Inji - Web - Test Cases'!A77:A1782,K89,'Inji - Web - Test Cases'!C77:C1782,"<>"&"",'Inji - Web - Test Cases'!J77:J1782,"Pass") -> 8 | N89: =COUNTIFS('Inji - Web - Test Cases'!A77:A1782,K89,'Inji - Web - Test Cases'!C77:C1782,"<>"&"",'Inji - Web - Test Cases'!J77:J1782,"Fail") -> 0 | O89: =COUNTIFS('Inji - Web - Test Cases'!A77:A1782,K89,'Inji - Web - Test Cases'!C77:C1782,"<>"&"",'Inji - Web - Test Cases'!J77:J1782,"NA") -> 0
K90: =IFERROR(__xludf.DUMMYFUNCTION("""COMPUTED_VALUE"""),"INJIWEB-1792") -> INJIWEB-1792 | L90: =COUNTIFS('Inji - Web - Test Cases'!A77:A1786,K90,'Inji - Web - Test Cases'!C77:C1786,"<>"&"") -> 1 | M90: =COUNTIFS('Inji - Web - Test Cases'!A78:A1783,K90,'Inji - Web - Test Cases'!C78:C1783,"<>"&"",'Inji - Web - Test Cases'!J78:J1783,"Pass") -> 0 | N90: =COUNTIFS('Inji - Web - Test Cases'!A78:A1783,K90,'Inji - Web - Test Cases'!C78:C1783,"<>"&"",'Inji - Web - Test Cases'!J78:J1783,"Fail") -> 1 | O90: =COUNTIFS('Inji - Web - Test Cases'!A78:A1783,K90,'Inji - Web - Test Cases'!C78:C1783,"<>"&"",'Inji - Web - Test Cases'!J78:J1783,"NA") -> 0
K91: =IFERROR(__xludf.DUMMYFUNCTION("""COMPUTED_VALUE"""),"INJIWEB-1748") -> INJIWEB-1748 | L91: =COUNTIFS('Inji - Web - Test Cases'!A78:A1787,K91,'Inji - Web - Test Cases'!C78:C1787,"<>"&"") -> 1 | M91: =COUNTIFS('Inji - Web - Test Cases'!A79:A1784,K91,'Inji - Web - Test Cases'!C79:C1784,"<>"&"",'Inji - Web - Test Cases'!J79:J1784,"Pass") -> 1 | N91: =COUNTIFS('Inji - Web - Test Cases'!A79:A1784,K91,'Inji - Web - Test Cases'!C79:C1784,"<>"&"",'Inji - Web - Test Cases'!J79:J1784,"Fail") -> 0 | O91: =COUNTIFS('Inji - Web - Test Cases'!A79:A1784,K91,'Inji - Web - Test Cases'!C79:C1784,"<>"&"",'Inji - Web - Test Cases'!J79:J1784,"NA") -> 0
K92: =IFERROR(__xludf.DUMMYFUNCTION("""COMPUTED_VALUE"""),"INJIWEB-1691") -> INJIWEB-1691 | L92: =COUNTIFS('Inji - Web - Test Cases'!A79:A1788,K92,'Inji - Web - Test Cases'!C79:C1788,"<>"&"") -> 1 | M92: =COUNTIFS('Inji - Web - Test Cases'!A80:A1785,K92,'Inji - Web - Test Cases'!C80:C1785,"<>"&"",'Inji - Web - Test Cases'!J80:J1785,"Pass") -> 0 | N92: =COUNTIFS('Inji - Web - Test Cases'!A80:A1785,K92,'Inji - Web - Test Cases'!C80:C1785,"<>"&"",'Inji - Web - Test Cases'!J80:J1785,"Fail") -> 1 | O92: =COUNTIFS('Inji - Web - Test Cases'!A80:A1785,K92,'Inji - Web - Test Cases'!C80:C1785,"<>"&"",'Inji - Web - Test Cases'!J80:J1785,"NA") -> 0
K93: =IFERROR(__xludf.DUMMYFUNCTION("""COMPUTED_VALUE"""),"INJIWEB-1789") -> INJIWEB-1789 | L93: =COUNTIFS('Inji - Web - Test Cases'!A80:A1789,K93,'Inji - Web - Test Cases'!C80:C1789,"<>"&"") -> 1 | M93: =COUNTIFS('Inji - Web - Test Cases'!A81:A1786,K93,'Inji - Web - Test Cases'!C81:C1786,"<>"&"",'Inji - Web - Test Cases'!J81:J1786,"Pass") -> 0 | N93: =COUNTIFS('Inji - Web - Test Cases'!A81:A1786,K93,'Inji - Web - Test Cases'!C81:C1786,"<>"&"",'Inji - Web - Test Cases'!J81:J1786,"Fail") -> 1 | O93: =COUNTIFS('Inji - Web - Test Cases'!A81:A1786,K93,'Inji - Web - Test Cases'!C81:C1786,"<>"&"",'Inji - Web - Test Cases'!J81:J1786,"NA") -> 0
K94: =IFERROR(__xludf.DUMMYFUNCTION("""COMPUTED_VALUE"""),"INJIWEB-1787") -> INJIWEB-1787 | L94: =COUNTIFS('Inji - Web - Test Cases'!A81:A1790,K94,'Inji - Web - Test Cases'!C81:C1790,"<>"&"") -> 1 | M94: =COUNTIFS('Inji - Web - Test Cases'!A82:A1787,K94,'Inji - Web - Test Cases'!C82:C1787,"<>"&"",'Inji - Web - Test Cases'!J82:J1787,"Pass") -> 1 | N94: =COUNTIFS('Inji - Web - Test Cases'!A82:A1787,K94,'Inji - Web - Test Cases'!C82:C1787,"<>"&"",'Inji - Web - Test Cases'!J82:J1787,"Fail") -> 0 | O94: =COUNTIFS('Inji - Web - Test Cases'!A82:A1787,K94,'Inji - Web - Test Cases'!C82:C1787,"<>"&"",'Inji - Web - Test Cases'!J82:J1787,"NA") -> 0
K95: =IFERROR(__xludf.DUMMYFUNCTION("""COMPUTED_VALUE"""),"INJIWEB-1755") -> INJIWEB-1755 | L95: =COUNTIFS('Inji - Web - Test Cases'!A82:A1791,K95,'Inji - Web - Test Cases'!C82:C1791,"<>"&"") -> 1 | M95: =COUNTIFS('Inji - Web - Test Cases'!A83:A1788,K95,'Inji - Web - Test Cases'!C83:C1788,"<>"&"",'Inji - Web - Test Cases'!J83:J1788,"Pass") -> 0 | N95: =COUNTIFS('Inji - Web - Test Cases'!A83:A1788,K95,'Inji - Web - Test Cases'!C83:C1788,"<>"&"",'Inji - Web - Test Cases'!J83:J1788,"Fail") -> 1 | O95: =COUNTIFS('Inji - Web - Test Cases'!A83:A1788,K95,'Inji - Web - Test Cases'!C83:C1788,"<>"&"",'Inji - Web - Test Cases'!J83:J1788,"NA") -> 0
K96: =IFERROR(__xludf.DUMMYFUNCTION("""COMPUTED_VALUE"""),"INJIWEB-1728") -> INJIWEB-1728 | L96: =COUNTIFS('Inji - Web - Test Cases'!A83:A1792,K96,'Inji - Web - Test Cases'!C83:C1792,"<>"&"") -> 1 | M96: =COUNTIFS('Inji - Web - Test Cases'!A84:A1789,K96,'Inji - Web - Test Cases'!C84:C1789,"<>"&"",'Inji - Web - Test Cases'!J84:J1789,"Pass") -> 0 | N96: =COUNTIFS('Inji - Web - Test Cases'!A84:A1789,K96,'Inji - Web - Test Cases'!C84:C1789,"<>"&"",'Inji - Web - Test Cases'!J84:J1789,"Fail") -> 1 | O96: =COUNTIFS('Inji - Web - Test Cases'!A84:A1789,K96,'Inji - Web - Test Cases'!C84:C1789,"<>"&"",'Inji - Web - Test Cases'!J84:J1789,"NA") -> 0
K97: =IFERROR(__xludf.DUMMYFUNCTION("""COMPUTED_VALUE"""),"INJIWEB-1774") -> INJIWEB-1774 | L97: =COUNTIFS('Inji - Web - Test Cases'!A84:A1793,K97,'Inji - Web - Test Cases'!C84:C1793,"<>"&"") -> 1 | M97: =COUNTIFS('Inji - Web - Test Cases'!A85:A1790,K97,'Inji - Web - Test Cases'!C85:C1790,"<>"&"",'Inji - Web - Test Cases'!J85:J1790,"Pass") -> 1 | N97: =COUNTIFS('Inji - Web - Test Cases'!A85:A1790,K97,'Inji - Web - Test Cases'!C85:C1790,"<>"&"",'Inji - Web - Test Cases'!J85:J1790,"Fail") -> 0 | O97: =COUNTIFS('Inji - Web - Test Cases'!A85:A1790,K97,'Inji - Web - Test Cases'!C85:C1790,"<>"&"",'Inji - Web - Test Cases'!J85:J1790,"NA") -> 0
K98: =IFERROR(__xludf.DUMMYFUNCTION("""COMPUTED_VALUE"""),"INJIWEB-1775") -> INJIWEB-1775 | L98: =COUNTIFS('Inji - Web - Test Cases'!A85:A1794,K98,'Inji - Web - Test Cases'!C85:C1794,"<>"&"") -> 1 | M98: =COUNTIFS('Inji - Web - Test Cases'!A86:A1791,K98,'Inji - Web - Test Cases'!C86:C1791,"<>"&"",'Inji - Web - Test Cases'!J86:J1791,"Pass") -> 1 | N98: =COUNTIFS('Inji - Web - Test Cases'!A86:A1791,K98,'Inji - Web - Test Cases'!C86:C1791,"<>"&"",'Inji - Web - Test Cases'!J86:J1791,"Fail") -> 0 | O98: =COUNTIFS('Inji - Web - Test Cases'!A86:A1791,K98,'Inji - Web - Test Cases'!C86:C1791,"<>"&"",'Inji - Web - Test Cases'!J86:J1791,"NA") -> 0
K99: =IFERROR(__xludf.DUMMYFUNCTION("""COMPUTED_VALUE"""),"INJIWEB-1776") -> INJIWEB-1776 | L99: =COUNTIFS('Inji - Web - Test Cases'!A86:A1795,K99,'Inji - Web - Test Cases'!C86:C1795,"<>"&"") -> 1 | M99: =COUNTIFS('Inji - Web - Test Cases'!A87:A1792,K99,'Inji - Web - Test Cases'!C87:C1792,"<>"&"",'Inji - Web - Test Cases'!J87:J1792,"Pass") -> 1 | N99: =COUNTIFS('Inji - Web - Test Cases'!A87:A1792,K99,'Inji - Web - Test Cases'!C87:C1792,"<>"&"",'Inji - Web - Test Cases'!J87:J1792,"Fail") -> 0 | O99: =COUNTIFS('Inji - Web - Test Cases'!A87:A1792,K99,'Inji - Web - Test Cases'!C87:C1792,"<>"&"",'Inji - Web - Test Cases'!J87:J1792,"NA") -> 0
K100: =IFERROR(__xludf.DUMMYFUNCTION("""COMPUTED_VALUE"""),"INJIWEB-1713") -> INJIWEB-1713 | L100: =COUNTIFS('Inji - Web - Test Cases'!A87:A1796,K100,'Inji - Web - Test Cases'!C87:C1796,"<>"&"") -> 2 | M100: =COUNTIFS('Inji - Web - Test Cases'!A88:A1793,K100,'Inji - Web - Test Cases'!C88:C1793,"<>"&"",'Inji - Web - Test Cases'!J88:J1793,"Pass") -> 0 | N100: =COUNTIFS('Inji - Web - Test Cases'!A88:A1793,K100,'Inji - Web - Test Cases'!C88:C1793,"<>"&"",'Inji - Web - Test Cases'!J88:J1793,"Fail") -> 2 | O100: =COUNTIFS('Inji - Web - Test Cases'!A88:A1793,K100,'Inji - Web - Test Cases'!C88:C1793,"<>"&"",'Inji - Web - Test Cases'!J88:J1793,"NA") -> 0
K101: =IFERROR(__xludf.DUMMYFUNCTION("""COMPUTED_VALUE"""),"INJIWEB-1704") -> INJIWEB-1704 | L101: =COUNTIFS('Inji - Web - Test Cases'!A88:A1797,K101,'Inji - Web - Test Cases'!C88:C1797,"<>"&"") -> 2 | M101: =COUNTIFS('Inji - Web - Test Cases'!A89:A1794,K101,'Inji - Web - Test Cases'!C89:C1794,"<>"&"",'Inji - Web - Test Cases'!J89:J1794,"Pass") -> 0 | N101: =COUNTIFS('Inji - Web - Test Cases'!A89:A1794,K101,'Inji - Web - Test Cases'!C89:C1794,"<>"&"",'Inji - Web - Test Cases'!J89:J1794,"Fail") -> 2 | O101: =COUNTIFS('Inji - Web - Test Cases'!A89:A1794,K101,'Inji - Web - Test Cases'!C89:C1794,"<>"&"",'Inji - Web - Test Cases'!J89:J1794,"NA") -> 0
...

Sheet API_UI-Automation
B2: INJI WEB UI Automation
B3: Details | C3: Total | G3: Pass | H3: Fail | I3: NA
B4: INJI Web UI | C4: 28 | G4: 28 | H4: 0 | I4: 0
B6: Total | C6: =SUM(C4:F5) -> 28 | G6: =SUM(G3:G5) -> 28 | H6: =SUM(H3:H5) -> 0 | I6: =SUM(I3:I5) -> 0
B8: ="Functional Testing - Stories Verified : " & C6 -> Functional Testing - Stories Verified : 28
B9: ="Test cases : " & C6 & " Passed : "& G6 & " Failed : " & H6 & " Skipped : " & I6 -> Test cases : 28 Passed : 28 Failed : 0 Skipped : 0
B10: ="Test Rate : " & INT((((G6+H6)/C6)*100)) & "% With Pass Rate : " & INT((G6/(G6+H6))*100) & "%" -> Test Rate : 100% With Pass Rate : 100%
B12: INJI WEB API - Mimoto
B13: Details | C13: Total | G13: Pass | H13: Fail | I13: NA | J13: KI
B14: INJI Web API | C14: 349 | G14: 312 | H14: 0 | I14: 33 | J14: 4
B16: Total | C16: =SUM(C14:F15) -> 349 | G16: =SUM(G13:G15) -> 312 | H16: =SUM(H13:H15) -> 0 | I16: =SUM(I13:I15) -> 33 | J16: =SUM(J13:J15) -> 4
B18: ="Functional Testing - Stories Verified : " & C16 -> Functional Testing - Stories Verified : 349
B19: ="Test cases : " & C16 & " Passed : "& G16 & " Failed : " & H16 & " Skipped : " & I16 &" Known Issues : "& J16 -> Test cases : 349 Passed : 312 Failed : 0 Skipped : 33 Known Issues : 4
B20: ="Test Rate : " & INT((((G16+H16)/C16)*100)) & "% With Pass Rate : " & INT((G16/(G16+H16))*100) & "%" -> Test Rate : 89% With Pass Rate : 100%

Sheet Feature Health
A1: Feature list | B1: INJI Web | C1: Total | D1: Pass | E1: Fail
A2: Inji Home page and User wallet | B2: Pass | C2: 177 | D2: 160 | E2: 17
A3: Credential type | B3: Pass | C3: 54 | D3: 48 | E3: 6
A4: Authenticate user credentials | B4: Pass | C4: 28 | D4: 28 | E4: 0
A5: PDF Generation download and View | B5: Pass | C5: 54 | D5: 52 | E5: 2
A6: Issuers and credentials support | B6: Pass | C6: 41 | D6: 40 | E6: 1
A7: Multi languages support | B7: Pass | C7: 29 | D7: 27 | E7: 2
A8: Responsive view of the web | B8: Pass | C8: 19 | D8: 19 | E8: 0
A9: Access violations | B9: Pass | C9: 3 | D9: 3 | E9: 0
A10: datashare | B10: Pass | C10: 86 | D10: 85 | E10: 1
A11: OpenID4VP Implementation | B11: Pass | C11: 66 | D11: 62 | E11: 4
A12: QR code | B12: Pass | C12: 41 | D12: 39 | E12: 2
A13: Login flow and Setup passcode | B13: Pass | C13: 125 | D13: 98 | E13: 27
... A21: Claim 169 | B21: Pass | C21: 20 | D21: 20 | E21: 0

Sheet Inji - Web - Test Cases
A1: Story id | B1: Story Title | C1: TestCase_No | D1: Functional | E1: Feature | F1: Prerequisite | G1: Scenario | H1: Steps | I1: Expected Result | J1: Pass/Fail | K1: Automated | L1: Automated In | M1: Automation Comments | N1: Bug ID | O1: Remarks | P1: Environments
A2: INJIWEB-36 | B2: [UI] Inji Web - Launch Inji Web Home Page | C2: INJIWEB-36_TC_01 | E2: Inji Home page and User wallet | F2: 1. The Inji Web Home Page should be available in the appropriate URL in the environment specified. 2. Inji Web should have configured Header (logo) similar to Inji mobile, Footer (copyright information) 3. Non-functional links of About MOSIP, Playstore and Appstore icons on the header. | G2: Open Inji web in diff browsers | H2: 1. Open browser 2. Browse Inji Web Home Page in all the supported browsers Ex: Chrome, Firefox, Edge,Safari etc. | I2: Inji web page should be opened in all the supported browsers without any errors | J2: PASS | K2: Yes | L2: UI | M2: edge browser is not supporting now need to do more resarch on it
A3: INJIWEB-36 | C3: INJIWEB-36_TC_02 | E3: Inji Home page and User wallet | G3: Verify Header(Logo), footer(Copy right) info | H3: 1. Open Inji Web Home Page 2. Verify Header and footer information on home page in all the supported browsers Ex: Chrome, Firefox, Edge,Safari etc. | I3: Proper header and footer inforamtion similar to Inji mobile app | J3: PASS | K3: Yes | L3: UI
A4: INJIWEB-36 | C4: INJIWEB-36_TC_04 | E4: Inji Home page and User wallet | G4: Open inji home page in multiple winodws | H4: 1. Open inji web page 2. Browse home page 3. Open another browser window 4. Browse inji home page | I4: Inji home page should be opened in all the windows with all the configured content | J4: PASS | K4: Yes | L4: UI
A5: INJIWEB-36 | C5: INJIWEB-36_TC_05 | E5: Inji Home page and User wallet | G5: Open inji home page in multiple tabs | H5: 1. Open browser 2. Browse inji home page 3. Open another browser tab 4. Browse inji home page | I5: Inji home page should be opened in all the tabs with all the configured content | J5: PASS | K5: Yes | L5: UI
A6: INJIWEB-36 | C6: INJIWEB-36_TC_06 | E6: Inji Home page and User wallet | G6: Open inji home page in multiple winodws of diff browsers | H6: 1. Open browser 2. Browse inji home page 3. Open another browser window in diff browser 4. Browse inji home page | I6: Inji home page should be opened in all the windows with all the configured content | J6: PASS | K6: NA | L6: NA | M6: Diff browsers at the same time. so NA
A7: INJIWEB-36 | C7: INJIWEB-36_TC_07 | E7: Inji Home page and User wallet | G7: Open inji home page in incognito window | H7: 1. Open browser 2. Browse inji home page 3. Open another window in incognito mode 4. Browse inji home page | I7: Inji home page should be opened incognito mode with all the configured content | J7: PASS | K7: Yes | L7: UI
A8: INJIWEB-36 | C8: INJIWEB-36_TC_08 | E8: Inji Home page and User wallet | G8: Verify List of issuers on home page | H8: 1. Open browser 2. Browse inji home page 3. Verify all the issuers as per configuration | I8: Home page should be displayed with all the configured issuers details | J8: PASS | K8: Yes | L8: UI
A9: INJIWEB-36 | C9: INJIWEB-36_TC_09 | E9: Inji Home page and User wallet | G9: Serach issuer with complete name | H9: 1. Open browser 2. Browse inji home page 3. Search for an issuer with complete name | I9: Home page should be displayed with all the configured issuers details | J9: PASS | K9: Yes | L9: UI
A10: INJIWEB-36 | C10: INJIWEB-36_TC_10 | E10: Inji Home page and User wallet | G10: Search Issuer with partial string | H10: 1. Open browser 2. Browse inji home page 3. Search for an issuer with partial string | I10: Home page should be displayed with all the configured issuers details as per search string | J10: PASS | K10: Yes | L10: UI
A11: INJIWEB-36 | C11: INJIWEB-36_TC_11 | E11: Inji Home page and User wallet | G11: Serach issuer with non-existing value | H11: 1. Open browser 2. Browse inji home page 3. Search for an issuer with non-existing value | I11: Home page should not display any issuers | J11: PASS | K11: Yes | L11: UI
A12: INJIWEB-36 | C12: INJIWEB-36_TC_12 | E12: Inji Home page and User wallet | G12: Verify click functionality on selected issuer | H12: 1. Open browser 2. Browse inji home page 3. Click on Issuer | I12: Click button should be functional and should navigate to "Credential Type selection" screen | J12: PASS | K12: Yes | L12: UI
A13: INJIWEB-36 | C13: INJIWEB-36_TC_13 | E13: Inji Home page and User wallet | G13: Verify error message when the server is not reachable | H13: 1. Open browser 2. Browse inji home page 3. Make sure the site is down | I13: A red colour toaster should apper for 5 mins about the server is down and “The service is currently unavailable now. Please try again later.” at the footer | J13: PASS | K13: NA | L13: NA | M13: Service stop required
A14: INJIWEB-36 | C14: INJIWEB-36_TC_14 | E14: Inji Home page and User wallet | G14: Verify the error message when the list of issuers cannot be retrieved. | H14: 1. Open browser 2. Browse inji home page 3. Click on Issuer | I14: “No issuers found. Please try again later.” should apper at the Issuers list section | J14: PASS | K14: NA | L14: NA | M14: Service stop required
A15: INJIWEB-37 | B15: [UI ]Inji Web- Issuer selection in the “Home Page” | C15: INJIWEB-37_TC_01 | E15: Inji Home page and User wallet | F15: 1. The “Issuer Selection” in the Home page should be updated with the list of issuers in a clickable tile. 2. While loading the web page, an API call to issuers list should happen. 3. The list of issuers should be taken from the mimoto issuers config. | G15: Verify that the issuer can be selected. | H15: 1. Open browser 2. Browse inji home page 3. Click on Issuer | I15: Issuer can be selected and page navigated to "Credential Type selection" screen in the same tab | J15: PASS | K15: Yes | L15: UI
A16: INJIWEB-37 | C16: INJIWEB-37_TC_02 | E16: Inji Home page and User wallet | G16: Verify that the issuer can be selected in diff browser windows | H16: 1. Open browser 2. Browse inji home page 3. Open another browser window 4. Browse inji home page 5. Click on the issuer in both pages | I16: Issuer can be selected and page navigated to "Credential Type selection" screen in the same tab | J16: PASS | K16: NA | L16: NA | M16: Diff browsers at the same time. so NA
A17: INJIWEB-37 | C17: INJIWEB-37_TC_03 | E17: Inji Home page and User wallet | G17: Verify that the issuer can be selected in diff browser tabs | H17: 1. Open browser 2. Browse inji home page 3. Open another browser tab 4. Browse inji home page 5. Click on Issuer in both tabs | I17: Issuer can be selected and page navigated to "Credential Type selection" screen in the same tab | J17: PASS | K17: NA | L17: NA | M17: Diff browsers at the same time. so NA
A18: INJIWEB-37 | C18: INJIWEB-37_TC_04 | E18: Inji Home page and User wallet | G18: Verify that the issuer can be selected in diff browser windows in diff browsers | H18: 1. Open browser 2. Browse inji home page 3. Open another browser window in diff browser 4. Browse inji home page 5. Click on Issuer in both pages | I18: Issuer can be selected and page navigated to "Credential Type selection" screen in the same tab | J18: PASS | K18: NA | L18: NA | M18: Diff browsers at the same time. so NA
A19: INJIWEB-37 | C19: INJIWEB-37_TC_05 | E19: Inji Home page and User wallet | G19: Verify that the issuer can be selected in incongnito window | H19: 1. Open browser 2. Browse inji home page 3. Open another window in incognito mode 4. Browse inji home page 5. Click on issuer in both normal and incongnito mode | I19: Issuer can be selected and page navigated to "Credential Type selection" screen in the same tab | J19: PASS | K19: Yes | L19: UI
A20: INJIWEB-37 | C20: INJIWEB-37_TC_06 | E20: Inji Home page and User wallet | G20: Verify that the issuer can be selected after search operation | H20: 1. Open browser 2. Browse inji home page 3. Search for an issuer with complete / partial name 4. Click on issuer | I20: Issuer can be selected and page navigated to "Credential Type selection" screen in the same tab | J20: PASS | K20: Yes | L20: UI
A21: INJIWEB-37 | C21: INJIWEB-37_TC_07 | E21: Inji Home page and User wallet | G21: Update mimoto issuers config and verify list updated as per config | H21: 1. Update mimito config file for the specified branch 2. Restart the required services 3. Open the inji home page 4. Verify the issuere list 5. Select the new and previously available issuer | I21: Updated and previously available issuers should be displayed. And all the issuers can be selected | J21: PASS | K21: NA | L21: NA | M21: Config change required
A22: INJIWEB-44 | B22: [UI] Inji Web - Select the Credential type in the “Download Credential” page | C22: INJIWEB-44_TC_01 | D22: UI | E22: Credential type | F22: 1. The “Download Credential” page should be updated with the list of credentials(from the chosen issuer) in a clickable tile. 2. The credential types should be taken from the well-known file published by the issuer/s. 3. The endpoint required to prove ownership of the data (i.e. to authenticate the holder (ARC type)) should be in the well-known file for a given certificate type. | G22: Verify the crednetials are listed only for the selected issuer | H22: 1. Open browser 2. Browse inji home page 3. Select the issuer | I22: Credentials should be displayed for the selected issuer only | J22: PASS | K22: Yes | L22: UI
A23: INJIWEB-44 | C23: INJIWEB-44_TC_02 | E23: Credential type | G23: Verify the "Credential download" diff browser windows | H23: 1. Open browser 2. Browse inji home page 3. Select Issuer 4. Select Credential 3. Repeat the steps in another browser window | I23: Credentials should be displayed for the selected issuers and Authentication Portal should be opened for authentication | J23: PASS | K23: NA | L23: NA | M23: Config change required
A24: INJIWEB-44 | C24: INJIWEB-44_TC_03 | E24: Credential type | G24: Verify the "Credential download" diff browser tabs | H24: 1. Open browser 2. Browse inji home page 3. Select Issuer 4. Select Credential 3. Repeat the steps in another tab | I24: Credentials should be displayed for the selected issuers and Authentication Portal should be opened for authentication | J24: PASS | K24: NA | L24: NA | M24: Diff browsers at the same time. so NA
A25: INJIWEB-44 | C25: INJIWEB-44_TC_04 | E25: Credential type | G25: Verify the "Credential download" in diff browser windows in diff browsers | H25: 1. Open browser 2. Browse inji home page 3. Select Issuer 4. Select Credential 3. Repeat the steps in diff browsers | I25: Credentials should be displayed for the selected issuers and Authentication Portal should be opened for authentication | J25: PASS | K25: NA | L25: NA | M25: Diff browsers at the same time. so NA
A26: INJIWEB-44 | C26: INJIWEB-44_TC_05 | E26: Credential type | G26: Verify the "Credential download" in incongnito window | H26: 1. Open browser 2. Browse inji home page 3. Select Issuer 4. Select Credential 3. Repeat the steps in incognito | I26: Credentials should be displayed for the selected issuers and Authentication Portal should be opened for authentication | J26: PASS | K26: Yes | L26: UI
A27: INJIWEB-44 | C27: INJIWEB-44_TC_06 | E27: Credential type | G27: Verify that the "Credential donwload" can be selected after search operation | H27: 1. Open browser 2. Browse inji home page 3. Select Issuer 4. Search for a Credential. 5. Click on credential | I27: Credentials should be displayed as per the search criteria Authentication Portal should be opened for authentication | J27: PASS | K27: Yes | L27: UI
A28: INJIWEB-44 | C28: INJIWEB-44_TC_08 | E28: Credential type | G28: Update Crednetials for an issuer in well known file and verify credential list | H28: 1. Update credentials in a well nown file for a particular issuer 2. Restart the necessary services 3. Launch inji home page 4. Select issuer 5. Select the credential 6. Verify the credential | I28: Credential should be apperered in the tile Crednetial can be downloaded and verified | J28: PASS | K28: NA | L28: NA | M28: Config change required
A29: INJIWEB-44 | C29: INJIWEB-44_TC_04 | E29: Credential type | G29: Verify the "Credential download" in chrome browser | H29: 1. Open chrome browser 2. Browse inji home page 3. Select Issuer 4. Select Credential 3. provide valid details Download the credential | I29: Credentials shold be downloaded | J29: PASS | K29: Yes | L29: UI
A30: INJIWEB-44 | C30: INJIWEB-44_TC_04 | E30: Credential type | G30: Verify the "Credential download" in diff browser windows in diff browsers | H30: 1. Open moziall browser 2. Browse inji home page 3. Select Issuer 4. Select Credential 3. provide valid details Download the credential | I30: Credentials shold be downloaded | J30: PASS | K30: Yes | L30: UI
A31: INJIWEB-44 | C31: INJIWEB-44_TC_04 | E31: Credential type | G31: Verify the "Credential download" in diff browser windows in diff browsers | H31: 1. Open edge browser 2. Browse inji home page 3. Select Issuer 4. Select Credential 3. provide valid details Download the credential | I31: Credentials shold be downloaded | J31: PASS | K31: Yes | L31: UI
A32: INJIWEB-44 | C32: INJIWEB-44_TC_04 | E32: Credential type | G32: Verify the "Credential download" in diff browser windows in diff browsers | H32: 1. Open safari browser 2. Browse inji home page 3. Select Issuer 4. Select Credential 3. provide valid details Download the credential | I32: Credentials shold be downloaded | J32: PASS | K32: Yes | L32: UI
A33: INJIWEB-45 | B33: [UI] Inji Web: Authentication Portal (eSignet) - Authenticate user credentials | C33: INJIWEB-45_TC_01 | E33: Authenticate user credentials | G33: Verify all the mandatory fields have * mark Note: if all the fields are mandatory, then * is not mandatory on all the fields | H33: 1. Update credentials in a well nown file for a particular issuer 2. Restart the necessary services 3. Launch inji home page 4. Select issuer 5. Select the credential | I33: All the mandatory fileds should have * symbol If all the fileds are mandatory * not required | J33: PASS | K33: NA | L33: NA | M33: there is no way to understand if all filds are manadatory or not
A34: INJIWEB-45 | C34: INJIWEB-45_TC_02 | E34: Authenticate user credentials | G34: Verify Login button enabled if all the mandatory fileds are not entered | H34: 3. provide valid details Download the credential | I34: Login button should not be enabled untill user enters all the mandatory fields | J34: PASS | K34: Yes | L34: UI
A35: INJIWEB-45 | C35: INJIWEB-45_TC_03 | E35: Authenticate user credentials | G35: Verify all the mandatory fields have * mark for KBI authentication Note: if all the fields are mandatory, then * is not mandatory on all the fields | H35: 1. Select credential to download 2. Select KBI based authentication 3. Verify all the mandatory fields have * | I35: All the mandatory fileds should have * symbol | J35: PASS | K35: NA | L35: NA | M35: there is no way to understand if all filds are manadatory or not
A36: INJIWEB-45 | C36: INJIWEB-45_TC_04 | E36: Authenticate user credentials | G36: Verify with all valid details | H36: 1. Select credential to download 2. Select KBI based authentication 3. Verify with valid data | I36: Authentication should be passed and Issuer’s “Authentication Portal” page should hold the metadata that will be utilised to generate the pdf certificate. | J36: PASS | K36: Yes | L36: UI
A37: INJIWEB-45 | C37: INJIWEB-45_TC_05 | E37: Authenticate user credentials | G37: Verify with invalid details | H37: 1. Select credential to download 2. Select KBI based authentication 3. Verify with invalid data | I37: Authentication should be failed with proper error message: "Login Failed. Wrong details entered. Please enter correct details and login" | J37: PASS | K37: Yes | L37: UI
A38: INJIWEB-45 | C38: INJIWEB-45_TC_06 | E38: Authenticate user credentials | G38: Verify with all mandatory fileds | H38: 1. Select credential to download 2. Select KBI based authentication | I38: Login button should be enabled | J38: PASS | K38: Yes | L38: UI
A39: INJIWEB-45 | C39: INJIWEB-45_TC_07 | E39: Authenticate user credentials | G39: Verify Login button without entering all the mandatory fileds | H39: 1. Select credential to download 2. Select KBI based authentication 3. Do not enter all mandatory fields | I39: Login button should not be enabled untill user enters all the mandatory fields | J39: PASS | K39: Yes | L39: UI
A40: INJIWEB-45 | C40: INJIWEB-45_TC_08 | E40: Authenticate user credentials | G40: Verify proper labels on data field | H40: 1. Select credential to download 2. Select KBI based authentication 3. Verify labels on the fields | I40: Labels should have proper info and with proper alignmnet | J40: PASS | K40: Yes | L40: UI
A41: INJIWEB-45 | C41: INJIWEB-45_TC_09 | E41: Authenticate user credentials | G41: Verify text boxes accepting valid data | H41: 1. Select credential to download 2. Select KBI based authentication 3. Verify text boxes accepting data from keyboard | I41: text boxes should have proper labels , aligned properly and should accept data from keyboard | J41: PASS | K41: Yes | L41: UI
A42: INJIWEB-45 | C42: INJIWEB-45_TC_10 | E42: Authenticate user credentials | G42: Remove KBI field from config and try to authenticate for existing record | H42: 1. Make sure there is credntial record available 2. Update KBI fields config from esignet-default.properties 3. Try to authenticate | I42: User should able to download the credentials | J42: PASS | K42: NA | L42: NA | M42: Config change required
A43: INJIWEB-45 | C43: INJIWEB-45_TC_11 | E43: Authenticate user credentials | G43: Remove KBI field from config and try to authenticate for new record | H43: 1. Update KBI fields config from esignet-default.properties by removing a field 2. Add a new credential record 3. Try to authenticate | I43: User should able to download the credentials | J43: PASS | K43: NA | L43: NA | M43: Config change required | N43: https://mosip.atlassian.net/browse/INJIWEB-130
A44: INJIWEB-45 | C44: INJIWEB-45_TC_12 | E44: Authenticate user credentials | G44: Add KBI field from config and try to authenticate for alredy existing record | H44: 1. Make sure there is credntial record available 2. Update KBI fields config from esignet-default.properties by adding a new field 3. Try to authenticate | I44: User should able to download the credentials | J44: PASS | K44: NA | L44: NA | M44: Config change required | N44: https://mosip.atlassian.net/browse/INJIWEB-130
A45: INJIWEB-45 | C45: INJIWEB-45_TC_13 | E45: Authenticate user credentials | G45: Add KBI field from config and try to authenticate for new record | H45: 1. Update KBI fields config from esignet-default.properties by adding a new field 2. Add a new credential record 3. Try to authenticate | I45: User should able to download the credentials | J45: PASS | K45: NA | L45: NA | M45: Config change required | N45: https://mosip.atlassian.net/browse/INJIWEB-130
A46: INJIWEB-45 | C46: INJIWEB-45_TC_14 | E46: Authenticate user credentials | G46: Wait for somtime at KBI authentication page and verify for timeout message | H46: 1. Select credetnials and wait for 2 to 3 min 2. Check for timeout message | I46: User should get the timeout message | J46: PASS | K46: Yes | L46: UI | N46: https://mosip.atlassian.net/browse/INJIWEB-125
A47: INJIWEB-45 | C47: INJIWEB-45_TC_15 | E47: Authenticate user credentials | G47: Verify warning message like "Please wait a moment! We're converting your verifiable credentials to PDF" while downloading the credentials | H47: 1. Select credentials to download 2. Enter valid credentials | I47: User should get the warning message like "not to refresh/press back button" | J47: PASS | K47: Yes | L47: UI | N47: https://mosip.atlassian.net/browse/ES-1215
A48: INJIWEB-45 | C48: INJIWEB-45_TC_16 | E48: Authenticate user credentials | G48: Add KBI field from config and try to authenticate for alredy existing record | H48: 1. Make sure there is credntial record available 2. Update KBI fields config from esignet-default.properties by adding a new field 3. Try to authenticate | I48: User should able to download the credentials | J48: PASS | K48: NA | L48: NA | M48: Config change required | N48: https://mosip.atlassian.net/browse/INJIWEB-130
A49: INJIWEB-45 | C49: INJIWEB-45_TC_17 | E49: Authenticate user credentials | G49: Add KBI field from config and try to authenticate for new record | H49: 1. Update KBI fields config from esignet-default.properties by adding a new field 2. Add a new credential record 3. Try to authenticate | I49: User should able to download the credentials | J49: PASS | K49: NA | L49: NA | M49: Config change required | N49: https://mosip.atlassian.net/browse/INJIWEB-130
A50: INJIWEB-45 | C50: INJIWEB-45_TC_18 | E50: Authenticate user credentials | G50: Wait for somtime at KBI authentication page and verify for timeout message | H50: 1. Select credetnials and wait for 2 to 3 min 2. Check for timeout message | I50: User should get the timeout message | J50: PASS | K50: Yes | L50: UI
A51: INJIWEB-45 | C51: INJIWEB-45_TC_19 | E51: Authenticate user credentials | G51: Verify warning message like "not to refresh/press back button" while downloading the credentials | H51: 1. Select credentials to download 2. Enter valid credentials | I51: User should get the warning message like "not to refresh/press back button" | J51: PASS | K51: Yes | L51: UI
A52: INJIWEB-47 | B52: PDF is generated and Auto-downloaded to the computer/tablet/smartphone | C52: INJIWEB-47_TC_01 | E52: PDF Generation download and View | F52: 1. The JSON response from the Authentication portal should be available to the Inji Web 2. The user should have already successfully authenticated with the “Authentication Portal” | G52: Verify PDF generation after successful authentication | H52: 1. Select credential to download 2. Authenticate with valid details | I52: PDF should be generated and auto downloaded | J52: PASS | K52: Yes | L52: UI
A53: INJIWEB-47 | C53: INJIWEB-47_TC_02 | E53: PDF Generation download and View | G53: Verify do not “Click Back” button or “ Refresh” the page messages after authentication | H53: 1. Select credential to download 2. Authenticate with valid details | I53: User should get do not “Click Back” button or “ Refresh” the page message while PDF is getting downloaded | J53: PASS | K53: Yes | L53: UI
A54: INJIWEB-47 | C54: INJIWEB-47_TC_03 | E54: PDF Generation download and View | G54: Verify PDF auto download | H54: 1. Select credential to download 2. Authenticate with valid details | I54: PDF should be auto downloaded | J54: PASS | K54: Yes | L54: UI
A55: INJIWEB-47 | C55: INJIWEB-47_TC_04 | E55: PDF Generation download and View | G55: Verify application asking for download path for auto generated PDF | H55: 1. Select credential to download 2. Authenticate with valid details | I55: Verify application asking for download path to save PDF file | J55: PASS | K55: Yes | L55: UI
A56: INJIWEB-47 | C56: INJIWEB-47_TC_05 | E56: PDF Generation download and View | G56: Open the donwloaded PDF | H56: 1. Select credential to download 2. Authenticate with valid details 3. Open the downloaded PDF | I56: PDF should be readble and should contain the details as per configuration | J56: PASS | K56: Yes | L56: UI | N56: https://mosip.atlassian.net/browse/INJIWEB-131
A57: INJIWEB-47 | C57: INJIWEB-47_TC_06 | E57: PDF Generation download and View | G57: Verify Key Fields in the PDF certificate | H57: 1. Select credential to download 2. Authenticate with valid details 3. Open the downloaded PDF 4. Verify fields in PDF file | I57: PDF should be readble and should contain the details as per configuration.. Name Policy Name Policy Expires On Policy Issued On Policy Number Phone Number Date of Birth Gender Benefits Email Id Logo QR Code Placeholder for Photo | J57: PASS | K57: Yes | L57: UI | N57: https://mosip.atlassian.net/browse/INJIWEB-131
A58: INJIWEB-48 | B58: [UI] Inji Web - Success/Failure notifier after downloading the VC PDF | C58: INJIWEB-48_TC_01 | E58: PDF Generation download and View | F58: 1. A credential was immediately earlier/earlier downloaded in the same tab 2. The Inji Download credential Page or its latest updated version should be available in the appropriate URL (<URL link to be updated here>) | G58: Verify success message after VC downloaded | H58: 1. Select credential to download 2. Authenticate with valid details | I58: Application should display success message after VC download | J58: PASS | K58: Yes | L58: UI
A59: INJIWEB-48 | C59: INJIWEB-48_TC_03 | E59: PDF Generation download and View | G59: Verify Back button on the inji downloaded page | H59: 1. Select credential to download 2. Authenticate with valid details | I59: Application should display back button on the same tab after successful VC download | J59: PASS | K59: Yes | L59: UI
A60: INJIWEB-48 | C60: INJIWEB-48_TC_04 | E60: PDF Generation download and View | G60: Verify back button functionality after download operatation | H60: 1. Select credential to download 2. Authenticate with valid details 3 Verify back button after VC download | I60: All the credentials should displayed | J60: PASS | K60: Yes | L60: UI
A61: INJIWEB-48 | C61: INJIWEB-48_TC_05 | E61: PDF Generation download and View | G61: Verify error message if internet bandwidth is slow and unable to download PDF | H61: 1. Select credential to download 2. Authenticate with valid details 3 Verify VC download on low bandwidth | I61: Proper error message should be displayed if the internet bandwidth is slow, while downloading VC | J61: PASS | K61: NA | L61: NA | M61: Config change required
A62: INJIWEB-49 | B62: [BE]: API to retrieve issuers list | C62: INJIWEB-49_TC_01 | D62: API | E62: Issuers and credentials support | F62: 1. Mimoto to be onboarded as an OIDC client in the environment. 2. mimoto-issuers config json should have all the issuers listed with the auth end point. | G62: Get the list of issuers from the issuers end point | H62: 1. Execute GET method to get all the issuers list End Point : https://{url}/residentmobileapp /issuers | I62: All the issuers should be retrived with the GET request | J62: PASS | K62: Yes | L62: UI
A63: INJIWEB-49 | C63: INJIWEB-49_TC_02 | E63: Issuers and credentials support | G63: Update the issuers list in mimoto-issuers config json and execute GET issuers | H63: 1. Update the issuers in mimoto-issuers config json 2.Restart the necessary services 3. Execute GET method to get all the issuers list | I63: All the issuers / Updated issuers should be retrived with the GET request | J63: PASS | K63: NA | L63: NA | M63: Config change required
A64: INJIWEB-49 | C64: INJIWEB-49_TC_04 | E64: Issuers and credentials support | G64: Verify the error message if endpoint is unable to retrieve data within the predefined time. | H64: 1. Execute GET method to get all the issuers list 2 Make sure the time taken for response is more | I64: End point should handle the delay in response and hang/crash should not be happen | J64: PASS | K64: Yes | L64: UI
A65: INJIWEB-49 | C65: INJIWEB-49_TC_05 | E65: Issuers and credentials support | G65: Verify error messages and logging messages are appropriate with the API | H65: 1. Execute GET method to get all the issuers list 2 Verify all error messages/logging messages for failure cases | I65: The response should include an error code and message for logging purposes, as well as an appropriate status code. | J65: PASS | K65: Yes | L65: UI
A66: INJIWEB-49 | C66: INJIWEB-49_TC_06 | E66: Issuers and credentials support | G66: Verify GET method o/p if the issuers configuration is empty | H66: 1. Execute GET method to get the issuers list | I66: GET methos should return the status code as 200 but the response should have a message that there are no list of issuers. | J66: PASS | K66: NA | L66: NA | M66: Config change required
A67: INJIWEB-49 | C67: INJIWEB-49_TC_07 | E67: Issuers and credentials support | G67: Verify error messages if the end point unbale to retreive the data | H67: 1. Execute GET method to get the issuers list | I67: Proper error message should be displayed, if the end point not able to retrieve the data | J67: PASS | K67: Yes | L67: UI
A68: INJIWEB-50 | B68: [BE]: API to retrieve credential types | C68: INJIWEB-50_TC_01 | D68: API | E68: Issuers and credentials support | F68: 1. Mimoto to be onboarded as an OIDC client in the environment. 2. mimoto-issuers config json should have all the issuers listed with the auth end point. 3. mimoto-issuers config json should have the well-known endpoint configured for the issuer. | G68: Get the list credential types for an issuer | H68: 2. Execute GET method to get all the credential types of a particular issuer from the credential end point(Pass the issuer as path parameter) End Point: https://api.mosip.io/residentmobileapp /issuers/{issuer-id}/credentialTypes | I68: All the all the credential types of a particular issuer should be retrieved with status code 200. | J68: PASS | K68: Yes | L68: UI
A69: INJIWEB-50 | C69: INJIWEB-50_TC_02 | E69: Issuers and credentials support | G69: try to Get the list credential types for an issuer with invalid credential | H69: with invalid details | I69: Authentication should fail with 400 error. | J69: PASS | K69: Yes | L69: UI
A70: INJIWEB-50 | C70: INJIWEB-50_TC_03 | E70: Issuers and credentials support | G70: Get the list credential types for diff issuer | H70: 2. Execute GET method to get all the credential types of a particular issuer from the credential end point(Pass the issuer as path parameter) | I70: All the all the credential types of a particular issuer should be retrieved with status code 200. | J70: PASS | K70: Yes | L70: UI
A71: INJIWEB-50 | C71: INJIWEB-50_TC_04 | E71: Issuers and credentials support | G71: Update credentials for a particular issuer and Execute Get request for credential types | H71: 1. Update the credential details for a particular issuer 2. Restart the neccessary services 3. Authenticate with Mimoto client details 4. Execute GET method to get all the credential types of a particular issuer from the credential end point(Pass the issuer as path parameter) | I71: All the all updated details for a particular issuer should be retrieved with status code 200. | J71: PASS | K71: NA | L71: NA | M71: Config change required
A72: INJIWEB-50 | C72: INJIWEB-50_TC_05 | E72: Issuers and credentials support | G72: Verify timeout response for GET request on credetial type end point | H72: 2. Execute GET method to get all the credential types of a particular issuer from the credential end point(Pass the issuer as path parameter) 3. Make sure request failed to retreive the data in predefined time frame | I72: End point should handle the delay in response and hang/crash should not be happen | J72: PASS | K72: NA | L72: NA | M72: Config change required
A73: INJIWEB-50 | C73: INJIWEB-50_TC_06 | E73: Issuers and credentials support | G73: Verify error messages and logging messages are appropriate with the API | H73: 2. Make sure to fail GET request method while retrieving credential types of a particular issuer from the credential end point | I73: The response should include an error code and message for logging purposes, as well as an appropriate status code. | J73: PASS | K73: Yes | L73: UI
A74: INJIWEB-50 | C74: INJIWEB-50_TC_07 | E74: Issuers and credentials support | G74: Verify the response when API request failed on particular end point | H74: 2. Execute GET method to get all the credential types of a particular issuer from the credential end point and Pass the invalid issuer as path parameter | I74: Appropriate error message should be thrown by the end point | J74: PASS | K74: Yes | L74: UI
A75: INJIWEB-50 | C75: INJIWEB-50_TC_08 | E75: Issuers and credentials support | G75: Verify GET method o/p if the credential type configuration is empty | H75: 2. Execute GET method to get all the credential types of a particular issuer from the credential end point and Pass the valid issuer as path parameter | I75: API should return status code as 200 but the response should have a message that there are no list of credential types. | J75: PASS | K75: NA | L75: NA | M75: Config change required
A76: INJIWEB-51 | B76: [BE]: API to download VC as PDF | C76: INJIWEB-51_TC_01 | D76: API | E76: Download VC | F76: 1. Mimoto to be onboarded as an OIDC client in the environment. 2. mimoto-issuers config json should have all the issuers listed with the auth end point. 3 mimoto-issuers config json should have the well-known endpoint configured for the issuer. 4 OTP/KBI authentication to be integrated. | G76: Execute GET request on download VC end point | H76: 1. Authenticate at mimoto get-token endpoint 2. Execute GET method on end point End Point: https://api.mosip.io/residentmobileapp /issuers/{issuer-id}/credentials/{credentialType}/download | I76: VC should be downloaded as PDF | J76: PASS | K76: Yes | L76: Functional
A77: INJIWEB-51 | C77: INJIWEB-51_TC_02 | E77: Download VC | G77: Execute GET request on download VC end point with invalid token | H77: 1. Authenticate at mimoto get-token endpoint 2. Execute GET method on end point with invalid token say expired or invalid details End point: https://api.mosip.io/residentmobileapp /issuers/{issuer-id}/credentials/{credentialType}/downlo | I77: VC download should fail with Error: 401 authentication failure message | J77: PASS | K77: Yes | L77: Functional
A78: INJIWEB-51 | C78: INJIWEB-51_TC_03 | E78: Download VC | G78: Verify timeout response for GET request on download end point | H78: 1. Authenticate at mimoto get-token endpoint 2. Execute GET method on end point with valid token 3. Make sure that the resonse is slow from the end point End point: https://api.mosip.io/residentmobileapp /issuers/{issuer-id}/credentials/{credentialType}/downlo | I78: End point should handle the delay in response and hang/crash should not be happen | J78: PASS | K78: Yes | L78: Functional
A79: INJIWEB-51 | C79: INJIWEB-51_TC_04 | E79: Download VC | G79: Verify error messages and logging messages are appropriate with the API | H79: 1. Authenticate at mimoto get-token endpoint 2. Execute GET method on end point with invalid details End point: https://api.mosip.io/residentmobileapp /issuers/{issuer-id}/credentials/{credentialType}/downlo | I79: Appropriate error message and code should be thrown by the API | J79: PASS | K79: Yes | L79: Functional
A80: INJIWEB-51 | C80: INJIWEB-51_TC_05 | E80: Download VC | G80: Verify error message if the end point unable to send PDF file | H80: 1. Authenticate at mimoto get-token endpoint 2. Execute GET method on end point with invalid credentials details End point: https://api.mosip.io/residentmobileapp /issuers/{issuer-id}/credentials/{credentialType}/downlo | I80: Appropriate error message and code should be thrown by the API | J80: PASS | K80: Yes | L80: Functional
C81: INJIWEB-291 | E81: Multi languages support | H81: Open inji web portal Select an issuer Select Credential type Authenticate with valid details Open the downloaded VC card Also, try to translate the page in before to another language and perform the steps from 1 to 5 | I81: All the messages should be in the language that we selected. | J81: PASS | K81: Yes | L81: UI | N81: https://mosip.atlassian.net/browse/INJIWEB-291
C82: INJIWEB-290 | E82: PDF Generation download and View | G82: Verify QR code with QR scanner | H82: 1. Open inji web portal 2. Select an issuer 3. Select Credntial type 4. Authenticate with valid details 5. Open the downloaded VC card 6. Verify the QR code using QR scanner | I82: QR code should provide the details related to VC | J82: PASS | K82: NA | L82: NA | M82: Scan function required | N82: https://mosip.atlassian.net/browse/INJIWEB-290
C83: INJIWEB-288 | E83: Credential type | H83: Open inji web portal Select an issuer Select Credntial type | I83: Date format should be the same in all the browsers. | J83: PASS | K83: Yes | L83: UI | N83: https://mosip.atlassian.net/browse/ES-1213
C84: INJIWEB-243 | E84: Issuers and credentials support | H84: Open the inji web portal Observe the search bar Select the issuer Observe search bar | I84: Search bar should not contain dropdown buttons | J84: PASS | K84: Yes | L84: UI | N84: https://mosip.atlassian.net/browse/INJIWEB-243
C85: INJIWEB-180 | E85: Errror Handling | G85: Verify the error message when the injiweb site is down | H85: 1. Make the inji-web service down 2. Open the inji web site | I85: 503 gateway error message should be displayed | J85: PASS | K85: NA | L85: NA | M85: Service stop required | N85: https://mosip.atlassian.net/browse/INJIWEB-180
C86: INJIWEB-132 | E86: Download VC | G86: Verify the data alignement in the VC PDF | H86: 1.Launch inji web portal 2. Select issuer 3. Select credential 4. Enter Valid credentials 5. Download VC and open PDF file | I86: Data alignment in VC is not proper | J86: PASS | K86: NA | L86: NA | M86: Alignment issue | N86: https://mosip.atlassian.net/browse/INJIWEB-132
C87: INJIWEB-128 | E87: Download VC | G87: Verify do not Click Back / refresh back button on esignet page | H87: 1. Launch inji web portal 2. Select issuer 3. Select credential 4. Enter Valid credentials | I87: After entering the data, user should get "do not Click Back” button or “ Refresh” the page message | J87: PASS | K87: NA | L87: NA | M87: Enhancement Bug, Not implemented | N87: https://mosip.atlassian.net/browse/ES-1215
C88: INJIWEB-122 | E88: Errror Handling | G88: Verify the error message in injiweb portal | H88: Launch inji web portal Select issuer Select credential Enter invalid details and click on login | I88: Error message is not user readble format | J88: PASS | K88: Yes | L88: UI
A89: INJIWEB-247 | B89: Localization support | C89: INJIWEB-247_TC_01 | E89: Multi languages support | F89: NA | G89: Verify language selection option on home page | H89: 1. Open inji web portal 2. Verify language selection at the right corner | I89: Lang selection option should be present in the right corner | J89: PASS | K89: Yes | L89: UI
A90: INJIWEB-247 | B90: Localization support | C90: INJIWEB-247_TC_02 | E90: Multi languages support | F90: NA | G90: Verify all the configured language options | H90: 1. Open inji web portal 2. Verify language Selection at the right corner 3. Click on the dropdown option for lang selection | I90: All the configured langs should be shown | J90: PASS | K90: Yes | L90: UI
A91: INJIWEB-247 | B91: Localization support | C91: INJIWEB-247_TC_03 | E91: Multi languages support | F91: NA | G91: Verify all the strings are as per the selected lang at the home page | H91: 1. Open inji web portal 2. Click on the dropdown option of lang selection 3. Select arabic | I91: All the the options on the home screen should appear in the selected lang | J91: PASS | K91: Yes | L91: UI
A92: INJIWEB-247 | B92: Localization support | C92: INJIWEB-247_TC_04 | E92: Multi languages support | F92: NA | G92: Verify all the strings as per RTL for arabic at the homepage | H92: 1. Open inji web portal 2. Click on the dropdown option of lang selection 3. Select arabic | I92: All the the options on the home screen should appear in RTL format | J92: PASS | K92: Yes | L92: UI
A93: INJIWEB-247 | B93: Localization support | C93: INJIWEB-247_TC_05 | E93: Multi languages support | F93: NA | G93: Verify search option in all the configured lang for issuers | H93: 1. Open inji web portal 2. Click on the dropdown option for lang selection 3. Enter text and verify search option for issuers | I93: Search option should work for all the langs | J93: PASS | K93: Yes | L93: UI
A94: INJIWEB-247 | B94: Localization support | C94: INJIWEB-247_TC_06 | E94: Multi languages support | F94: NA | G94: Verify the credential details are appered in selected lang | H94: 1. Open inji web portal 2. Click on the dropdown option for lang selection 3. Select a lang 4. Click on an issuer to select credential | I94: In credential page also all the details should be appered in selected lang | J94: PASS | K94: Yes | L94: UI
A95: INJIWEB-247 | B95: Localization support | C95: INJIWEB-247_TC_07 | E95: Multi languages support | F95: NA | G95: Switch lang at credential details page | H95: 1. Open inji web portal 2. Click on the dropdown option for lang selection 3. Select a lang 4. Select any issuer 5. Change the lang at credentials selction page | I95: all the strings should be appereared in new selection lang | J95: PASS | K95: Yes | L95: UI
A96: INJIWEB-247 | B96: Localization support | C96: INJIWEB-247_TC_08 | E96: Multi languages support | F96: NA | G96: Verify search operation at credentials lang page | H96: 1. Open inji web portal 2. Click on the dropdown option for lang selection 3. Select a lang 4. Select any issuer 5. Serach for a particular credentials in selected lang | I96: Serach for credentials should work in the langs | J96: PASS | K96: Yes | L96: UI | M96: automated but cridentials are not changing as per the lang
A97: INJIWEB-247 | B97: Localization support | C97: INJIWEB-247_TC_09 | E97: Multi languages support | F97: NA | G97: Verify search option for arabic for credentials | H97: 1. Open inji web portal 2. Click on the dropdown option for lang selection 3. Select lang as arabic 4. Select any issuer 5. Serach for a particular credentials in ara lang | I97: Letters should accepted in RTL way | J97: PASS | K97: Yes | L97: UI
A98: INJIWEB-247 | B98: Localization support | C98: INJIWEB-247_TC_10 | E98: Multi languages support | F98: NA | G98: Verify authentication window in all the langs | H98: 1. Open inji web portal 2. Click on the dropdown option for lang selection 3. Select a lang 4. Select any issuer 5. Select a credential type | I98: All the options in authentication window should appear in the selected lang | J98: PASS | K98: Yes | L98: UI
A99: INJIWEB-247 | B99: Localization support | C99: INJIWEB-247_TC_11 | E99: Multi languages support | F99: NA | G99: Verify switching lang at authentication window | H99: 1. Open inji web portal 2. Click on the dropdown option for lang selection 3. Select a lang 4. Select any issuer 5. Change the lang at the authentication page | I99: All the options in credential window should appear in the selected lang | J99: PASS | K99: Yes | L99: UI
A100: INJIWEB-247 | B100: Localization support | C100: INJIWEB-247_TC_13 | E100: Multi languages support | F100: NA | G100: Verify lang changes are getting reflected from mimoto-issuers-config.json file | H100: 1. Make changes in mimoto-issuers-config.json file(Ex: display properties) 2. Restart the mimoto service 3. Open and navigate to all the pages in inji-web portal | I100: All the options for credentials and issuers should be reflected as per the config file | J100: PASS | K100: NA | L100: NA | M100: Config change required
...

Sheet Known issues
A1: Issue ID | B1: Summary | C1: Severity
A2: INJIWEB-1680 | B2: Injiweb usability :No user notification when the user entering a second cycle of invalid passcode attempts. | C2: Minor
A3: INJIWEB-1677 | B3: Enhancement Injiweb: Appropriate warning should be displayed before the last attempt before a temporary lock. | C3: Minor
A4: INJIWEB-1676 | B4: Injiweb: Failed password attempts do not show any attempt count and remaining tries before temporary lock. | C4: Major
A5: INJIWEB-1755 | B5: INJI Web - Enhancement - the view passcode icon should be modified when enabled | C5: Minor
A6: INJIWEB-1674 | B6: Inji-web enhancement: The profile section name is not matching the displayed top header name | C6: Minor
A7: INJIWEB-1657 | B7: Injiweb : Inji wallet link in gmail login page is pointing to developer instead of redirecting homepage. | C7: Minor
A8: INJIWEB-1187 | B8: inji-web: even when there is no qr code in the downloaded PDF , we are getting the "Number of Times" credential can be verified message | C8: Major
A9: INJIWEB-1761 | B9: INJI Web - In Open id for vp flow there is no appropriate response to the verifier when user continues as guest | C9: Major
A10: INJIWEB-1802 | B10: INJI Web - The "coming soon" toaster message is not matching with the theme and the functionality in INJI Web | C10: Major
A11: INJIWEB-1834 | B11: Injiweb: Double scrollbars are displayed on the vc after clicking view card option. | C11: Minor
A12: INJIWEB-1694 | B12: Context Property Not Read Correctly from issuer wellknown | C12: Major
... A83: ES-1691 | B83: There is should back button to go back to the previous screen | C83: Major

Sheet NL Android test cases
A1: TestCase_No | B1: Feature | C1: Scenario | D1: Result

Sheet NL ios test cases
A1: TestCase_No | B1: Feature | C1: Scenario | D1: Result

Sheet Bug tracker - Android
B2: Bug tracker
B3: TICKET# | C3: Bug Title | D3: Status | E3: Severity | F3: Notes
B4: https://github.com/mosip/inji/issues/135 | C4: Unable to download credential displayed invalid input Parameter - mobileNumber | D4: OPEN | E4: Blocker
B5: https://github.com/mosip/inji/issues/134 | C5: Unable to download credential displayed UIN not available in Database | D5: OPEN | E5: Blocker
B6: https://github.com/mosip/inji/issues/137 | C6: mpartner-default-mobile partner details is missing in kernel default properties | D6: OPEN | E6: Blocker
B7: https://github.com/mosip/inji/issues/157 | C7: Get UIN/VID text box has a not working question mark | D7: closed
B8: https://github.com/mosip/inji/issues/137 | C8: mpartner-default-mobile partner details is missing in kernel default properties | D8: closed
B9: https://github.com/mosip/inji/issues/135 | C9: Unable to download credential displayed invalid input Parameter - mobileNumber | D9: closed
B10: https://github.com/mosip/inji/issues/178 | C10: Unable to download VC | D10: OPEN | E10: Blocker
B11: https://github.com/mosip/inji/issues/159 | C11: To turn on the bluetooth "Go to setting" button is not working | D11: OPEN
B12: https://github.com/mosip/inji/issues/158 | C12: Get UIN/VID text box has a question mark | D12: OPEN
B13: https://github.com/mosip/inji/issues/155 | C13: VC's border is not round edged properly | D13: OPEN
B14: https://github.com/mosip/inji/issues/153 | C14: Reason for sharing getting over layed out of the VC details | D14: OPEN
B15: https://github.com/mosip/inji/issues/148 | C15: Edit tag option making changes in UIN values in the home screen | D15: OPEN
B16: https://github.com/mosip/inji/issues/147 | C16: full name atribute taking the place of ID type in VC | D16: OPEN
B17: https://github.com/mosip/inji/issues/146 | C17: ID type feild is empty in the downloaded VC | D17: OPEN
B18: https://github.com/mosip/inji/issues/143 | C18: VC address values getting overlaped | D18: OPEN
B19: https://github.com/mosip/inji/issues/142 | C19: MOSIP logo trimed in VC card | D19: OPEN
B20: https://github.com/mosip/inji/issues/140 | C20: VC stuck at loading state in Mobile ID app | D20: OPEN
B21: https://github.com/mosip/inji/issues/196 | C21: Unable to download VC with arabic language UIN | D21: OPEN | E21: Blocker
B22: https://github.com/mosip/inji/issues/197 | C22: RTL is not handled in inji app | D22: OPEN
B23: https://github.com/mosip/inji/issues/199 | C23: The full name attribute is missing in the VC detailed view | D23: OPEN
B24: https://github.com/mosip/inji/issues/200 | C24: VC detailed layout is not ocupying the spaces properly | D24: OPEN
B25: https://github.com/mosip/inji/issues/201 | C25: The android app is not fully capable with diffrent language filters | D25: OPEN
B26: https://github.com/mosip/inji/issues/202 | C26: When the VC card is downloading it has two id type's attribute | D26: OPEN
B27: https://github.com/mosip/inji/issues/228 | C27: Mobile-id mail's where been looped | D27: Open

Sheet Bug tracker - ios
C3: Bug tracker
C4: JIRA # | D4: Bug Title | E4: Status | F4: Notes | H4: new apk
C5: https://github.com/mosip/inji/issues/191 | D5: Application ID text box has a question mark. | E5: Open
C6: https://github.com/mosip/inji/issues/193 | D6: VC's border is not round edged properly | E6: Open
C7: https://github.com/mosip/inji/issues/195 | D7: Renaming VC replacing UIN number in the home screen | E7: Open
C8: https://github.com/mosip/inji/issues/203 | D8: RTL is not handled in inji app | E8: Open
C9: https://github.com/mosip/inji/issues/206 | D9: MOSIP logo trimed in VC card | E9: Open
C10: https://github.com/mosip/inji/issues/208 | D10: Unable to download VC with the UIN which is created in Arabic language. | E10: Open
C11: https://github.com/mosip/inji/issues/209 | D11: Unable to download credential with infant's UIN. | E11: Open
C12: https://github.com/mosip/inji/issues/210 | D12: Message should be revised in sharing device while waiting for receiver to accept VC | E12: Open
C13: https://github.com/mosip/inji/issues/211 | D13: VC is not in card format in sharing device. | E13: Open
C14: https://github.com/mosip/inji/issues/212 | D14: Radio button should be removed if device contain single VC while sharing. | E14: Open
C15: https://github.com/mosip/inji/issues/213 | D15: While Downloading VC field Name is displayed as idtype instead of UIN. | E15: Open
C16: https://github.com/mosip/inji/issues/214 | D16: Message popup in sharing device is still retained even after successful VC share. | E16: Open
... C29: https://github.com/mosip/inji/issues/302 | D29: A successful face match is not displaying the message in sharing device. | E29: Open

Sheet Release-bugs
A1: Bug id | B1: Bug title | C1: ios | D1: android | E1: assignee | F1: status | G1: remarks
A2: 293 | B2: Camera is not launched in verifier's phone even after giving the consent from Resident's phone. | C2: yes | D2: yes | E2: anushree | F2: closed
A3: 291 | B3: otp generation is failing with the error "while generating otp error is occured" | C3: yes | D3: yes | E3: anushree/santhosh | F3: closed
A4: 276 | B4: Inji app crashing while sharing | C4: no | D4: yes | E4: santhosh | F4: closed | H4: closed
A5: 252 | B5: Change the static message on Sharing and Receiving device during sharing ID | C5: yes | D5: yes | E5: anushree/santhosh | F5: Verified and added comment | H5: closed , Android | I5: Added my comment waiting for reply.
A6: 231 | B6: Inji app is not prompting the user to grant location access | C6: yes | D6: no | E6: anushree | F6: closed
A7: 226 | B7: Name and Device reference number fields are missing in sharing device and also on requesting device | C7: no | D7: yes | E7: santhosh | F7: closed | H7: closed
A8: 225 | B8: Name and Device reference number fields are missing in sharing device and also on requesting device | C8: yes | D8: no | E8: anushree | F8: re-opened | H8: Added my comments
A9: 223 | B9: In inji app still labels and button remained in english even after language switch | C9: yes | D9: no | E9: anushree | F9: re-opened | H9: reopen
A10: 220 | B10: Even though requesting credential with VID still we see UIN detials in the app | C10: no | D10: yes | E10: santhosh | F10: Assigned for testing | G10: story not provided yet
A11: 219 | B11: Even though requesting credential with VID still we see UIN detials in the app | C11: yes | D11: no | E11: anushree | F11: VID support not available
A12: 217 | B12: The ADD ID button is getting stacked down by the VC card | C12: yes | D12: no | E12: anushree | F12: closed | H12: closed
A13: 216 | B13: The ADD ID getting stacked down by the VC card | C13: no | D13: yes | E13: santhosh | F13: closed
A14: 215 | B14: Mobile id API credentials are not moving to printing state | E14: santhosh | F14: closed
A15: 213 | B15: While Downloading VC field Name is displayed as idtype instead of UIN. | C15: yes | D15: no | E15: anushree | F15: closed
A16: 212 | B16: Radio button should be removed if device contain single VC while sharing. | C16: yes | D16: no | E16: anushree | F16: closed
A17: 209 | B17: Unable to download credential with infant's UIN | C17: yes | D17: no | E17: anushree | F17: Assigned for testing
A18: 205 | B18: Full name attribute is missing in detail view screen of VC | C18: yes | D18: no | E18: anushree | F18: closed
A19: 203 | B19: RTL is not handled in inji app | C19: yes | D19: no | E19: anushree | F19: re-opened | H19: reopen
A20: 199 | B20: The full name attribute is missing in the VC detailed view | C20: no | D20: yes | E20: santhosh | F20: closed
A21: 197 | B21: RTL is not handled in inji app | C21: no | D21: yes | E21: santhosh | F21: re-opened | G21: check in this build
A22: 196 | B22: Unable to download VC with arabic language UIN | C22: no | D22: yes | E22: santhosh | F22: re-opened
A23: 195 | B23: Renaming VC replacing UIN number in the home screen | C23: yes | D23: no | E23: anushree | F23: closed
A24: 191 | B24: Application ID text box has a question mark. | C24: yes | D24: no | E24: anushree | F24: re-opened
A25: 187 | B25: Unable to delete the numbers in the textbox in AID screen | C25: yes | D25: no | E25: anushree | F25: closed
A26: 158 | B26: Get UIN/VID text box has a question mark | C26: no | D26: yes | E26: santhosh | F26: re-opened
A27: 156 | B27: When a requesting device cancels a sharing request device details are still displayed in the sharing device | E27: santhosh | F27: closed
A28: 155 | B28: VC's border is not round edged properly | C28: no | D28: yes | E28: santhosh | F28: re-opened
A29: 154 | B29: Connection is not established even after scanning qr code | C29: yes | D29: no | E29: anushree | F29: closed
A30: 140 | B30: VC stuck at loading state in Mobile ID app | C30: no | D30: yes | E30: santhosh | F30: closed | H30: closed
A31: 114 | B31: Mobile id - can't change the field from uin to vid while generating id | C31: yes | D31: yes | E31: anushree/santhosh | F31: closed
A32: 112 | B32: App is continuously flickering when app is open but phone kept idle for some duration | C32: no | D32: yes | E32: santhosh | F32: re-opened | H32: Added my comments
A33: 111 | B33: mobile id - Template exceptionServiceError occurring while downloading VC | C33: no | D33: yes | E33: santhosh | F33: re-opened
A34: 110 | B34: mobile id - 2 buttons are displayed in APK home page | C34: no | D34: yes | E34: santhosh | F34: re-opened | H34: reopen
A35: 94 | B35: When Residents request VC with VID the UIN label should be changed to VID | C35: no | D35: yes | E35: santhosh | F35: story not provided yet
A36: 79 | B36: "network request failed" message is still showing after the network is connected when we try to add id and when otp is provided | C36: no | D36: yes | E36: santhosh | F36: closed
A37: 261 | B37: iOS: app should detect if the user’s biometrics changes in the device settings page | C37: yes | D37: no | E37: anushree | F37: Not assigned for testing
A38: 260 | B38: Error message should be revised when biometrics is not enrolled in device settings page but still resident use biometric unlock | C38: no | D38: yes | E38: santhosh | F38: closed
A39: 259 | B39: Error message should be revised when biometrics is not enrolled in device settings page but still resident use biometric unlock | C39: yes | D39: no | E39: anushree | F39: closed | H39: closed
A40: 210 | B40: Message should be revised in sharing device while waiting for receiver to accept VC | C40: yes | D40: no | E40: anushree | F40: re-opened
A41: 90 | B41: Mobile app session should get expire ,if the app is opened longer time | C41: no | D41: yes | E41: santhosh | F41: Check if we can verify this bug
A42: 87 | B42: The error message "connection interrupted" should be revised to more user friendly message | C42: no | D42: yes | E42: santhosh | F42: Check if we can verify this bug
A43: 201 | B43: The inji app is not supported with multi language | C43: no | D43: yes | E43: santhosh | F43: re-opened
A44: 280 | B44: App crashed after viewing a Received ID | C44: yes | D44: yes | E44: anushree/santhosh | F44: Verified and added comment | G44: closable form android
A45: 214 | B45: Message popup in sharing device is still retained even after successful VC share | C45: yes | D45: yes | E45: anushree/santhosh | F45: closed
A46: 249 | B46: When Cancel button is clicked during sharing, no prompt is displayed on the receiving device that the sharing was cancelled | C46: yes | D46: yes | E46: anushree/santhosh | F46: re-opened
A47: 250 | B47: No prompt is displayed on the Sharing device when Cancel is clicked on the Receiving device during sharing | C47: yes | D47: yes | E47: anushree/santhosh | F47: re-opened
A48: 214 | B48: Message popup in sharing device is still retained even after successful VC share. | C48: yes | D48: no | E48: anushree | F48: closed
A49: 291 | B49: otp generation is failing with the error "while generating otp error is occured | C49: yes | D49: yes | E49: anushree/santhosh | F49: closed
A50: 324 | B50: The consent was automatically selected while sharing | C50: no | D50: yes | E50: santhosh | F50: closed
A51: 325 | B51: The consent was automatically selected in the second attempt of sharing | C51: yes | D51: no | E51: anushree | F51: Closed
A52: 330 | B52: iOS : Audit should be logged for rejection of incoming VC by Receiver. | C52: yes | D52: no | E52: anushree | F52: Closed
A53: 351 | B53: Android - Able to get inside app without adding pin | C53: no | D53: yes | E53: santhosh | F53: closed
A54: 373 | B54: iOS - Able to unlock the inji app just with biometrics without passcode as a fallback | C54: yes | D54: no | E54: anushree | F54: Closed
A55: 201 | B55: The inji app is not supported with multi language | C55: yes | D55: yes | E55: santhosh | F55: Assigned for testing
A56: 155 | B56: VC's border is not round edged properly | C56: no | D56: yes | E56: santhosh | F56: Assigned for testing | G56: comment added
A57: 211 | B57: VC is not in card format in sharing device. | C57: yes | D57: no | E57: anushree | F57: Closed
A58: 232 | B58: VC detailed layout is not ocupying the spaces properly | C58: yes | D58: yes | E58: anushree/santhosh | F58: re-opened | G58: Re-opened from iOS | H58: comment added, closable from android side
A59: 383 | B59: Android - spelling mistake in the tips/user guide note | C59: yes | D59: yes | E59: anushree/santhosh | F59: Closed | H59: comment added, closable from android side
A60: 94 | B60: When Residents request VC with VID the UIN label should be changed to VID | C60: no | D60: yes | E60: santhosh | F60: VID support not available
A61: 200 | B61: VC detailed layout is not ocupying the spaces properly | C61: no | D61: yes | E61: santhosh | F61: closed
A62: 202 | B62: When the VC card is downloading it has two id type's attribute | C62: no | D62: yes | E62: santhosh | F62: closed

Sheet BLE testing-sharing flow
A1: Device names | B1: verifier | C1: wallet | D1: BLE sanity status | E1: Status with jan 30th build | F1: remarks | G1: Status with Feb 8th build | I1: app size after installation | J1: app size after 1 vc download | K1: app size after 4 vc download
A2: redmi 6A, redmi 7A | B2: Android 9 BLE 4.2 | C2: Android 10 BLE 4.2 | D2: normal sharing | E2: pass | G2: pass
A3: redmi 6A, redmi 7A | B3: Android 9 BLE 4.3 | C3: Android 10 BLE 4.3 | D3: face auth on resident's phone | E3: pass | G3: pass
A4: redmi 6A, redmi 7A | B4: Android 9 BLE 4.4 | C4: Android 10 BLE 4.4 | D4: face auth on receiver's phone | E4: Pass | G4: pass
A6: Redmi 6A, Redmi note 10 lite | B6: Android 9 BLE 4.2 | C6: Android 10 BLE 5.0 | D6: normal sharing | E6: fail | F6: second attempt not working | G6: pass
A7: Redmi 6A, Redmi note 10 lite | B7: Android 9 BLE 4.2 | C7: Android 10 BLE 5.0 | D7: face auth on resident's phone | E7: pass | G7: pass
A8: Redmi 6A, Redmi note 10 lite | B8: Android 9 BLE 4.2 | C8: Android 10 BLE 5.0 | D8: face auth on receiver's phone | E8: pass | G8: pass
A10: redmi 7A, redmi note 10 lite | B10: Android 10 BLE 4.2 | C10: Android 10 BLE 5.0 | D10: normal sharing | E10: pass | G10: pass
A11: redmi 7A, redmi note 10 lite | B11: Android 10 BLE 4.2 | C11: Android 10 BLE 5.0 | D11: face auth on resident's phone | E11: pass | G11: pass
A12: redmi 7A, redmi note 10 lite | B12: Android 10 BLE 4.2 | C12: Android 10 BLE 5.0 | D12: face auth on receiver's phone | E12: pass | G12: pass | P12: device name | Q12: verifier | R12: wallet
P13: redmi 6A, redmi 7A | Q13: Android 9 BLE 4.2 | R13: Android 10 BLE 4.2
A14: redmi 7A, Vivo Y73 | B14: Android 10 BLE 4.2 | C14: Android 12 BLE 5.0 | D14: normal sharing | E14: Pass | G14: pass | P14: Redmi 6A, Redmi note 10 lite | Q14: Android 9 BLE 4.2 | R14: Android 10 BLE 5.0
A15: redmi 7A, Vivo Y74 | B15: Android 10 BLE 4.2 | C15: Android 12 BLE 5.0 | D15: face auth on resident's phone | E15: pass | G15: pass | P15: redmi 7A, redmi note 10 lite | Q15: Android 10 BLE 4.2 | R15: Android 10 BLE 5.0
A16: redmi 7A, Vivo Y75 | B16: Android 10 BLE 4.2 | C16: Android 12 BLE 5.0 | D16: face auth on receiver's phone | E16: Pass | G16: pass | P16: redmi 7A, Vivo Y73 | Q16: Android 10 BLE 4.2 | R16: Android 12 BLE 5.0
P17: redmi note 10 lite, samsung galaxy A03 core | Q17: Android 10 BLE 5.0 | R17: Android 11 BLE 4.2
A18: redmi note 10 lite, samsung galaxy A03 core | B18: Android 10 BLE 5.0 | C18: Android 11 BLE 4.2 | D18: normal sharing | E18: pass | G18: pass | P18: samsung galaxy A03 core, redmi note 10 lite | Q18: Android 11 BLE 4.2 | R18: Android 10 BLE 5.0
A19: redmi note 10 lite, samsung galaxy A03 core | B19: Android 10 BLE 5.0 | C19: Android 11 BLE 4.2 | D19: face auth on resident's phone | E19: pass | G19: pass | P19: redmi note 10 lite, redmi K20 pro | Q19: Android 10 BLE 5.0 | R19: Android 11 BLE 5.0
A20: redmi note 10 lite, samsung galaxy A03 core | B20: Android 10 BLE 5.0 | C20: Android 11 BLE 4.2 | D20: face auth on receiver's phone | E20: pass | G20: pass | P20: redmi K20 pro, redmi note 10 lite | Q20: Android 11 BLE 5.0 | R20: Android 10 BLE 5.0
P21: redmi note 10 lite, Vivo Y73 | Q21: Android 10 BLE 5.0 | R21: Android 12 BLE 5.0
A22: samsung galaxy A03 core, redmi note 10 lite | B22: Android 11 BLE 4.2 | C22: Android 10 BLE 5.0 | D22: normal sharing | E22: pass | G22: pass | P22: Redmi 7A, Redmi 6A | Q22: Android 10 BLE 4.2 | R22: Android 9 BLE 4.2
A23: samsung galaxy A03 core, redmi note 10 lite | B23: Android 11 BLE 4.2 | C23: Android 10 BLE 5.0 | D23: face auth on resident's phone | E23: pass | G23: pass | P23: redmi note 10 lite, redmi 7A | Q23: Android 10 BLE 4.2 | R23: Android 9 BLE 4.2
A24: samsung galaxy A03 core, redmi note 10 lite | B24: Android 11 BLE 4.2 | C24: Android 10 BLE 5.0 | D24: face auth on receiver's phone | E24: pass | G24: pass | P24: redmi note 10 lite, redmi 6A | Q24: Android 10 BLE 5.0 | R24: Android 9 BLE 4.2
P25: redmi K20 pro, Redmi 7A | Q25: Android 11 BLE 5.0 | R25: Android 10 BLE 4.2
A26: redmi note 10 lite, redmi K20 pro | B26: Android 10 BLE 5.0 | C26: Android 11 BLE 5.0 | D26: normal sharing | E26: pass | G26: pass | P26: Vivo Y73, Redmi 7A | Q26: Android 12 BLE 5.0 | R26: Android 10 BLE 4.2
A27: redmi note 10 lite, redmi K20 pro | B27: Android 10 BLE 5.0 | C27: Android 11 BLE 5.0 | D27: face auth on resident's phone | E27: pass | G27: pass | P27: Vivo Y73, Redmi Note 10 lite | Q27: Android 12 BLE 5.0 | R27: Android 10 BLE 5.0
A28: redmi note 10 lite, redmi K20 pro | B28: Android 10 BLE 5.0 | C28: Android 11 BLE 5.0 | D28: face auth on receiver's phone | E28: pass | G28: pass | P28: Redmi K20 pro, Redmi note 10 lite | Q28: Android 11 BLE 5.0 | R28: Android 10 BLE 5.0
P29: Redmi note 10 lite, redmi K20 pro | Q29: Android 10 BLE 5.0 | R29: Android 11 BLE 5.0
A30: redmi K20 pro, redmi note 10 lite | B30: Android 11 BLE 5.0 | C30: Android 10 BLE 5.0 | D30: normal sharing | E30: pass | G30: pass
A31: redmi K20 pro, redmi note 10 lite | B31: Android 11 BLE 5.0 | C31: Android 10 BLE 5.0 | D31: face auth on resident's phone | E31: pass | G31: pass
A32: redmi K20 pro, redmi note 10 lite | B32: Android 11 BLE 5.0 | C32: Android 10 BLE 5.0 | D32: face auth on receiver's phone | E32: pass | G32: pass
A34: redmi note 10 lite, Vivo Y73 | B34: Android 10 BLE 5.0 | C34: Android 12 BLE 5.0 | D34: normal sharing | E34: fail | F34: second attempt not working | G34: pass
A35: redmi note 10 lite, Vivo Y73 | B35: Android 10 BLE 5.0 | C35: Android 12 BLE 5.0 | D35: face auth on resident's phone | E35: Pass | G35: pass
A36: redmi note 10 lite, Vivo Y73 | B36: Android 10 BLE 5.0 | C36: Android 12 BLE 5.0 | D36: face auth on receiver's phone | E36: Pass | G36: pass
A38: Redmi 7A, Redmi 6A | B38: Android 10 BLE 4.2 | C38: Android 9 BLE 4.2 | D38: normal sharing | E38: pass | G38: pass
A39: Redmi 7A, Redmi 6A | B39: Android 10 BLE 4.2 | C39: Android 9 BLE 4.2 | D39: face auth on resident's phone | E39: pass | G39: pass
A40: Redmi 7A, Redmi 6A | B40: Android 10 BLE 4.2 | C40: Android 9 BLE 4.2 | D40: face auth on receiver's phone | E40: pass | G40: pass
A42: redmi note 10 lite, redmi 7A | B42: Android 10 BLE 5.0 | C42: Android 10 BLE 4.2 | D42: normal sharing | E42: pass | G42: pass
A43: redmi note 10 lite, redmi 7A | B43: Android 10 BLE 5.0 | C43: Android 10 BLE 4.2 | D43: face auth on resident's phone | E43: pass | G43: pass
A44: redmi note 10 lite, redmi 7A | B44: Android 10 BLE 5.0 | C44: Android 10 BLE 4.2 | D44: face auth on receiver's phone | E44: pass | G44: pass
A47: redmi note 10 lite, redmi 6A | B47: Android 10 BLE 5.0 | C47: Android 9 BLE 4.2 | D47: normal sharing | E47: fail | F47: second attempt not working | G47: pass
A48: redmi note 10 lite, redmi 6A | B48: Android 10 BLE 5.0 | C48: Android 9 BLE 4.2 | D48: face auth on resident's phone | E48: pass | G48: pass
A49: redmi note 10 lite, redmi 6A | B49: Android 10 BLE 5.0 | C49: Android 9 BLE 4.2 | D49: face auth on receiver's phone | E49: pass | G49: pass
A51: redmi K20 pro, Redmi 7A | B51: Android 11 BLE 5.0 | C51: Android 10 BLE 4.2 | D51: normal sharing | E51: pass | G51: pass
A52: redmi K20 pro, Redmi 7A | B52: Android 11 BLE 5.0 | C52: Android 10 BLE 4.2 | D52: face auth on resident's phone | E52: pass | G52: pass
A53: redmi K20 pro, Redmi 7A | B53: Android 11 BLE 5.0 | C53: Android 10 BLE 4.2 | D53: face auth on receiver's phone | E53: pass | G53: pass
A56: Vivo Y73, Redmi 7A | B56: Android 12 BLE 5.0 | C56: Android 10 BLE 4.2 | D56: normal sharing | E56: fail | F56: second attempt not working | G56: pass
A57: Vivo Y73, Redmi 7A | B57: Android 12 BLE 5.0 | C57: Android 10 BLE 4.2 | D57: face auth on resident's phone | E57: pass | G57: pass
A58: Vivo Y73, Redmi 7A | B58: Android 12 BLE 5.0 | C58: Android 10 BLE 4.2 | D58: face auth on receiver's phone | E58: pass | G58: pass
A60: Vivo Y73, Redmi Note 10 lite | B60: Android 12 BLE 5.0 | C60: Android 10 BLE 5.0 | D60: normal sharing | E60: fail | F60: app crashing intermittently while connecting | G60: pass
A61: Vivo Y73, Redmi Note 10 lite | B61: Android 12 BLE 5.0 | C61: Android 10 BLE 5.0 | D61: face auth on resident's phone | E61: pass | G61: pass
A62: Vivo Y73, Redmi Note 10 lite | B62: Android 12 BLE 5.0 | C62: Android 10 BLE 5.0 | D62: face auth on receiver's phone | E62: pass | G62: pass
A64: Vivo Y73, Redmi K20 pro | B64: Android 12 BLE 5.0 | C64: Android 11 BLE 5.0 | D64: normal sharing | E64: fail | F64: app crashing intermittently while connecting | G64: pass
A65: Vivo Y73, Redmi K20 pro | B65: Android 12 BLE 5.0 | C65: Android 11 BLE 5.0 | D65: face auth on resident's phone | E65: fail | G65: pass
A66: Vivo Y73, Redmi K20 pro | B66: Android 12 BLE 5.0 | C66: Android 11 BLE 5.0 | D66: face auth on receiver's phone | E66: pass | G66: pass
A68: Redmi K20 pro, vivo Y73 | B68: Android 11 BLE 5.0 | C68: Android 12 BLE 5.0 | D68: normal sharing | E68: fail | F68: device not connecting in this specific roles | G68: blocked
A69: Redmi K20 pro, vivo Y73 | B69: Android 11 BLE 5.0 | C69: Android 12 BLE 5.0 | D69: face auth on resident's phone | E69: blocked | G69: blocked
A70: Redmi K20 pro, vivo Y73 | B70: Android 11 BLE 5.0 | C70: Android 12 BLE 5.0 | D70: face auth on receiver's phone | E70: blocked | G70: blocked
A72: Redmi K20 pro, Redmi note 10 lite | B72: Android 11 BLE 5.0 | C72: Android 10 BLE 5.0 | D72: normal sharing | E72: pass | G72: pass
A73: Redmi K20 pro, Redmi note 10 lite | B73: Android 11 BLE 5.0 | C73: Android 10 BLE 5.0 | D73: face auth on resident's phone | E73: pass | G73: pass
A74: Redmi K20 pro, Redmi note 10 lite | B74: Android 11 BLE 5.0 | C74: Android 10 BLE 5.0 | D74: face auth on receiver's phone | E74: fail | F74: Face auth failed | G74: pass
A76: Redmi note 10 lite, redmi K20 pro | B76: Android 10 BLE 5.0 | C76: Android 11 BLE 5.0 | D76: normal sharing | E76: pass | G76: pass
A77: Redmi note 10 lite, redmi K20 pro | B77: Android 10 BLE 5.0 | C77: Android 11 BLE 5.0 | D77: face auth on resident's phone | E77: fail | F77: Face auth failed | G77: pass
A78: Redmi note 10 lite, redmi K20 pro | B78: Android 10 BLE 5.0 | C78: Android 11 BLE 5.0 | D78: face auth on receiver's phone | E78: pass | G78: pass
A80: vivo y73 , iphone 11 | B80: Android 12 BLE 5.0 | C80: iPhone 15 BLE 5.0 | D80: normal sharing | E80: fail | F80: app crashing | G80: intermittently sharing is not working | H80: ios as wallet
A81: vivo y73 , iphone 11 | B81: Android 12 BLE 5.0 | C81: iPhone 15 BLE 5.0 | D81: face auth on resident's phone | E81: fail | F81: app crashing | G81: intermittently sharing is not working | H81: android as verifier
A82: vivo y73 , iphone 11 | B82: Android 12 BLE 5.0 | C82: iPhone 15 BLE 5.0 | D82: face auth on receiver's phone | E82: fail | F82: app crashing | G82: intermittently sharing is not working
A84: k20 pro , iphone 8 | B84: Android 11 BLE 5.0 | C84: iphone 16 BLE 5.0 | D84: normal sharing | E84: Blocked | G84: intermittently sharing is not working
A85: k20 pro , iphone 8 | B85: Android 11 BLE 5.0 | C85: iphone 16 BLE 5.0 | D85: face auth on resident's phone | E85: Blocked | G85: intermittently sharing is not working
A86: k20 pro , iphone 8 | B86: Android 11 BLE 5.0 | C86: iphone 16 BLE 5.0 | D86: face auth on receiver's phone | E86: Blocked | G86: intermittently sharing is not working
A88: k20 pro , iphone 11 | B88: Android 11 BLE 5.0 | C88: iPhone 15 BLE 5.0 | D88: normal sharing | E88: intermittently | G88: intermittently sharing is not working
A89: k20 pro , iphone 11 | B89: Android 11 BLE 5.0 | C89: iPhone 15 BLE 5.0 | D89: face auth on resident's phone | E89: intermittently | G89: intermittently sharing is not working
A90: k20 pro , iphone 11 | B90: Android 11 BLE 5.0 | C90: iPhone 15 BLE 5.0 | D90: face auth on receiver's phone | E90: intermittently | G90: intermittently sharing is not working
A92: redmi 7a , iphone 8 | B92: Android 10 BLE 4.2 | C92: iphone 16 BLE 5.0 | D92: normal sharing | G92: Blocked
A93: redmi 7a , iphone 8 | B93: Android 10 BLE 4.2 | C93: iphone 16 BLE 5.0 | D93: face auth on resident's phone | G93: Blocked
A94: redmi 7a , iphone 8 | B94: Android 10 BLE 4.2 | C94: iphone 16 BLE 5.0 | D94: face auth on receiver's phone | G94: Blocked
A97: redmi 6a, iphone 7 | B97: Android 9 BLE 4.2 | C97: iphone 15.6 BLE 4.2 | D97: normal sharing | G97: Blocked
A98: redmi 6a, iphone 7 | B98: Android 9 BLE 4.2 | C98: iphone 15.6 BLE 4.2 | D98: face auth on resident's phone | G98: Blocked
A99: redmi 6a, iphone 7 | B99: Android 9 BLE 4.2 | C99: iphone 15.6 BLE 4.2 | D99: face auth on receiver's phone | G99: Blocked
A102: redmi 7a , iphone 7 | B102: Android 10 BLE 4.2 | C102: iphone 15.6 BLE 4.2 | D102: normal sharing | E102: Blocked
A103: redmi 7a , iphone 7 | B103: Android 10 BLE 4.2 | C103: iphone 15.6 BLE 4.2 | D103: face auth on resident's phone | E103: Blocked
A104: redmi 7a , iphone 7 | B104: Android 10 BLE 4.2 | C104: iphone 15.6 BLE 4.2 | D104: face auth on receiver's phone | E104: Blocked

Sheet BLE testing-independant feature
B1: Sanity | C1: Status
A2: Android 10 BLE 4.2 | B2: Passcode unlock | C2: Pass
B3: biometric unlock | C3: N/A
B4: downloading VC with VID | C4: Pass
B5: wallet binding | C5: Pass
B6: qrcode login | C6: Pass
A8: Android 12 BLE 5.0 | B8: Passcode unlock | C8: Pass
B9: biometric unlock | C9: pass
B10: downloading VC with VID | C10: pass
B11: wallet binding | C11: Pass
B12: qrcode login | C12: Pass
A14: Android 9 BLE 4.2 | B14: Passcode unlock
B15: biometric unlock
B16: downloading VC with VID
B17: wallet binding
B18: qrcode login
A20: Android 10 BLE 5.0 | B20: Passcode unlock | C20: pass
B21: biometric unlock | C21: pass
B22: downloading VC with VID | C22: pass
B23: wallet binding | C23: fail
B24: qrcode login | C24: pass
A26: Android 11 BLE 5.0 | B26: Passcode unlock | C26: pass
B27: biometric unlock | C27: pass
B28: downloading VC with VID | C28: pass
B29: wallet binding | C29: pass
B30: qrcode login | C30: fail
A32: Android 11 BLE 4.2 | B32: Passcode unlock | C32: pass
B33: biometric unlock | C33: fail
B34: downloading VC with VID
B35: wallet binding
B36: qrcode login

Sheet Sheet3
A2: Requestor | B2: Sender
A3: Android 9 BLE 4.2 | B3: Android 10 BLE 4.2
A4: Android 9 BLE 4.2 | B4: Android 10 BLE 5.0
A5: Android 10 BLE 4.2 | B5: Android 11 BLE 5.0
A6: Android 10 BLE 4.2 | B6: Android 10 BLE 5.0
A7: Android 10 BLE 4.2 | B7: Android 12 BLE 5.0
A8: Android 10 BLE 5.0 | B8: Android 10 BLE 5.0
A9: Android 10 BLE 5.0 | B9: Android 11 BLE 5.0 | F9: device name
A10: Android 10 BLE 5.0 | B10: Android 12 BLE 5.0 | F10: redmi 6A | G10: Android 9 BLE 4.2
F11: redmi 7A | G11: Android 10 BLE 4.2
F12: redmi note 10 lite | G12: Android 10 BLE 5.0
F14: redmi note 10 lite, samsung galaxy A03 core | G14: Android 10 BLE 5.0
F15: samsung galaxy A03 core, redmi note 10 lite | G15: Android 11 BLE 4.2
F16: redmi note 10 lite, redmi K20 pro | G16: Android 10 BLE 5.0
F17: redmi K20 pro, redmi note 10 lite | G17: Android 11 BLE 5.0
F18: redmi note 10 lite, Vivo Y73 | G18: Android 10 BLE 5.0
F19: Redmi 7A, Redmi 6A | G19: Android 10 BLE 4.2
F20: redmi note 10 lite, redmi 7A | G20: Android 10 BLE 4.2
A21: Android 12 BLE 5.0 | B21: iPhone 15 BLE 5.0 | F21: redmi note 10 lite, redmi 6A | G21: Android 10 BLE 5.0
F22: redmi K20 pro, Redmi 7A | G22: Android 11 BLE 5.0
F23: Vivo Y73, Redmi 7A | G23: Android 12 BLE 5.0
F24: Vivo Y73, Redmi Note 10 lite | G24: Android 12 BLE 5.0
F25: Redmi K20 pro, Redmi note 10 lite | G25: Android 11 BLE 5.0
F26: Redmi note 10 lite, redmi K20 pro | G26: Android 10 BLE 5.0
