Workbook

Sheet Verification - Summary
B2: Details | C2: Stories Tested | D2: UI Test Cases | L2: UI Stories | S2: API Stories | Z2: Browser Versions used for Desktop/Laptop testing | AB2: Tested on qa-core env with components
C3: Total | D3: Total | E3: With Stories | F3: w/o Stories | G3: Pass | H3: Fail | I3: Not tested | L3: Story | M3: Test Results | S3: Story | T3: Test Results | Z3: Chrome: Version 142.0.7444.59 | AB3: docker.io/mosipdev/alpine:latest
B4: Partner Management Revamp | C4: 158 | D4: =COUNTA('PMS-UI-Test Cases'!C2:C67405) -> 6564 | E4: =SUM(M4:M7000) -> 6560 | F4: =D4-E4 -> 4 | G4: =COUNTIF('PMS-UI-Test Cases'!I1:I6971, "Pass") -> 6499 | H4: =COUNTIF('PMS-UI-Test Cases'!I1:I6971, "Fail") -> 34 | I4: =COUNTIF('PMS-UI-Test Cases'!I1:I6971, "NA") -> 31 | L4: =IFERROR(__xludf.Q9("UNIQUE(FILTER('PMS-Test Cases'!A2:A2013, 'PMS-Test Cases'!A2:A2013<>""""))"),"MOSIP-32692") -> MOSIP-32692 | M4: 22 | N4: 22 | O4: =COUNTIFS('PMS-UI-Test Cases'!A2:A2212,L4,'PMS-UI-Test Cases'!C2:C2212,"<>"&"",'PMS-UI-Test Cases'!I2:I2212,"Fail") -> 0 | P4: =M4-N4-O4 -> 0 | S4: MOSIP_34935 | T4: 5 | U4: 5 | V4: =COUNTIFS('PMS-UI-Test Cases'!G2:G2212,S4,'PMS-UI-Test Cases'!I2:I2212,"<>"&"",'PMS-UI-Test Cases'!O2:O2212,"Fail") -> 0 | W4: =T4-U4-V4 -> 0 | Z4: Firefox: Version 144.0.2 | AB4: docker.io/mosipdev/apitest-pms:release-1.3.x
L5: =IFERROR(__xludf.DUMMYFUNCTION("""COMPUTED_VALUE"""),"MOSIP-32672") -> MOSIP-32672 | M5: =COUNTIFS('PMS-UI-Test Cases'!A2:A2879,L5,'PMS-UI-Test Cases'!C2:C2879,"<>"&"") -> 18 | N5: =COUNTIFS('PMS-UI-Test Cases'!A2:A2879,L5,'PMS-UI-Test Cases'!C2:C2879,"<>"&"",'PMS-UI-Test Cases'!I2:I2879,"PASS") -> 18 | O5: =COUNTIFS('PMS-UI-Test Cases'!A3:A2213,L5,'PMS-UI-Test Cases'!C3:C2213,"<>"&"",'PMS-UI-Test Cases'!I3:I2213,"Fail") -> 0 | P5: =M5-N5-O5 -> 0 | S5: MOSIP-33320 | T5: 10 | U5: 10 | V5: =COUNTIFS('PMS-UI-Test Cases'!G2:G2213,S5,'PMS-UI-Test Cases'!I2:I2213,"<>"&"",'PMS-UI-Test Cases'!O2:O2213,"Fail") -> 0 | W5: =T5-U5-V5 -> 0 | Z5: Edge: Version 142.0.3595.53 | AB5: docker.io/mosipdev/apitest-prereg:develop
B6: Total | C6: =SUM(C3:C5) -> 158 | D6: =SUM(D3:D5) -> 6564 | E6: =SUM(E3:E5) -> 6560 | F6: =SUM(F3:F5) -> 4 | G6: =SUM(G3:G5) -> 6499 | H6: =SUM(H3:H5) -> 34 | I6: =SUM(I3:I5) -> 31 | L6: =IFERROR(__xludf.DUMMYFUNCTION("""COMPUTED_VALUE"""),"MOSIP-32957") -> MOSIP-32957 | M6: =COUNTIFS('PMS-UI-Test Cases'!A2:A2880,L6,'PMS-UI-Test Cases'!C2:C2880,"<>"&"") -> 28 | N6: =COUNTIFS('PMS-UI-Test Cases'!A2:A2880,L6,'PMS-UI-Test Cases'!C2:C2880,"<>"&"",'PMS-UI-Test Cases'!I2:I2880,"PASS") -> 28 | O6: =COUNTIFS('PMS-UI-Test Cases'!A4:A2214,L6,'PMS-UI-Test Cases'!C4:C2214,"<>"&"",'PMS-UI-Test Cases'!I4:I2214,"Fail") -> 0 | P6: =M6-N6-O6 -> 0 | S6: MOSIP-33487 | T6: 12 | U6: 12 | V6: =COUNTIFS('PMS-UI-Test Cases'!G3:G2214,S6,'PMS-UI-Test Cases'!I3:I2214,"<>"&"",'PMS-UI-Test Cases'!O3:O2214,"Fail") -> 0 | W6: =T6-U6-V6 -> 0 | Z6: Safari: Version 18.6 (20621.3.11.11.3 | AB6: docker.io/mosipdev/auditsweeper:develop
L7: =IFERROR(__xludf.DUMMYFUNCTION("""COMPUTED_VALUE"""),"MOSIP-33227") -> MOSIP-33227 | M7: =COUNTIFS('PMS-UI-Test Cases'!A2:A2881,L7,'PMS-UI-Test Cases'!C2:C2881,"<>"&"") -> 41 | N7: =COUNTIFS('PMS-UI-Test Cases'!A3:A2881,L7,'PMS-UI-Test Cases'!C3:C2881,"<>"&"",'PMS-UI-Test Cases'!I3:I2881,"PASS") -> 41 | O7: =COUNTIFS('PMS-UI-Test Cases'!A5:A2215,L7,'PMS-UI-Test Cases'!C5:C2215,"<>"&"",'PMS-UI-Test Cases'!I5:I2215,"Fail") -> 0 | P7: =M7-N7-O7 -> 0 | S7: MOSIP-33499 | T7: 3 | U7: 3 | V7: =COUNTIFS('PMS-UI-Test Cases'!G4:G2215,S7,'PMS-UI-Test Cases'!I4:I2215,"<>"&"",'PMS-UI-Test Cases'!O4:O2215,"Fail") -> 0 | W7: =T7-U7-V7 -> 0 | AB7: docker.io/mosipdev/captcha-validation-service:develop
B8: Details | C8: Stories Tested | D8: API Test Cases | L8: =IFERROR(__xludf.DUMMYFUNCTION("""COMPUTED_VALUE"""),"MOSIP-33207") -> MOSIP-33207 | M8: =COUNTIFS('PMS-UI-Test Cases'!A3:A2882,L8,'PMS-UI-Test Cases'!C3:C2882,"<>"&"") -> 37 | N8: =COUNTIFS('PMS-UI-Test Cases'!A4:A2882,L8,'PMS-UI-Test Cases'!C4:C2882,"<>"&"",'PMS-UI-Test Cases'!I4:I2882,"PASS") -> 37 | O8: =COUNTIFS('PMS-UI-Test Cases'!A6:A2216,L8,'PMS-UI-Test Cases'!C6:C2216,"<>"&"",'PMS-UI-Test Cases'!I6:I2216,"Fail") -> 0 | P8: =M8-N8-O8 -> 0 | S8: MOSIP-33643 | T8: 12 | U8: 12 | V8: =COUNTIFS('PMS-UI-Test Cases'!G5:G2216,S8,'PMS-UI-Test Cases'!I5:I2216,"<>"&"",'PMS-UI-Test Cases'!O5:O2216,"Fail") -> 0 | W8: =T8-U8-V8 -> 0 | Z8: Browser Versions used for Tablet testing | AB8: docker.io/mosipdev/dsl-orchestrator:develop
C9: Total | D9: Total | E9: With Stories | F9: w/o Stories | G9: Pass | H9: Fail | I9: Not tested | L9: =IFERROR(__xludf.DUMMYFUNCTION("""COMPUTED_VALUE"""),"MOSIP-33217") -> MOSIP-33217 | M9: =COUNTIFS('PMS-UI-Test Cases'!A4:A2883,L9,'PMS-UI-Test Cases'!C4:C2883,"<>"&"") -> 35 | N9: =COUNTIFS('PMS-UI-Test Cases'!A5:A2883,L9,'PMS-UI-Test Cases'!C5:C2883,"<>"&"",'PMS-UI-Test Cases'!I5:I2883,"PASS") -> 35 | O9: =COUNTIFS('PMS-UI-Test Cases'!A7:A2217,L9,'PMS-UI-Test Cases'!C7:C2217,"<>"&"",'PMS-UI-Test Cases'!I7:I2217,"Fail") -> 0 | P9: =M9-N9-O9 -> 0 | S9: MOSIP-33722 | T9: 8 | U9: 8 | V9: =COUNTIFS('PMS-UI-Test Cases'!G6:G2217,S9,'PMS-UI-Test Cases'!I6:I2217,"<>"&"",'PMS-UI-Test Cases'!O6:O2217,"Fail") -> 0 | W9: =T9-U9-V9 -> 0 | Z9: Chrome: Version 141.0.7390.55 | AB9: docker.io/mosipdev/dsl-orchestrator:release-1.2.1.x
B10: Partner Management Revamp | C10: 54 | D10: 988 | E10: 988 | F10: 0 | G10: 982 | H10: 0 | I10: 6 | L10: =IFERROR(__xludf.DUMMYFUNCTION("""COMPUTED_VALUE"""),"MOSIP-32702") -> MOSIP-32702 | M10: 40 | N10: 40 | O10: =COUNTIFS('PMS-UI-Test Cases'!A8:A2218,L10,'PMS-UI-Test Cases'!C8:C2218,"<>"&"",'PMS-UI-Test Cases'!I8:I2218,"Fail") -> 0 | P10: 0 | S10: MOSIP-33941 | T10: 16 | U10: 16 | V10: =COUNTIFS('PMS-UI-Test Cases'!G7:G2218,S10,'PMS-UI-Test Cases'!I7:I2218,"<>"&"",'PMS-UI-Test Cases'!O7:O2218,"Fail") -> 0 | W10: 0 | Z10: Firefox: Version 144.0.2 | AB10: docker.io/mosipdev/dsl-orchestrator:release-1.3.x
L11: =IFERROR(__xludf.DUMMYFUNCTION("""COMPUTED_VALUE"""),"MOSIP-33237") -> MOSIP-33237 | M11: =COUNTIFS('PMS-UI-Test Cases'!A6:A2885,L11,'PMS-UI-Test Cases'!C6:C2885,"<>"&"") -> 17 | N11: =COUNTIFS('PMS-UI-Test Cases'!A7:A2885,L11,'PMS-UI-Test Cases'!C7:C2885,"<>"&"",'PMS-UI-Test Cases'!I7:I2885,"PASS") -> 17 | O11: =COUNTIFS('PMS-UI-Test Cases'!A9:A2219,L11,'PMS-UI-Test Cases'!C9:C2219,"<>"&"",'PMS-UI-Test Cases'!I9:I2219,"Fail") -> 0 | P11: =M11-N11-O11 -> 0 | S11: MOSIP-34236 | T11: 11 | U11: 11 | V11: =COUNTIFS('PMS-UI-Test Cases'!G8:G2219,S11,'PMS-UI-Test Cases'!I8:I2219,"<>"&"",'PMS-UI-Test Cases'!O8:O2219,"Fail") -> 0 | W11: 0 | Z11: Edge: Version 141.0.3537.99 | AB11: docker.io/mosipdev/dsl-packetcreator:develop
B12: Total | C12: =SUM(C9:C11) -> 54 | D12: =SUM(D9:D11) -> 988 | E12: =SUM(E9:E11) -> 988 | F12: =SUM(F9:F11) -> 0 | G12: =SUM(G9:G11) -> 982 | H12: =SUM(H9:H11) -> 0 | I12: =SUM(I9:I11) -> 6 | L12: =IFERROR(__xludf.DUMMYFUNCTION("""COMPUTED_VALUE"""),"MOSIP-32712") -> MOSIP-32712 | M12: 18 | N12: 18 | O12: =COUNTIFS('PMS-UI-Test Cases'!A10:A2220,L12,'PMS-UI-Test Cases'!C10:C2220,"<>"&"",'PMS-UI-Test Cases'!I10:I2220,"Fail") -> 0 | P12: =M12-N12-O12 -> 0 | S12: MOSIP-34238 | T12: 7 | U12: 7 | V12: =COUNTIFS('PMS-UI-Test Cases'!G9:G2220,S12,'PMS-UI-Test Cases'!I9:I2220,"<>"&"",'PMS-UI-Test Cases'!O9:O2220,"Fail") -> 0 | W12: =T12-U12-V12 -> 0 | AB12: docker.io/mosipdev/uitest-pmp-v2:release-1.3.x
L13: =IFERROR(__xludf.DUMMYFUNCTION("""COMPUTED_VALUE"""),"MOSIP-32662") -> MOSIP-32662 | M13: =COUNTIFS('PMS-UI-Test Cases'!A8:A2887,L13,'PMS-UI-Test Cases'!C8:C2887,"<>"&"") -> 40 | N13: =COUNTIFS('PMS-UI-Test Cases'!A9:A2887,L13,'PMS-UI-Test Cases'!C9:C2887,"<>"&"",'PMS-UI-Test Cases'!I9:I2887,"PASS") -> 37 | O13: =COUNTIFS('PMS-UI-Test Cases'!A11:A2221,L13,'PMS-UI-Test Cases'!C11:C2221,"<>"&"",'PMS-UI-Test Cases'!I11:I2221,"Fail") -> 2 | P13: 1 | S13: MOSIP-34239 | T13: 6 | U13: 6 | V13: =COUNTIFS('PMS-UI-Test Cases'!G10:G2221,S13,'PMS-UI-Test Cases'!I10:I2221,"<>"&"",'PMS-UI-Test Cases'!O10:O2221,"Fail") -> 0 | W13: =T13-U13-V13 -> 0 | Z13: Browser Versions used for Extra large screen testing | AB13: docker.io/mosipid/admin-service:1.2.1.1
L14: =IFERROR(__xludf.DUMMYFUNCTION("""COMPUTED_VALUE"""),"MOSIP-32652") -> MOSIP-32652 | M14: 11 | N14: 11 | O14: =COUNTIFS('PMS-UI-Test Cases'!A12:A2222,L14,'PMS-UI-Test Cases'!C12:C2222,"<>"&"",'PMS-UI-Test Cases'!I12:I2222,"Fail") -> 0 | P14: =M14-N14-O14 -> 0 | S14: MOSIP-34265 | T14: 17 | U14: 17 | V14: =COUNTIFS('PMS-UI-Test Cases'!G11:G2222,S14,'PMS-UI-Test Cases'!I11:I2222,"<>"&"",'PMS-UI-Test Cases'!O11:O2222,"Fail") -> 0 | W14: 0 | Z14: Chrome: Version 142.0.7444.59 | AB14: docker.io/mosipid/admin-ui:1.2.0.1
B15: ="Functional Testing - Stories Verified : " & C6 -> Functional Testing - Stories Verified : 158 | L15: =IFERROR(__xludf.DUMMYFUNCTION("""COMPUTED_VALUE"""),"MOSIP-32682") -> MOSIP-32682 | M15: =COUNTIFS('PMS-UI-Test Cases'!A10:A2889,L15,'PMS-UI-Test Cases'!C10:C2889,"<>"&"") -> 9 | N15: 7 | O15: 1 | P15: 0 | S15: MOSIP-34711 | T15: 14 | U15: 14 | V15: =COUNTIFS('PMS-UI-Test Cases'!G12:G2223,S15,'PMS-UI-Test Cases'!I12:I2223,"<>"&"",'PMS-UI-Test Cases'!O12:O2223,"Fail") -> 0 | W15: 0 | Z15: Firefox: Version 144.0.2 | AB15: docker.io/mosipid/apitest-auth:1.2.1.1-beta.1
B16: ="Test cases : " & D6 & " Passed : "& G6 & " Failed : " & H6 & " Skipped : " & I6 -> Test cases : 6564 Passed : 6499 Failed : 34 Skipped : 31 | L16: =IFERROR(__xludf.DUMMYFUNCTION("""COMPUTED_VALUE"""),"MOSIP-33197") -> MOSIP-33197 | M16: =COUNTIFS('PMS-UI-Test Cases'!A11:A2890,L16,'PMS-UI-Test Cases'!C11:C2890,"<>"&"") -> 58 | N16: =COUNTIFS('PMS-UI-Test Cases'!A12:A2890,L16,'PMS-UI-Test Cases'!C12:C2890,"<>"&"",'PMS-UI-Test Cases'!I12:I2890,"PASS") -> 58 | O16: =COUNTIFS('PMS-UI-Test Cases'!A14:A2224,L16,'PMS-UI-Test Cases'!C14:C2224,"<>"&"",'PMS-UI-Test Cases'!I14:I2224,"Fail") -> 0 | P16: =M16-N16-O16 -> 0 | S16: MOSIP-34823 | T16: 9 | U16: 9 | V16: =COUNTIFS('PMS-UI-Test Cases'!G13:G2224,S16,'PMS-UI-Test Cases'!I13:I2224,"<>"&"",'PMS-UI-Test Cases'!O13:O2224,"Fail") -> 0 | W16: 0 | Z16: Edge: Version 142.0.3595.53 | AB16: docker.io/mosipid/apitest-idrepo:1.2.2.2
B17: ="Test Rate : " & INT((((G6+H6)/D6)*100)) & "% With Pass Rate : " & INT((G6/(G6+H6))*100) & "%" -> Test Rate : 99% With Pass Rate : 99% | L17: =IFERROR(__xludf.DUMMYFUNCTION("""COMPUTED_VALUE"""),"MOSIP-33247") -> MOSIP-33247 | M17: 74 | N17: 73 | O17: =COUNTIFS('PMS-UI-Test Cases'!A15:A2225,L17,'PMS-UI-Test Cases'!C15:C2225,"<>"&"",'PMS-UI-Test Cases'!I15:I2225,"Fail") -> 1 | P17: =M17-N17-O17 -> 0 | S17: MOSIP-34944 | T17: 19 | U17: 19 | V17: =COUNTIFS('PMS-UI-Test Cases'!G14:G2225,S17,'PMS-UI-Test Cases'!I14:I2225,"<>"&"",'PMS-UI-Test Cases'!O14:O2225,"Fail") -> 0 | W17: 0 | Z17: Safari: Version 18.6 (20621.3.11.11.3 | AB17: docker.io/mosipid/apitest-masterdata:1.2.1.2
L18: =IFERROR(__xludf.DUMMYFUNCTION("""COMPUTED_VALUE"""),"MOSIP-33258") -> MOSIP-33258 | M18: =COUNTIFS('PMS-UI-Test Cases'!A13:A2892,L18,'PMS-UI-Test Cases'!C13:C2892,"<>"&"") -> 57 | N18: =COUNTIFS('PMS-UI-Test Cases'!A14:A2892,L18,'PMS-UI-Test Cases'!C14:C2892,"<>"&"",'PMS-UI-Test Cases'!I14:I2892,"PASS") -> 57 | O18: =COUNTIFS('PMS-UI-Test Cases'!A16:A2226,L18,'PMS-UI-Test Cases'!C16:C2226,"<>"&"",'PMS-UI-Test Cases'!I16:I2226,"Fail") -> 0 | P18: =M18-N18-O18 -> 0 | S18: MOSIP-35255 | T18: 42 | U18: 42 | V18: =COUNTIFS('PMS-UI-Test Cases'!G15:G2226,S18,'PMS-UI-Test Cases'!I15:I2226,"<>"&"",'PMS-UI-Test Cases'!O15:O2226,"Fail") -> 0 | W18: 0 | AB18: docker.io/mosipid/apitest-resident:1.2.1.2
B19: API Testing - Stories Verified : 54 | L19: =IFERROR(__xludf.DUMMYFUNCTION("""COMPUTED_VALUE"""),"MOSIP-33268") -> MOSIP-33268 | M19: =COUNTIFS('PMS-UI-Test Cases'!A14:A2893,L19,'PMS-UI-Test Cases'!C14:C2893,"<>"&"") -> 35 | N19: =COUNTIFS('PMS-UI-Test Cases'!A15:A2893,L19,'PMS-UI-Test Cases'!C15:C2893,"<>"&"",'PMS-UI-Test Cases'!I15:I2893,"PASS") -> 35 | O19: =COUNTIFS('PMS-UI-Test Cases'!A17:A2227,L19,'PMS-UI-Test Cases'!C17:C2227,"<>"&"",'PMS-UI-Test Cases'!I17:I2227,"Fail") -> 0 | P19: =M19-N19-O19 -> 0 | S19: MOSIP-35262 | T19: 15 | U19: 15 | V19: =COUNTIFS('PMS-UI-Test Cases'!G16:G2227,S19,'PMS-UI-Test Cases'!I16:I2227,"<>"&"",'PMS-UI-Test Cases'!O16:O2227,"Fail") -> 0 | W19: 0 | AB19: docker.io/mosipid/artifactory-server:1.2.0.2
B20: Test cases : 988 Passed: 982 Failed : 0 Skipped: 6 | L20: =IFERROR(__xludf.DUMMYFUNCTION("""COMPUTED_VALUE"""),"MOSIP-33288") -> MOSIP-33288 | M20: =COUNTIFS('PMS-UI-Test Cases'!A15:A2894,L20,'PMS-UI-Test Cases'!C15:C2894,"<>"&"") -> 31 | N20: =COUNTIFS('PMS-UI-Test Cases'!A15:A2894,L20,'PMS-UI-Test Cases'!C15:C2894,"<>"&"",'PMS-UI-Test Cases'!I15:I2894,"PASS") -> 31 | O20: =COUNTIFS('PMS-UI-Test Cases'!A18:A2228,L20,'PMS-UI-Test Cases'!C18:C2228,"<>"&"",'PMS-UI-Test Cases'!I18:I2228,"Fail") -> 0 | P20: =M20-N20-O20 -> 0 | S20: MOSIP-35264 | T20: 30 | U20: 30 | V20: =COUNTIFS('PMS-UI-Test Cases'!G17:G2228,S20,'PMS-UI-Test Cases'!I17:I2228,"<>"&"",'PMS-UI-Test Cases'!O17:O2228,"Fail") -> 0 | W20: 0 | AB20: docker.io/mosipid/artifactory-server:1.2.0.3
B21: Test Rate : 99% With Pass Rate : 99% | L21: =IFERROR(__xludf.DUMMYFUNCTION("""COMPUTED_VALUE"""),"MOSIP-32977") -> MOSIP-32977 | M21: =COUNTIFS('PMS-UI-Test Cases'!A15:A2895,L21,'PMS-UI-Test Cases'!C15:C2895,"<>"&"") -> 26 | N21: =COUNTIFS('PMS-UI-Test Cases'!A16:A2895,L21,'PMS-UI-Test Cases'!C16:C2895,"<>"&"",'PMS-UI-Test Cases'!I16:I2895,"PASS") -> 26 | O21: =COUNTIFS('PMS-UI-Test Cases'!A19:A2229,L21,'PMS-UI-Test Cases'!C19:C2229,"<>"&"",'PMS-UI-Test Cases'!I19:I2229,"Fail") -> 0 | P21: =M21-N21-O21 -> 0 | S21: MOSIP-35560 | T21: 10 | U21: 10 | V21: =COUNTIFS('PMS-UI-Test Cases'!G18:G2229,S21,'PMS-UI-Test Cases'!I18:I2229,"<>"&"",'PMS-UI-Test Cases'!O18:O2229,"Fail") -> 0 | W21: 0 | AB21: docker.io/mosipid/artifactory-server:1.3.0-beta.1
L22: =IFERROR(__xludf.DUMMYFUNCTION("""COMPUTED_VALUE"""),"MOSIP-33617") -> MOSIP-33617 | M22: =COUNTIFS('PMS-UI-Test Cases'!A16:A2896,L22,'PMS-UI-Test Cases'!C16:C2896,"<>"&"") -> 13 | N22: =COUNTIFS('PMS-UI-Test Cases'!A17:A2896,L22,'PMS-UI-Test Cases'!C17:C2896,"<>"&"",'PMS-UI-Test Cases'!I17:I2896,"PASS") -> 13 | O22: =COUNTIFS('PMS-UI-Test Cases'!A20:A2230,L22,'PMS-UI-Test Cases'!C20:C2230,"<>"&"",'PMS-UI-Test Cases'!I20:I2230,"Fail") -> 0 | P22: =M22-N22-O22 -> 0 | S22: MOSIP-35571 | T22: 15 | U22: 15 | V22: =COUNTIFS('PMS-UI-Test Cases'!G19:G2230,S22,'PMS-UI-Test Cases'!I19:I2230,"<>"&"",'PMS-UI-Test Cases'!O19:O2230,"Fail") -> 0 | W22: 0 | AB22: docker.io/mosipid/artifactory-server:1.4.1-ES
L23: =IFERROR(__xludf.DUMMYFUNCTION("""COMPUTED_VALUE"""),"MOSIP-33346") -> MOSIP-33346 | M23: =COUNTIFS('PMS-UI-Test Cases'!A17:A2897,L23,'PMS-UI-Test Cases'!C17:C2897,"<>"&"") -> 14 | N23: 12 | O23: =COUNTIFS('PMS-UI-Test Cases'!A21:A2231,L23,'PMS-UI-Test Cases'!C21:C2231,"<>"&"",'PMS-UI-Test Cases'!I21:I2231,"Fail") -> 0 | P23: 2 | S23: MOSIP-35581 | T23: 27 | U23: 27 | V23: =COUNTIFS('PMS-UI-Test Cases'!G20:G2231,S23,'PMS-UI-Test Cases'!I20:I2231,"<>"&"",'PMS-UI-Test Cases'!O20:O2231,"Fail") -> 0 | W23: 0 | AB23: docker.io/mosipid/authentication-internal-service:1.2.1.0
L24: =IFERROR(__xludf.DUMMYFUNCTION("""COMPUTED_VALUE"""),"MOSIP-32535") -> MOSIP-32535 | M24: =COUNTIFS('PMS-UI-Test Cases'!A17:A2898,L24,'PMS-UI-Test Cases'!C17:C2898,"<>"&"") -> 46 | N24: =COUNTIFS('PMS-UI-Test Cases'!A17:A2898,L24,'PMS-UI-Test Cases'!C17:C2898,"<>"&"",'PMS-UI-Test Cases'!I17:I2898,"PASS") -> 46 | O24: =COUNTIFS('PMS-UI-Test Cases'!A22:A2232,L24,'PMS-UI-Test Cases'!C22:C2232,"<>"&"",'PMS-UI-Test Cases'!I22:I2232,"Fail") -> 0 | P24: =M24-N24-O24 -> 0 | S24: MOSIP-35876 | T24: 13 | U24: 13 | V24: =COUNTIFS('PMS-UI-Test Cases'!G21:G2232,S24,'PMS-UI-Test Cases'!I21:I2232,"<>"&"",'PMS-UI-Test Cases'!O21:O2232,"Fail") -> 0 | W24: 0 | AB24: docker.io/mosipid/authentication-otp-service:1.2.1.0
L25: =IFERROR(__xludf.DUMMYFUNCTION("""COMPUTED_VALUE"""),"MOSIP-32130") -> MOSIP-32130 | M25: =COUNTIFS('PMS-UI-Test Cases'!A17:A2899,L25,'PMS-UI-Test Cases'!C17:C2899,"<>"&"") -> 14 | N25: 14 | O25: =COUNTIFS('PMS-UI-Test Cases'!A23:A2233,L25,'PMS-UI-Test Cases'!C23:C2233,"<>"&"",'PMS-UI-Test Cases'!I23:I2233,"Fail") -> 0 | P25: 1 | S25: MOSIP-36467 | T25: 26 | U25: 26 | V25: =COUNTIFS('PMS-UI-Test Cases'!G22:G2233,S25,'PMS-UI-Test Cases'!I22:I2233,"<>"&"",'PMS-UI-Test Cases'!O22:O2233,"Fail") -> 0 | W25: 0 | AB25: docker.io/mosipid/authentication-service:1.2.1.0
L26: =IFERROR(__xludf.DUMMYFUNCTION("""COMPUTED_VALUE"""),"MOSIP-32132") -> MOSIP-32132 | M26: =COUNTIFS('PMS-UI-Test Cases'!A18:A2900,L26,'PMS-UI-Test Cases'!C18:C2900,"<>"&"") -> 17 | N26: =COUNTIFS('PMS-UI-Test Cases'!A19:A2900,L26,'PMS-UI-Test Cases'!C19:C2900,"<>"&"",'PMS-UI-Test Cases'!I19:I2900,"PASS") -> 17 | O26: =COUNTIFS('PMS-UI-Test Cases'!A24:A2234,L26,'PMS-UI-Test Cases'!C24:C2234,"<>"&"",'PMS-UI-Test Cases'!I24:I2234,"Fail") -> 0 | P26: =M26-N26-O26 -> 0 | S26: MOSIP-36506 | T26: 8 | U26: 7 | V26: =COUNTIFS('PMS-UI-Test Cases'!G23:G2234,S26,'PMS-UI-Test Cases'!I23:I2234,"<>"&"",'PMS-UI-Test Cases'!O23:O2234,"Fail") -> 0 | W26: 1 | AB26: docker.io/mosipid/biosdk-server:1.2.0.1
L27: =IFERROR(__xludf.DUMMYFUNCTION("""COMPUTED_VALUE"""),"MOSIP-32407") -> MOSIP-32407 | M27: 40 | N27: 40 | O27: =COUNTIFS('PMS-UI-Test Cases'!A25:A2235,L27,'PMS-UI-Test Cases'!C25:C2235,"<>"&"",'PMS-UI-Test Cases'!I25:I2235,"Fail") -> 0 | P27: =M27-N27-O27 -> 0 | S27: MOSIP-37141 | T27: 23 | U27: 23 | V27: 0 | W27: 0 | AB27: docker.io/mosipid/commons-packet-service:1.2.0.1
L28: =IFERROR(__xludf.DUMMYFUNCTION("""COMPUTED_VALUE"""),"MOSIP-32133") -> MOSIP-32133 | M28: =COUNTIFS('PMS-UI-Test Cases'!A20:A2902,L28,'PMS-UI-Test Cases'!C20:C2902,"<>"&"") -> 78 | N28: =COUNTIFS('PMS-UI-Test Cases'!A21:A2902,L28,'PMS-UI-Test Cases'!C21:C2902,"<>"&"",'PMS-UI-Test Cases'!I21:I2902,"PASS") -> 78 | O28: =COUNTIFS('PMS-UI-Test Cases'!A26:A2236,L28,'PMS-UI-Test Cases'!C26:C2236,"<>"&"",'PMS-UI-Test Cases'!I26:I2236,"Fail") -> 0 | P28: =M28-N28-O28 -> 0 | S28: MOSIP-37273 | T28: 22 | U28: 22 | V28: =COUNTIFS('PMS-UI-Test Cases'!G25:G2236,S28,'PMS-UI-Test Cases'!I25:I2236,"<>"&"",'PMS-UI-Test Cases'!O25:O2236,"Fail") -> 0 | W28: 0 | AB28: docker.io/mosipid/config-server:1.1.2
L29: =IFERROR(__xludf.DUMMYFUNCTION("""COMPUTED_VALUE"""),"MOSIP-32150") -> MOSIP-32150 | M29: =COUNTIFS('PMS-UI-Test Cases'!A21:A2903,L29,'PMS-UI-Test Cases'!C21:C2903,"<>"&"") -> 29 | N29: =COUNTIFS('PMS-UI-Test Cases'!A22:A2903,L29,'PMS-UI-Test Cases'!C22:C2903,"<>"&"",'PMS-UI-Test Cases'!I22:I2903,"PASS") -> 29 | O29: =COUNTIFS('PMS-UI-Test Cases'!A27:A2237,L29,'PMS-UI-Test Cases'!C27:C2237,"<>"&"",'PMS-UI-Test Cases'!I27:I2237,"Fail") -> 0 | P29: =M29-N29-O29 -> 0 | S29: MOSIP-37434 | T29: 15 | U29: 15 | V29: =COUNTIFS('PMS-UI-Test Cases'!G26:G2237,S29,'PMS-UI-Test Cases'!I26:I2237,"<>"&"",'PMS-UI-Test Cases'!O26:O2237,"Fail") -> 0 | W29: 0 | AB29: docker.io/mosipid/consolidator-websub-service:1.2.0.1
L30: =IFERROR(__xludf.DUMMYFUNCTION("""COMPUTED_VALUE"""),"MOSIP-32947") -> MOSIP-32947 | M30: 43 | N30: 43 | O30: =COUNTIFS('PMS-UI-Test Cases'!A28:A2238,L30,'PMS-UI-Test Cases'!C28:C2238,"<>"&"",'PMS-UI-Test Cases'!I28:I2238,"Fail") -> 0 | P30: =M30-N30-O30 -> 0 | S30: MOSIP-37636 | T30: 19 | U30: 19 | V30: =COUNTIFS('PMS-UI-Test Cases'!G27:G2238,S30,'PMS-UI-Test Cases'!I27:I2238,"<>"&"",'PMS-UI-Test Cases'!O27:O2238,"Fail") -> 0 | W30: 0 | AB30: docker.io/mosipid/credential-request-generator:1.2.2.0
L31: =IFERROR(__xludf.DUMMYFUNCTION("""COMPUTED_VALUE"""),"MOSIP-34615") -> MOSIP-34615 | M31: =COUNTIFS('PMS-UI-Test Cases'!A23:A2904,L31,'PMS-UI-Test Cases'!C23:C2904,"<>"&"") -> 82 | N31: =COUNTIFS('PMS-UI-Test Cases'!A24:A2904,L31,'PMS-UI-Test Cases'!C24:C2904,"<>"&"",'PMS-UI-Test Cases'!I24:I2904,"PASS") -> 81 | O31: =COUNTIFS('PMS-UI-Test Cases'!A29:A2239,L31,'PMS-UI-Test Cases'!C29:C2239,"<>"&"",'PMS-UI-Test Cases'!I29:I2239,"Fail") -> 1 | P31: =M31-N31-O31 -> 0 | S31: MOSIP-37771 | T31: 17 | U31: 17 | V31: =COUNTIFS('PMS-UI-Test Cases'!G28:G2239,S31,'PMS-UI-Test Cases'!I28:I2239,"<>"&"",'PMS-UI-Test Cases'!O28:O2239,"Fail") -> 0 | W31: 0 | AB31: docker.io/mosipid/credential-service:1.2.2.0
L32: =IFERROR(__xludf.DUMMYFUNCTION("""COMPUTED_VALUE"""),"MOSIP-34645") -> MOSIP-34645 | M32: =COUNTIFS('PMS-UI-Test Cases'!A24:A2905,L32,'PMS-UI-Test Cases'!C24:C2905,"<>"&"") -> 44 | N32: 46 | O32: =COUNTIFS('PMS-UI-Test Cases'!A30:A2240,L32,'PMS-UI-Test Cases'!C30:C2240,"<>"&"",'PMS-UI-Test Cases'!I30:I2240,"Fail") -> 0 | P32: 0 | S32: MOSIP-37875 | T32: 21 | U32: 21 | V32: =COUNTIFS('PMS-UI-Test Cases'!G29:G2240,S32,'PMS-UI-Test Cases'!I29:I2240,"<>"&"",'PMS-UI-Test Cases'!O29:O2240,"Fail") -> 0 | W32: 0 | AB32: docker.io/mosipid/data-share-service:1.2.0.1
L33: =IFERROR(__xludf.DUMMYFUNCTION("""COMPUTED_VALUE"""),"MOSIP-34605") -> MOSIP-34605 | M33: =COUNTIFS('PMS-UI-Test Cases'!A25:A2906,L33,'PMS-UI-Test Cases'!C25:C2906,"<>"&"") -> 91 | N33: =COUNTIFS('PMS-UI-Test Cases'!A26:A2906,L33,'PMS-UI-Test Cases'!C26:C2906,"<>"&"",'PMS-UI-Test Cases'!I26:I2906,"PASS") -> 91 | O33: =COUNTIFS('PMS-UI-Test Cases'!A31:A2241,L33,'PMS-UI-Test Cases'!C31:C2241,"<>"&"",'PMS-UI-Test Cases'!I31:I2241,"Fail") -> 0 | P33: =M33-N33-O33 -> 0 | S33: MOSIP-38045 | T33: 19 | U33: 19 | V33: =COUNTIFS('PMS-UI-Test Cases'!G30:G2241,S33,'PMS-UI-Test Cases'!I30:I2241,"<>"&"",'PMS-UI-Test Cases'!O30:O2241,"Fail") -> 0 | W33: 0 | AB33: docker.io/mosipid/esignet:1.4.1
L34: =IFERROR(__xludf.DUMMYFUNCTION("""COMPUTED_VALUE"""),"MOSIP-34665") -> MOSIP-34665 | M34: =COUNTIFS('PMS-UI-Test Cases'!A26:A2907,L34,'PMS-UI-Test Cases'!C26:C2907,"<>"&"") -> 78 | N34: =COUNTIFS('PMS-UI-Test Cases'!A27:A2907,L34,'PMS-UI-Test Cases'!C27:C2907,"<>"&"",'PMS-UI-Test Cases'!I27:I2907,"PASS") -> 78 | O34: =COUNTIFS('PMS-UI-Test Cases'!A32:A2242,L34,'PMS-UI-Test Cases'!C32:C2242,"<>"&"",'PMS-UI-Test Cases'!I32:I2242,"Fail") -> 0 | P34: =M34-N34-O34 -> 0 | S34: MOSIP-38077 | T34: 20 | U34: 20 | V34: =COUNTIFS('PMS-UI-Test Cases'!G31:G2242,S34,'PMS-UI-Test Cases'!I31:I2242,"<>"&"",'PMS-UI-Test Cases'!O31:O2242,"Fail") -> 0 | W34: 0 | AB34: docker.io/mosipid/hotlist-service:1.2.1.1
L35: =IFERROR(__xludf.DUMMYFUNCTION("""COMPUTED_VALUE"""),"MOSIP-34625") -> MOSIP-34625 | M35: =COUNTIFS('PMS-UI-Test Cases'!A27:A2908,L35,'PMS-UI-Test Cases'!C27:C2908,"<>"&"") -> 72 | N35: =COUNTIFS('PMS-UI-Test Cases'!A28:A2908,L35,'PMS-UI-Test Cases'!C28:C2908,"<>"&"",'PMS-UI-Test Cases'!I28:I2908,"PASS") -> 72 | O35: =COUNTIFS('PMS-UI-Test Cases'!A33:A2243,L35,'PMS-UI-Test Cases'!C33:C2243,"<>"&"",'PMS-UI-Test Cases'!I33:I2243,"Fail") -> 0 | P35: =M35-N35-O35 -> 0 | S35: MOSIP-38092 | T35: 25 | U35: 25 | V35: 0 | W35: 0 | AB35: docker.io/mosipid/id-repository-identity-service:1.2.2.0
L36: =IFERROR(__xludf.DUMMYFUNCTION("""COMPUTED_VALUE"""),"MOSIP-34655") -> MOSIP-34655 | M36: =COUNTIFS('PMS-UI-Test Cases'!A28:A2909,L36,'PMS-UI-Test Cases'!C28:C2909,"<>"&"") -> 40 | N36: =COUNTIFS('PMS-UI-Test Cases'!A29:A2909,L36,'PMS-UI-Test Cases'!C29:C2909,"<>"&"",'PMS-UI-Test Cases'!I29:I2909,"PASS") -> 40 | O36: =COUNTIFS('PMS-UI-Test Cases'!A34:A2244,L36,'PMS-UI-Test Cases'!C34:C2244,"<>"&"",'PMS-UI-Test Cases'!I34:I2244,"Fail") -> 0 | P36: =M36-N36-O36 -> 0 | S36: MOSIP-38201 | T36: 21 | U36: 21 | V36: 0 | W36: 0 | AB36: docker.io/mosipid/id-repository-salt-generator:1.2.0.1
L37: =IFERROR(__xludf.DUMMYFUNCTION("""COMPUTED_VALUE"""),"MOSIP-34957") -> MOSIP-34957 | M37: =COUNTIFS('PMS-UI-Test Cases'!A29:A2910,L37,'PMS-UI-Test Cases'!C29:C2910,"<>"&"") -> 74 | N37: =COUNTIFS('PMS-UI-Test Cases'!A30:A2910,L37,'PMS-UI-Test Cases'!C30:C2910,"<>"&"",'PMS-UI-Test Cases'!I30:I2910,"PASS") -> 74 | O37: =COUNTIFS('PMS-UI-Test Cases'!A35:A2245,L37,'PMS-UI-Test Cases'!C35:C2245,"<>"&"",'PMS-UI-Test Cases'!I35:I2245,"Fail") -> 0 | P37: =M37-N37-O37 -> 0 | S37: MOSIP-38211 | T37: 4 | U37: 4 | V37: 0 | W37: 0 | AB37: docker.io/mosipid/id-repository-vid-service:1.2.2.0
L38: =IFERROR(__xludf.DUMMYFUNCTION("""COMPUTED_VALUE"""),"MOSIP-34967") -> MOSIP-34967 | M38: =COUNTIFS('PMS-UI-Test Cases'!A30:A2911,L38,'PMS-UI-Test Cases'!C30:C2911,"<>"&"") -> 45 | N38: 42 | O38: =COUNTIFS('PMS-UI-Test Cases'!A36:A2246,L38,'PMS-UI-Test Cases'!C36:C2246,"<>"&"",'PMS-UI-Test Cases'!I36:I2246,"Fail") -> 0 | P38: 0 | S38: MOSIP-39833 | T38: 29 | U38: 29 | V38: 0 | W38: 0 | AB38: docker.io/mosipid/kernel-auditmanager-service:1.2.0.1
L39: =IFERROR(__xludf.DUMMYFUNCTION("""COMPUTED_VALUE"""),"MOSIP-34998") -> MOSIP-34998 | M39: =COUNTIFS('PMS-UI-Test Cases'!A31:A2912,L39,'PMS-UI-Test Cases'!C31:C2912,"<>"&"") -> 49 | N39: =COUNTIFS('PMS-UI-Test Cases'!A32:A2912,L39,'PMS-UI-Test Cases'!C32:C2912,"<>"&"",'PMS-UI-Test Cases'!I32:I2912,"PASS") -> 49 | O39: =COUNTIFS('PMS-UI-Test Cases'!A37:A2247,L39,'PMS-UI-Test Cases'!C37:C2247,"<>"&"",'PMS-UI-Test Cases'!I37:I2247,"Fail") -> 0 | P39: =M39-N39-O39 -> 0 | S39: MOSIP-40304 | T39: 24 | U39: 24 | V39: 0 | W39: 0 | AB39: docker.io/mosipid/kernel-auth-service:1.2.0.1
L40: =IFERROR(__xludf.DUMMYFUNCTION("""COMPUTED_VALUE"""),"MOSIP-35028") -> MOSIP-35028 | M40: =COUNTIFS('PMS-UI-Test Cases'!A32:A2913,L40,'PMS-UI-Test Cases'!C32:C2913,"<>"&"") -> 34 | N40: =COUNTIFS('PMS-UI-Test Cases'!A33:A2913,L40,'PMS-UI-Test Cases'!C33:C2913,"<>"&"",'PMS-UI-Test Cases'!I33:I2913,"PASS") -> 34 | O40: =COUNTIFS('PMS-UI-Test Cases'!A38:A2248,L40,'PMS-UI-Test Cases'!C38:C2248,"<>"&"",'PMS-UI-Test Cases'!I38:I2248,"Fail") -> 0 | P40: =M40-N40-O40 -> 0 | S40: MOSIP-40618 | T40: 7 | U40: 7 | V40: 0 | W40: 0 | AB40: docker.io/mosipid/kernel-idgenerator-service:1.2.0.1
L41: =IFERROR(__xludf.DUMMYFUNCTION("""COMPUTED_VALUE"""),"MOSIP-35018") -> MOSIP-35018 | M41: =COUNTIFS('PMS-UI-Test Cases'!A33:A2914,L41,'PMS-UI-Test Cases'!C33:C2914,"<>"&"") -> 23 | N41: =COUNTIFS('PMS-UI-Test Cases'!A34:A2914,L41,'PMS-UI-Test Cases'!C34:C2914,"<>"&"",'PMS-UI-Test Cases'!I34:I2914,"PASS") -> 23 | O41: =COUNTIFS('PMS-UI-Test Cases'!A39:A2249,L41,'PMS-UI-Test Cases'!C39:C2249,"<>"&"",'PMS-UI-Test Cases'!I39:I2249,"Fail") -> 0 | P41: =M41-N41-O41 -> 0 | S41: MOSIP-40957 | T41: 20 | U41: 20 | V41: 0 | W41: 0 | AB41: docker.io/mosipid/kernel-keymanager-service:1.3.0-beta.3
L42: =IFERROR(__xludf.DUMMYFUNCTION("""COMPUTED_VALUE"""),"MOSIP-34977") -> MOSIP-34977 | M42: =COUNTIFS('PMS-UI-Test Cases'!A34:A2915,L42,'PMS-UI-Test Cases'!C34:C2915,"<>"&"") -> 46 | N42: =COUNTIFS('PMS-UI-Test Cases'!A35:A2915,L42,'PMS-UI-Test Cases'!C35:C2915,"<>"&"",'PMS-UI-Test Cases'!I35:I2915,"PASS") -> 46 | O42: =COUNTIFS('PMS-UI-Test Cases'!A40:A2250,L42,'PMS-UI-Test Cases'!C40:C2250,"<>"&"",'PMS-UI-Test Cases'!I40:I2250,"Fail") -> 0 | P42: =M42-N42-O42 -> 0 | S42: MOSIP-41014 | T42: 7 | U42: 7 | V42: 0 | W42: 0 | AB42: docker.io/mosipid/kernel-masterdata-service:1.2.1.1
L43: =IFERROR(__xludf.DUMMYFUNCTION("""COMPUTED_VALUE"""),"MOSIP-34987") -> MOSIP-34987 | M43: =COUNTIFS('PMS-UI-Test Cases'!A35:A2916,L43,'PMS-UI-Test Cases'!C35:C2916,"<>"&"") -> 22 | N43: =COUNTIFS('PMS-UI-Test Cases'!A36:A2916,L43,'PMS-UI-Test Cases'!C36:C2916,"<>"&"",'PMS-UI-Test Cases'!I36:I2916,"PASS") -> 22 | O43: =COUNTIFS('PMS-UI-Test Cases'!A41:A2251,L43,'PMS-UI-Test Cases'!C41:C2251,"<>"&"",'PMS-UI-Test Cases'!I41:I2251,"Fail") -> 0 | P43: =M43-N43-O43 -> 0 | S43: MOSIP-41015 | T43: 9 | U43: 9 | V43: 0 | W43: 0 | AB43: docker.io/mosipid/kernel-notification-service:1.2.0.1
L44: =IFERROR(__xludf.DUMMYFUNCTION("""COMPUTED_VALUE"""),"MOSIP-35008") -> MOSIP-35008 | M44: =COUNTIFS('PMS-UI-Test Cases'!A36:A2917,L44,'PMS-UI-Test Cases'!C36:C2917,"<>"&"") -> 34 | N44: =COUNTIFS('PMS-UI-Test Cases'!A37:A2917,L44,'PMS-UI-Test Cases'!C37:C2917,"<>"&"",'PMS-UI-Test Cases'!I37:I2917,"PASS") -> 33 | O44: =COUNTIFS('PMS-UI-Test Cases'!A42:A2252,L44,'PMS-UI-Test Cases'!C42:C2252,"<>"&"",'PMS-UI-Test Cases'!I42:I2252,"Fail") -> 0 | P44: 1 | S44: MOSIP-41899 | T44: 34 | U44: 34 | V44: 0 | W44: 0 | AB44: docker.io/mosipid/kernel-otpmanager-service:1.2.0.1
L45: =IFERROR(__xludf.DUMMYFUNCTION("""COMPUTED_VALUE"""),"MOSIP-36302") -> MOSIP-36302 | M45: =COUNTIFS('PMS-UI-Test Cases'!A37:A2918,L45,'PMS-UI-Test Cases'!C37:C2918,"<>"&"") -> 51 | N45: =COUNTIFS('PMS-UI-Test Cases'!A38:A2918,L45,'PMS-UI-Test Cases'!C38:C2918,"<>"&"",'PMS-UI-Test Cases'!I38:I2918,"PASS") -> 50 | O45: =COUNTIFS('PMS-UI-Test Cases'!A43:A2253,L45,'PMS-UI-Test Cases'!C43:C2253,"<>"&"",'PMS-UI-Test Cases'!I43:I2253,"Fail") -> 0 | P45: 1 | S45: MOSIP-41901 | T45: 12 | U45: 12 | V45: 0 | W45: 0 | AB45: docker.io/mosipid/kernel-pridgenerator-service:1.2.0.1
L46: =IFERROR(__xludf.DUMMYFUNCTION("""COMPUTED_VALUE"""),"MOSIP-36312") -> MOSIP-36312 | M46: 60 | N46: 60 | O46: =COUNTIFS('PMS-UI-Test Cases'!A44:A2254,L46,'PMS-UI-Test Cases'!C44:C2254,"<>"&"",'PMS-UI-Test Cases'!I44:I2254,"Fail") -> 0 | P46: 0 | S46: MOSIP-41902 | T46: 21 | U46: 21 | V46: 0 | W46: 0 | AB46: docker.io/mosipid/kernel-ridgenerator-service:1.2.0.1
L47: =IFERROR(__xludf.DUMMYFUNCTION("""COMPUTED_VALUE"""),"MOSIP-36590") -> MOSIP-36590 | M47: =COUNTIFS('PMS-UI-Test Cases'!A39:A2920,L47,'PMS-UI-Test Cases'!C39:C2920,"<>"&"") -> 59 | N47: =COUNTIFS('PMS-UI-Test Cases'!A40:A2920,L47,'PMS-UI-Test Cases'!C40:C2920,"<>"&"",'PMS-UI-Test Cases'!I40:I2920,"PASS") -> 57 | O47: =COUNTIFS('PMS-UI-Test Cases'!A45:A2255,L47,'PMS-UI-Test Cases'!C45:C2255,"<>"&"",'PMS-UI-Test Cases'!I45:I2255,"Fail") -> 0 | P47: 2 | S47: MOSIP-41959 | T47: 31 | U47: 31 | V47: 0 | W47: 0 | AB47: docker.io/mosipid/kernel-salt-generator:1.2.0.1
L48: =IFERROR(__xludf.DUMMYFUNCTION("""COMPUTED_VALUE"""),"MOSIP-36943") -> MOSIP-36943 | M48: =COUNTIFS('PMS-UI-Test Cases'!A40:A2921,L48,'PMS-UI-Test Cases'!C40:C2921,"<>"&"") -> 34 | N48: =COUNTIFS('PMS-UI-Test Cases'!A41:A2921,L48,'PMS-UI-Test Cases'!C41:C2921,"<>"&"",'PMS-UI-Test Cases'!I41:I2921,"PASS") -> 32 | O48: =COUNTIFS('PMS-UI-Test Cases'!A46:A2256,L48,'PMS-UI-Test Cases'!C46:C2256,"<>"&"",'PMS-UI-Test Cases'!I46:I2256,"Fail") -> 1 | P48: 1 | S48: MOSIP-41900 | T48: 7 | U48: 7 | V48: 0 | W48: 0 | AB48: docker.io/mosipid/kernel-syncdata-service:1.2.1.1
L49: =IFERROR(__xludf.DUMMYFUNCTION("""COMPUTED_VALUE"""),"MOSIP-36953") -> MOSIP-36953 | M49: =COUNTIFS('PMS-UI-Test Cases'!A41:A2922,L49,'PMS-UI-Test Cases'!C41:C2922,"<>"&"") -> 45 | N49: =COUNTIFS('PMS-UI-Test Cases'!A42:A2922,L49,'PMS-UI-Test Cases'!C42:C2922,"<>"&"",'PMS-UI-Test Cases'!I42:I2922,"PASS") -> 44 | O49: =COUNTIFS('PMS-UI-Test Cases'!A47:A2257,L49,'PMS-UI-Test Cases'!C47:C2257,"<>"&"",'PMS-UI-Test Cases'!I47:I2257,"Fail") -> 0 | P49: 1 | S49: MOSIP-42960 | T49: 27 | U49: 27 | V49: 0 | W49: 0 | AB49: docker.io/mosipid/keycloak-init:1.2.0.1
L50: =IFERROR(__xludf.DUMMYFUNCTION("""COMPUTED_VALUE"""),"MOSIP-36983") -> MOSIP-36983 | M50: =COUNTIFS('PMS-UI-Test Cases'!A42:A2923,L50,'PMS-UI-Test Cases'!C42:C2923,"<>"&"") -> 32 | N50: =COUNTIFS('PMS-UI-Test Cases'!A43:A2923,L50,'PMS-UI-Test Cases'!C43:C2923,"<>"&"",'PMS-UI-Test Cases'!I43:I2923,"PASS") -> 32 | O50: =COUNTIFS('PMS-UI-Test Cases'!A48:A2258,L50,'PMS-UI-Test Cases'!C48:C2258,"<>"&"",'PMS-UI-Test Cases'!I48:I2258,"Fail") -> 0 | P50: =M50-N50-O50 -> 0 | S50: MOSIP-42962 | T50: 12 | U50: 12 | V50: 0 | W50: 0 | AB50: docker.io/mosipid/keys-generator:1.2.0.1
L51: =IFERROR(__xludf.DUMMYFUNCTION("""COMPUTED_VALUE"""),"MOSIP-36963") -> MOSIP-36963 | M51: =COUNTIFS('PMS-UI-Test Cases'!A43:A2924,L51,'PMS-UI-Test Cases'!C43:C2924,"<>"&"") -> 19 | N51: =COUNTIFS('PMS-UI-Test Cases'!A44:A2924,L51,'PMS-UI-Test Cases'!C44:C2924,"<>"&"",'PMS-UI-Test Cases'!I44:I2924,"PASS") -> 19 | O51: =COUNTIFS('PMS-UI-Test Cases'!A49:A2259,L51,'PMS-UI-Test Cases'!C49:C2259,"<>"&"",'PMS-UI-Test Cases'!I49:I2259,"Fail") -> 0 | P51: =M51-N51-O51 -> 0 | S51: MOSIP-42961 | T51: 30 | U51: 30 | V51: 0 | W51: 0 | AB51: docker.io/mosipid/minio-client-util:latest
L52: =IFERROR(__xludf.DUMMYFUNCTION("""COMPUTED_VALUE"""),"MOSIP-36106") -> MOSIP-36106 | M52: =COUNTIFS('PMS-UI-Test Cases'!A44:A2925,L52,'PMS-UI-Test Cases'!C44:C2925,"<>"&"") -> 40 | N52: =COUNTIFS('PMS-UI-Test Cases'!A45:A2925,L52,'PMS-UI-Test Cases'!C45:C2925,"<>"&"",'PMS-UI-Test Cases'!I45:I2925,"PASS") -> 40 | O52: =COUNTIFS('PMS-UI-Test Cases'!A50:A2260,L52,'PMS-UI-Test Cases'!C50:C2260,"<>"&"",'PMS-UI-Test Cases'!I50:I2260,"Fail") -> 0 | P52: =M52-N52-O52 -> 0 | S52: MOSIP-43166 | T52: 11 | U52: 0 | V52: 0 | W52: 0 | AB52: docker.io/mosipid/mock-abis:1.2.0.2
L53: =IFERROR(__xludf.DUMMYFUNCTION("""COMPUTED_VALUE"""),"MOSIP-36322") -> MOSIP-36322 | M53: =COUNTIFS('PMS-UI-Test Cases'!A45:A2926,L53,'PMS-UI-Test Cases'!C45:C2926,"<>"&"") -> 20 | N53: =COUNTIFS('PMS-UI-Test Cases'!A46:A2926,L53,'PMS-UI-Test Cases'!C46:C2926,"<>"&"",'PMS-UI-Test Cases'!I46:I2926,"PASS") -> 20 | O53: =COUNTIFS('PMS-UI-Test Cases'!A51:A2261,L53,'PMS-UI-Test Cases'!C51:C2261,"<>"&"",'PMS-UI-Test Cases'!I51:I2261,"Fail") -> 0 | P53: =M53-N53-O53 -> 0 | S53: MOSIP-42971 | T53: 24 | U53: 24 | V53: 0 | W53: 0 | AB53: docker.io/mosipid/mock-identity-system:0.9.3
L54: =IFERROR(__xludf.DUMMYFUNCTION("""COMPUTED_VALUE"""),"MOSIP-36333") -> MOSIP-36333 | M54: =COUNTIFS('PMS-UI-Test Cases'!A46:A2927,L54,'PMS-UI-Test Cases'!C46:C2927,"<>"&"") -> 37 | N54: =COUNTIFS('PMS-UI-Test Cases'!A47:A2927,L54,'PMS-UI-Test Cases'!C47:C2927,"<>"&"",'PMS-UI-Test Cases'!I47:I2927,"PASS") -> 36 | O54: =COUNTIFS('PMS-UI-Test Cases'!A52:A2262,L54,'PMS-UI-Test Cases'!C52:C2262,"<>"&"",'PMS-UI-Test Cases'!I52:I2262,"Fail") -> 1 | P54: =M54-N54-O54 -> 0 | S54: MOSIP-42880 | T54: 61 | U54: 60 | V54: 0 | W54: 1 | AB54: docker.io/mosipid/mock-mv:1.2.0.2
L55: =IFERROR(__xludf.DUMMYFUNCTION("""COMPUTED_VALUE"""),"MOSIP-36490") -> MOSIP-36490 | M55: =COUNTIFS('PMS-UI-Test Cases'!A47:A2928,L55,'PMS-UI-Test Cases'!C47:C2928,"<>"&"") -> 27 | N55: =COUNTIFS('PMS-UI-Test Cases'!A48:A2928,L55,'PMS-UI-Test Cases'!C48:C2928,"<>"&"",'PMS-UI-Test Cases'!I48:I2928,"PASS") -> 27 | O55: =COUNTIFS('PMS-UI-Test Cases'!A53:A2263,L55,'PMS-UI-Test Cases'!C53:C2263,"<>"&"",'PMS-UI-Test Cases'!I53:I2263,"Fail") -> 0 | P55: =M55-N55-O55 -> 0 | S55: MOSIP-42963 | T55: 14 | U55: 13 | V55: 0 | W55: 1 | AB55: docker.io/mosipid/mock-relying-party-service:0.9.3
L56: =IFERROR(__xludf.DUMMYFUNCTION("""COMPUTED_VALUE"""),"MOSIP-36888") -> MOSIP-36888 | M56: 71 | N56: 69 | O56: =COUNTIFS('PMS-UI-Test Cases'!A54:A2264,L56,'PMS-UI-Test Cases'!C54:C2264,"<>"&"",'PMS-UI-Test Cases'!I54:I2264,"Fail") -> 2 | P56: 0 | S56: MOSIP-42882 | T56: 23 | U56: 23 | V56: 0 | W56: 0 | AB56: docker.io/mosipid/mock-relying-party-ui:0.9.3
L57: =IFERROR(__xludf.DUMMYFUNCTION("""COMPUTED_VALUE"""),"MOSIP-36868") -> MOSIP-36868 | M57: 51 | N57: 49 | O57: =COUNTIFS('PMS-UI-Test Cases'!A55:A2265,L57,'PMS-UI-Test Cases'!C55:C2265,"<>"&"",'PMS-UI-Test Cases'!I55:I2265,"Fail") -> 0 | P57: 2 | S57: MOSIP-42486 | T57: 37 | U57: 37 | V57: 0 | W57: 0 | AB57: docker.io/mosipid/mock-smtp:1.0.0
L58: =IFERROR(__xludf.DUMMYFUNCTION("""COMPUTED_VALUE"""),"MOSIP-36973") -> MOSIP-36973 | M58: =COUNTIFS('PMS-UI-Test Cases'!A50:A2931,L58,'PMS-UI-Test Cases'!C50:C2931,"<>"&"") -> 29 | N58: =COUNTIFS('PMS-UI-Test Cases'!A51:A2931,L58,'PMS-UI-Test Cases'!C51:C2931,"<>"&"",'PMS-UI-Test Cases'!I51:I2931,"PASS") -> 29 | O58: =COUNTIFS('PMS-UI-Test Cases'!A56:A2266,L58,'PMS-UI-Test Cases'!C56:C2266,"<>"&"",'PMS-UI-Test Cases'!I56:I2266,"Fail") -> 0 | P58: =M58-N58-O58 -> 0 | AB58: docker.io/mosipid/mosip-artemis-keycloak:1.2.0.1
L59: =IFERROR(__xludf.DUMMYFUNCTION("""COMPUTED_VALUE"""),"MOSIP-36756") -> MOSIP-36756 | M59: 10 | N59: 10 | O59: =COUNTIFS('PMS-UI-Test Cases'!A57:A2267,L59,'PMS-UI-Test Cases'!C57:C2267,"<>"&"",'PMS-UI-Test Cases'!I57:I2267,"Fail") -> 0 | P59: =M59-N59-O59 -> 0 | AB59: docker.io/mosipid/mosip-file-server:1.2.0.1
L60: =IFERROR(__xludf.DUMMYFUNCTION("""COMPUTED_VALUE"""),"MOSIP-37561") -> MOSIP-37561 | M60: 114 | N60: 110 | O60: =COUNTIFS('PMS-UI-Test Cases'!A58:A2268,L60,'PMS-UI-Test Cases'!C58:C2268,"<>"&"",'PMS-UI-Test Cases'!I58:I2268,"Fail") -> 3 | P60: 1 | AB60: docker.io/mosipid/oidc-ui:1.4.1
L61: =IFERROR(__xludf.DUMMYFUNCTION("""COMPUTED_VALUE"""),"MOSIP-37679") -> MOSIP-37679 | M61: =COUNTIFS('PMS-UI-Test Cases'!A53:A2934,L61,'PMS-UI-Test Cases'!C53:C2934,"<>"&"") -> 26 | N61: =COUNTIFS('PMS-UI-Test Cases'!A54:A2934,L61,'PMS-UI-Test Cases'!C54:C2934,"<>"&"",'PMS-UI-Test Cases'!I54:I2934,"PASS") -> 26 | O61: =COUNTIFS('PMS-UI-Test Cases'!A59:A2269,L61,'PMS-UI-Test Cases'!C59:C2269,"<>"&"",'PMS-UI-Test Cases'!I59:I2269,"Fail") -> 0 | P61: =M61-N61-O61 -> 0 | AB61: docker.io/mosipid/partner-onboarder:1.2.0.1
L62: =IFERROR(__xludf.DUMMYFUNCTION("""COMPUTED_VALUE"""),"MOSIP-37689") -> MOSIP-37689 | M62: 63 | N62: 62 | O62: =COUNTIFS('PMS-UI-Test Cases'!A60:A2270,L62,'PMS-UI-Test Cases'!C60:C2270,"<>"&"",'PMS-UI-Test Cases'!I60:I2270,"Fail") -> 0 | P62: =M62-N62-O62 -> 1 | AB62: docker.io/mosipid/postgres-init:1.2.0.1
L63: =IFERROR(__xludf.DUMMYFUNCTION("""COMPUTED_VALUE"""),"MOSIP-37699") -> MOSIP-37699 | M63: =COUNTIFS('PMS-UI-Test Cases'!A55:A2936,L63,'PMS-UI-Test Cases'!C55:C2936,"<>"&"") -> 28 | N63: =COUNTIFS('PMS-UI-Test Cases'!A56:A2936,L63,'PMS-UI-Test Cases'!C56:C2936,"<>"&"",'PMS-UI-Test Cases'!I56:I2936,"PASS") -> 28 | O63: =COUNTIFS('PMS-UI-Test Cases'!A61:A2271,L63,'PMS-UI-Test Cases'!C61:C2271,"<>"&"",'PMS-UI-Test Cases'!I61:I2271,"Fail") -> 0 | P63: =M63-N63-O63 -> 0 | AB63: docker.io/mosipid/pre-registration-application-service:1.2.0.1
L64: =IFERROR(__xludf.DUMMYFUNCTION("""COMPUTED_VALUE"""),"MOSIP-37709") -> MOSIP-37709 | M64: =COUNTIFS('PMS-UI-Test Cases'!A56:A2937,L64,'PMS-UI-Test Cases'!C56:C2937,"<>"&"") -> 23 | N64: =COUNTIFS('PMS-UI-Test Cases'!A57:A2937,L64,'PMS-UI-Test Cases'!C57:C2937,"<>"&"",'PMS-UI-Test Cases'!I57:I2937,"PASS") -> 23 | O64: =COUNTIFS('PMS-UI-Test Cases'!A62:A2272,L64,'PMS-UI-Test Cases'!C62:C2272,"<>"&"",'PMS-UI-Test Cases'!I62:I2272,"Fail") -> 0 | P64: =M64-N64-O64 -> 0 | AB64: docker.io/mosipid/pre-registration-batchjob:1.2.0.1
L65: =IFERROR(__xludf.DUMMYFUNCTION("""COMPUTED_VALUE"""),"MOSIP-37582") -> MOSIP-37582 | M65: 32 | N65: 31 | O65: =COUNTIFS('PMS-UI-Test Cases'!A63:A2273,L65,'PMS-UI-Test Cases'!C63:C2273,"<>"&"",'PMS-UI-Test Cases'!I63:I2273,"Fail") -> 0 | P65: =M65-N65-O65 -> 1 | AB65: docker.io/mosipid/pre-registration-booking-service:1.2.0.1
L66: =IFERROR(__xludf.DUMMYFUNCTION("""COMPUTED_VALUE"""),"MOSIP-37572") -> MOSIP-37572 | M66: 36 | N66: 36 | O66: =COUNTIFS('PMS-UI-Test Cases'!A64:A2274,L66,'PMS-UI-Test Cases'!C64:C2274,"<>"&"",'PMS-UI-Test Cases'!I64:I2274,"Fail") -> 0 | P66: 0 | AB66: docker.io/mosipid/pre-registration-captcha-service:1.2.0.1
L67: =IFERROR(__xludf.DUMMYFUNCTION("""COMPUTED_VALUE"""),"MOSIP-37659") -> MOSIP-37659 | M67: =COUNTIFS('PMS-UI-Test Cases'!A59:A2940,L67,'PMS-UI-Test Cases'!C59:C2940,"<>"&"") -> 24 | N67: =COUNTIFS('PMS-UI-Test Cases'!A60:A2940,L67,'PMS-UI-Test Cases'!C60:C2940,"<>"&"",'PMS-UI-Test Cases'!I60:I2940,"PASS") -> 24 | O67: =COUNTIFS('PMS-UI-Test Cases'!A65:A2275,L67,'PMS-UI-Test Cases'!C65:C2275,"<>"&"",'PMS-UI-Test Cases'!I65:I2275,"Fail") -> 0 | P67: =M67-N67-O67 -> 0 | AB67: docker.io/mosipid/pre-registration-datasync-service:1.2.0.1
L68: =IFERROR(__xludf.DUMMYFUNCTION("""COMPUTED_VALUE"""),"MOSIP-38038") -> MOSIP-38038 | M68: 8 | N68: 8 | O68: =COUNTIFS('PMS-UI-Test Cases'!A66:A2276,L68,'PMS-UI-Test Cases'!C66:C2276,"<>"&"",'PMS-UI-Test Cases'!I66:I2276,"Fail") -> 0 | P68: =M68-N68-O68 -> 0 | AB68: docker.io/mosipid/pre-registration-ui:1.2.0.1
L69: =IFERROR(__xludf.DUMMYFUNCTION("""COMPUTED_VALUE"""),"MOSIP-36928") -> MOSIP-36928 | M69: =COUNTIFS('PMS-UI-Test Cases'!A61:A2942,L69,'PMS-UI-Test Cases'!C61:C2942,"<>"&"") -> 37 | N69: =COUNTIFS('PMS-UI-Test Cases'!A62:A2942,L69,'PMS-UI-Test Cases'!C62:C2942,"<>"&"",'PMS-UI-Test Cases'!I62:I2942,"PASS") -> 37 | O69: =COUNTIFS('PMS-UI-Test Cases'!A67:A2277,L69,'PMS-UI-Test Cases'!C67:C2277,"<>"&"",'PMS-UI-Test Cases'!I67:I2277,"Fail") -> 0 | P69: =M69-N69-O69 -> 0 | AB69: docker.io/mosipid/print:1.2.0.1
L70: =IFERROR(__xludf.DUMMYFUNCTION("""COMPUTED_VALUE"""),"MOSIP-37033") -> MOSIP-37033 | M70: =COUNTIFS('PMS-UI-Test Cases'!A62:A2943,L70,'PMS-UI-Test Cases'!C62:C2943,"<>"&"") -> 37 | N70: =COUNTIFS('PMS-UI-Test Cases'!A63:A2943,L70,'PMS-UI-Test Cases'!C63:C2943,"<>"&"",'PMS-UI-Test Cases'!I63:I2943,"PASS") -> 37 | O70: =COUNTIFS('PMS-UI-Test Cases'!A68:A2278,L70,'PMS-UI-Test Cases'!C68:C2278,"<>"&"",'PMS-UI-Test Cases'!I68:I2278,"Fail") -> 0 | P70: =M70-N70-O70 -> 0 | AB70: docker.io/mosipid/registration-client:1.2.0.2
L71: =IFERROR(__xludf.DUMMYFUNCTION("""COMPUTED_VALUE"""),"MOSIP-37592") -> MOSIP-37592 | M71: =COUNTIFS('PMS-UI-Test Cases'!A63:A2944,L71,'PMS-UI-Test Cases'!C63:C2944,"<>"&"") -> 28 | N71: =COUNTIFS('PMS-UI-Test Cases'!A64:A2944,L71,'PMS-UI-Test Cases'!C64:C2944,"<>"&"",'PMS-UI-Test Cases'!I64:I2944,"PASS") -> 28 | O71: =COUNTIFS('PMS-UI-Test Cases'!A69:A2279,L71,'PMS-UI-Test Cases'!C69:C2279,"<>"&"",'PMS-UI-Test Cases'!I69:I2279,"Fail") -> 0 | P71: =M71-N71-O71 -> 0 | AB71: docker.io/mosipid/registration-processor-common-camel-bridge:1.2.0.2
L72: =IFERROR(__xludf.DUMMYFUNCTION("""COMPUTED_VALUE"""),"MOSIP-36878") -> MOSIP-36878 | M72: =COUNTIFS('PMS-UI-Test Cases'!A64:A2945,L72,'PMS-UI-Test Cases'!C64:C2945,"<>"&"") -> 86 | N72: =COUNTIFS('PMS-UI-Test Cases'!A65:A2945,L72,'PMS-UI-Test Cases'!C65:C2945,"<>"&"",'PMS-UI-Test Cases'!I65:I2945,"PASS") -> 86 | O72: =COUNTIFS('PMS-UI-Test Cases'!A70:A2280,L72,'PMS-UI-Test Cases'!C70:C2280,"<>"&"",'PMS-UI-Test Cases'!I70:I2280,"Fail") -> 0 | P72: =M72-N72-O72 -> 0 | AB72: docker.io/mosipid/registration-processor-dmz-packet-server:1.2.0.2
L73: =IFERROR(__xludf.DUMMYFUNCTION("""COMPUTED_VALUE"""),"MOSIP-37365") -> MOSIP-37365 | M73: =COUNTIFS('PMS-UI-Test Cases'!A65:A2946,L73,'PMS-UI-Test Cases'!C65:C2946,"<>"&"") -> 26 | N73: =COUNTIFS('PMS-UI-Test Cases'!A66:A2946,L73,'PMS-UI-Test Cases'!C66:C2946,"<>"&"",'PMS-UI-Test Cases'!I66:I2946,"PASS") -> 26 | O73: =COUNTIFS('PMS-UI-Test Cases'!A71:A2281,L73,'PMS-UI-Test Cases'!C71:C2281,"<>"&"",'PMS-UI-Test Cases'!I71:I2281,"Fail") -> 0 | P73: =M73-N73-O73 -> 0 | AB73: docker.io/mosipid/registration-processor-notification-service:1.2.0.2
L74: =IFERROR(__xludf.DUMMYFUNCTION("""COMPUTED_VALUE"""),"MOSIP-37375") -> MOSIP-37375 | M74: =COUNTIFS('PMS-UI-Test Cases'!A66:A2947,L74,'PMS-UI-Test Cases'!C66:C2947,"<>"&"") -> 23 | N74: =COUNTIFS('PMS-UI-Test Cases'!A67:A2947,L74,'PMS-UI-Test Cases'!C67:C2947,"<>"&"",'PMS-UI-Test Cases'!I67:I2947,"PASS") -> 23 | O74: =COUNTIFS('PMS-UI-Test Cases'!A72:A2282,L74,'PMS-UI-Test Cases'!C72:C2282,"<>"&"",'PMS-UI-Test Cases'!I72:I2282,"Fail") -> 0 | P74: =M74-N74-O74 -> 0 | AB74: docker.io/mosipid/registration-processor-registration-transaction-service:1.2.0.2
L75: =IFERROR(__xludf.DUMMYFUNCTION("""COMPUTED_VALUE"""),"MOSIP-37414") -> MOSIP-37414 | M75: =COUNTIFS('PMS-UI-Test Cases'!A67:A2948,L75,'PMS-UI-Test Cases'!C67:C2948,"<>"&"") -> 64 | N75: =COUNTIFS('PMS-UI-Test Cases'!A68:A2948,L75,'PMS-UI-Test Cases'!C68:C2948,"<>"&"",'PMS-UI-Test Cases'!I68:I2948,"PASS") -> 64 | O75: =COUNTIFS('PMS-UI-Test Cases'!A73:A2283,L75,'PMS-UI-Test Cases'!C73:C2283,"<>"&"",'PMS-UI-Test Cases'!I73:I2283,"Fail") -> 0 | P75: =M75-N75-O75 -> 0 | AB75: docker.io/mosipid/registration-processor-reprocessor:1.2.0.2
L76: =IFERROR(__xludf.DUMMYFUNCTION("""COMPUTED_VALUE"""),"MOSIP-37424") -> MOSIP-37424 | M76: =COUNTIFS('PMS-UI-Test Cases'!A68:A2949,L76,'PMS-UI-Test Cases'!C68:C2949,"<>"&"") -> 63 | N76: =COUNTIFS('PMS-UI-Test Cases'!A69:A2949,L76,'PMS-UI-Test Cases'!C69:C2949,"<>"&"",'PMS-UI-Test Cases'!I69:I2949,"PASS") -> 63 | O76: =COUNTIFS('PMS-UI-Test Cases'!A74:A2284,L76,'PMS-UI-Test Cases'!C74:C2284,"<>"&"",'PMS-UI-Test Cases'!I74:I2284,"Fail") -> 0 | P76: =M76-N76-O76 -> 0 | AB76: docker.io/mosipid/registration-processor-stage-group-1:1.2.0.2
L77: =IFERROR(__xludf.DUMMYFUNCTION("""COMPUTED_VALUE"""),"MOSIP-36918") -> MOSIP-36918 | M77: 40 | N77: 40 | O77: =COUNTIFS('PMS-UI-Test Cases'!A75:A2285,L77,'PMS-UI-Test Cases'!C75:C2285,"<>"&"",'PMS-UI-Test Cases'!I75:I2285,"Fail") -> 0 | P77: =M77-N77-O77 -> 0 | AB77: docker.io/mosipid/registration-processor-stage-group-2:1.2.0.2
L78: =IFERROR(__xludf.DUMMYFUNCTION("""COMPUTED_VALUE"""),"MOSIP-37163") -> MOSIP-37163 | M78: 54 | N78: 53 | O78: 1 | P78: =M78-N78-O78 -> 0 | AB78: docker.io/mosipid/registration-processor-stage-group-3:1.2.0.2
L79: =IFERROR(__xludf.DUMMYFUNCTION("""COMPUTED_VALUE"""),"MOSIP-37173") -> MOSIP-37173 | M79: 50 | N79: 49 | O79: 1 | P79: =M79-N79-O79 -> 0 | AB79: docker.io/mosipid/registration-processor-stage-group-4:1.2.0.2
L80: =IFERROR(__xludf.DUMMYFUNCTION("""COMPUTED_VALUE"""),"MOSIP-37186") -> MOSIP-37186 | M80: 64 | N80: 63 | O80: =COUNTIFS('PMS-UI-Test Cases'!A78:A2288,L80,'PMS-UI-Test Cases'!C78:C2288,"<>"&"",'PMS-UI-Test Cases'!I78:I2288,"Fail") -> 0 | P80: =M80-N80-O80 -> 1 | AB80: docker.io/mosipid/registration-processor-stage-group-5:1.2.0.2
L81: =IFERROR(__xludf.DUMMYFUNCTION("""COMPUTED_VALUE"""),"MOSIP-37409") -> MOSIP-37409 | M81: 18 | N81: 18 | O81: =COUNTIFS('PMS-UI-Test Cases'!A79:A2289,L81,'PMS-UI-Test Cases'!C79:C2289,"<>"&"",'PMS-UI-Test Cases'!I79:I2289,"Fail") -> 0 | P81: =M81-N81-O81 -> 0 | AB81: docker.io/mosipid/registration-processor-stage-group-6:1.2.0.2
L82: =IFERROR(__xludf.DUMMYFUNCTION("""COMPUTED_VALUE"""),"MOSIP-37582") -> MOSIP-37582 | M82: 32 | N82: 32 | O82: =COUNTIFS('PMS-UI-Test Cases'!A80:A2290,L82,'PMS-UI-Test Cases'!C80:C2290,"<>"&"",'PMS-UI-Test Cases'!I80:I2290,"Fail") -> 0 | P82: =M82-N82-O82 -> 0 | AB82: docker.io/mosipid/registration-processor-stage-group-7:1.2.0.2
L83: =IFERROR(__xludf.DUMMYFUNCTION("""COMPUTED_VALUE"""),"MOSIP-37163") -> MOSIP-37163 | M83: 55 | N83: 55 | O83: =COUNTIFS('PMS-UI-Test Cases'!A81:A2291,L83,'PMS-UI-Test Cases'!C81:C2291,"<>"&"",'PMS-UI-Test Cases'!I81:I2291,"Fail") -> 0 | P83: =M83-N83-O83 -> 0 | AB83: docker.io/mosipid/resident-service:1.2.1.1
L84: =IFERROR(__xludf.DUMMYFUNCTION("""COMPUTED_VALUE"""),"MOSIP-37186") -> MOSIP-37186 | M84: 65 | N84: 65 | O84: =COUNTIFS('PMS-UI-Test Cases'!A82:A2292,L84,'PMS-UI-Test Cases'!C82:C2292,"<>"&"",'PMS-UI-Test Cases'!I82:I2292,"Fail") -> 0 | P84: =M84-N84-O84 -> 0 | AB84: docker.io/mosipid/resident-ui:0.9.1
L85: =IFERROR(__xludf.DUMMYFUNCTION("""COMPUTED_VALUE"""),"MOSIP-37561") -> MOSIP-37561 | M85: 114 | N85: 110 | O85: =COUNTIFS('PMS-UI-Test Cases'!A83:A2293,L85,'PMS-UI-Test Cases'!C83:C2293,"<>"&"",'PMS-UI-Test Cases'!I83:I2293,"Fail") -> 3 | P85: 1 | AB85: docker.io/mosipid/softhsm:v2
L86: =IFERROR(__xludf.DUMMYFUNCTION("""COMPUTED_VALUE"""),"MOSIP-37854") -> MOSIP-37854 | M86: 25 | N86: 25 | O86: =COUNTIFS('PMS-UI-Test Cases'!A84:A2294,L86,'PMS-UI-Test Cases'!C84:C2294,"<>"&"",'PMS-UI-Test Cases'!I84:I2294,"Fail") -> 0 | P86: =M86-N86-O86 -> 0 | AB86: docker.io/mosipid/websub-service:1.2.0.1
L87: =IFERROR(__xludf.DUMMYFUNCTION("""COMPUTED_VALUE"""),"MOSIP-37297") -> MOSIP-37297 | M87: 66 | N87: 65 | O87: =COUNTIFS('PMS-UI-Test Cases'!A85:A2295,L87,'PMS-UI-Test Cases'!C85:C2295,"<>"&"",'PMS-UI-Test Cases'!I85:I2295,"Fail") -> 0 | P87: =M87-N87-O87 -> 1 | AB87: docker.io/mosipqa/activemq-artemis:1.1.5
L88: =IFERROR(__xludf.DUMMYFUNCTION("""COMPUTED_VALUE"""),"MOSIP-37307") -> MOSIP-37307 | M88: 38 | N88: 38 | O88: =COUNTIFS('PMS-UI-Test Cases'!A86:A2296,L88,'PMS-UI-Test Cases'!C86:C2296,"<>"&"",'PMS-UI-Test Cases'!I86:I2296,"Fail") -> 0 | P88: =M88-N88-O88 -> 0 | AB88: docker.io/mosipqa/apitest-esignet:develop
L89: =IFERROR(__xludf.DUMMYFUNCTION("""COMPUTED_VALUE"""),"MOSIP-37317") -> MOSIP-37317 | M89: 34 | N89: 34 | O89: =COUNTIFS('PMS-UI-Test Cases'!A87:A2297,L89,'PMS-UI-Test Cases'!C87:C2297,"<>"&"",'PMS-UI-Test Cases'!I87:I2297,"Fail") -> 0 | P89: =M89-N89-O89 -> 0 | AB89: docker.io/mosipqa/apitest-pms:1.3.x
L90: =IFERROR(__xludf.DUMMYFUNCTION("""COMPUTED_VALUE"""),"MOSIP-37327") -> MOSIP-37327 | M90: 55 | N90: 54 | O90: =COUNTIFS('PMS-UI-Test Cases'!A88:A2298,L90,'PMS-UI-Test Cases'!C88:C2298,"<>"&"",'PMS-UI-Test Cases'!I88:I2298,"Fail") -> 0 | P90: =M90-N90-O90 -> 1 | AB90: docker.io/mosipqa/apitest-pms:develop
L91: =IFERROR(__xludf.DUMMYFUNCTION("""COMPUTED_VALUE"""),"MOSIP-37337") -> MOSIP-37337 | M91: 31 | N91: 31 | O91: =COUNTIFS('PMS-UI-Test Cases'!A89:A2299,L91,'PMS-UI-Test Cases'!C89:C2299,"<>"&"",'PMS-UI-Test Cases'!I89:I2299,"Fail") -> 0 | P91: =M91-N91-O91 -> 0 | AB91: docker.io/mosipqa/certmanager:develop
L92: =IFERROR(__xludf.DUMMYFUNCTION("""COMPUTED_VALUE"""),"MOSIP-37347") -> MOSIP-37347 | M92: 33 | N92: 32 | O92: 1 | P92: =M92-N92-O92 -> 0 | AB92: docker.io/mosipqa/dsl-orchestrator:develop
L93: =IFERROR(__xludf.DUMMYFUNCTION("""COMPUTED_VALUE"""),"MOSIP-37719") -> MOSIP-37719 | M93: 58 | N93: 57 | O93: =COUNTIFS('PMS-UI-Test Cases'!A91:A2301,L93,'PMS-UI-Test Cases'!C91:C2301,"<>"&"",'PMS-UI-Test Cases'!I91:I2301,"Fail") -> 0 | P93: =M93-N93-O93 -> 1 | AB93: docker.io/mosipqa/dsl-packetcreator:develop
L94: =IFERROR(__xludf.DUMMYFUNCTION("""COMPUTED_VALUE"""),"MOSIP-37729") -> MOSIP-37729 | M94: 34 | N94: 34 | O94: =COUNTIFS('PMS-UI-Test Cases'!A92:A2302,L94,'PMS-UI-Test Cases'!C92:C2302,"<>"&"",'PMS-UI-Test Cases'!I92:I2302,"Fail") -> 0 | P94: =M94-N94-O94 -> 0 | AB94: docker.io/mosipqa/inji-verify-service:develop
L95: =IFERROR(__xludf.DUMMYFUNCTION("""COMPUTED_VALUE"""),"MOSIP-37739") -> MOSIP-37739 | M95: 41 | N95: 41 | O95: =COUNTIFS('PMS-UI-Test Cases'!A93:A2303,L95,'PMS-UI-Test Cases'!C93:C2303,"<>"&"",'PMS-UI-Test Cases'!I93:I2303,"Fail") -> 0 | P95: =M95-N95-O95 -> 0 | AB95: docker.io/mosipqa/inji-verify-ui:develop
L96: =IFERROR(__xludf.DUMMYFUNCTION("""COMPUTED_VALUE"""),"MOSIP-37749") -> MOSIP-37749 | M96: 36 | N96: 36 | O96: =COUNTIFS('PMS-UI-Test Cases'!A94:A2304,L96,'PMS-UI-Test Cases'!C94:C2304,"<>"&"",'PMS-UI-Test Cases'!I94:I2304,"Fail") -> 0 | P96: =M96-N96-O96 -> 0 | AB96: docker.io/mosipqa/partner-management-service:1.3.x
L97: =IFERROR(__xludf.DUMMYFUNCTION("""COMPUTED_VALUE"""),"MOSIP-36898") -> MOSIP-36898 | M97: 40 | N97: 40 | O97: =COUNTIFS('PMS-UI-Test Cases'!A95:A2305,L97,'PMS-UI-Test Cases'!C95:C2305,"<>"&"",'PMS-UI-Test Cases'!I95:I2305,"Fail") -> 0 | P97: =M97-N97-O97 -> 0 | AB97: docker.io/mosipqa/pmp-ui-v2:1.3.x
L98: =IFERROR(__xludf.DUMMYFUNCTION("""COMPUTED_VALUE"""),"MOSIP-36136") -> MOSIP-36136 | M98: 38 | N98: 37 | O98: =COUNTIFS('PMS-UI-Test Cases'!A96:A2306,L98,'PMS-UI-Test Cases'!C96:C2306,"<>"&"",'PMS-UI-Test Cases'!I96:I2306,"Fail") -> 0 | P98: =M98-N98-O98 -> 1 | AB98: docker.io/mosipqa/policy-management-service:1.3.x
L99: =IFERROR(__xludf.DUMMYFUNCTION("""COMPUTED_VALUE"""),"MOSIP-36126") -> MOSIP-36126 | M99: 26 | N99: 25 | O99: =COUNTIFS('PMS-UI-Test Cases'!A97:A2307,L99,'PMS-UI-Test Cases'!C97:C2307,"<>"&"",'PMS-UI-Test Cases'!I97:I2307,"Fail") -> 0 | P99: 0 | AB99: docker.io/mosipqa/postgres-init:develop
L100: =IFERROR(__xludf.DUMMYFUNCTION("""COMPUTED_VALUE"""),"MOSIP-38235") -> MOSIP-38235 | M100: 27 | N100: 27 | O100: =COUNTIFS('PMS-UI-Test Cases'!A98:A2308,L100,'PMS-UI-Test Cases'!C98:C2308,"<>"&"",'PMS-UI-Test Cases'!I98:I2308,"Fail") -> 0 | P100: =M100-N100-O100 -> 0 | AB100: docker.io/mosipqa/uitest-admin:develop
L101: =IFERROR(__xludf.DUMMYFUNCTION("""COMPUTED_VALUE"""),"MOSIP-38225") -> MOSIP-38225 | M101: 44 | N101: 40 | O101: 3 | P101: 1 | AB101: docker.io/mosipqa/uitest-resident:develop
...

Sheet PMS-UI-Test Cases
A1: Story ID | B1: Story Title | C1: TestCase_No | D1: pre requisite | E1: Feature | F1: Scenario | G1: Steps to reproduce | H1: Expected Result | I1: Result | J1: Bug ID | K1: Automated In | L1: Remarks
A2: MOSIP-32692 | B2: Policies : Tabular View of previously requested policies | C2: TC_32692_01 | D2: User uploaded partner certificate. | E2: Reuesting Policy | F2: First time user requesting for policy | G2: 1. Navigate to PMS portal. 2. Navigate "Left navigation" -> click "Policies". 3. Navigate "Policies" options in Home page. | H2: 1.User should be able to view the "Empty table to be displayed". | I2: Pass
A3: MOSIP-32692 | B3: Policies : Tabular View of previously requested policies | C3: TC_32692_02 | D3: Partner shouldn't uploaded the certificate. | E3: Reuesting Policy | F3: First time user requesting for policy | G3: 1. Navigate to PMS portal. 2. Navigate "Left navigation" -> click "Policies". 3. Navigate "Policies" options in Home page. | H3: User should not reuest policy without upload partner certificate. | I3: Pass
A4: MOSIP-32692 | B4: Policies : Tabular View of previously requested policies | C4: TC_32692_03 | D4: Partner shouldn't uploaded the certificate. | E4: Reqesting Policy | F4: Policy is submitted atleast once | G4: 1. Navigate to PMS portal. 2. Navigate "Left navigation" -> click "Policies". 3. Navigate "Policies" options in Home page. | H4: 1.User should be able to view the policies submitted 2."BACK" button enable the view the list of policies 3."Main Title "‘Policies’ to be dislayed 4.Request Policy button positioned towards the extreme right alongside the title. | I4: Pass
A5: MOSIP-32692 | B5: Policies : Tabular View of previously requested policies | C5: TC_32692_04 | D5: User uploaded partner certificate. | E5: Reuesting Policy | F5: Verify that user is able to "Request Policy". | G5: 1. Navigate to PMS portal. 2. Navigate "Left navigation" -> click "Policies". 3. Navigate "Policies" options in Home page. | H5: 1."Request Policy" should be Enabled | I5: Pass
A6: MOSIP-32692 | B6: Policies : Tabular View of previously requested policies | C6: TC_32692_05 | D6: Partner policy mapped | E6: Tabular View | F6: Verify Sub Title - ‘List of Policy Requests’ Feature | G6: 1. Navigate to PMS portal. 2. Navigate "Left navigation" -> click "Policies". 3. Navigate "Policies" options in Home page. | H6: 1.The number displayed in ( ) beside ‘List of policy requests’ denote the total number of records submitted by all users belonging to that respective organisation.(Future will be a multi user functionality. Currently we are testing as a single user) | I6: Pass
A7: MOSIP-32692 | B7: Policies : Tabular View of previously requested policies | C7: TC_32692_06 | D7: Multiple policies mapped | E7: Filter | F7: Check Filter values avliable. | G7: 1. Navigate to PMS portal. 2. Navigate "Left navigation" -> click "Policies". 3. Navigate "Policies" options in Home page. | H7: Filter values should be avliable in each column header. | I7: Pass
A8: MOSIP-32692 | B8: Policies : Tabular View of previously requested policies | C8: TC_32692_07 | D8: Multiple policies mapped | E8: Filter | F8: Try to enter values manulally in Filter values. | G8: 1. Navigate to PMS portal. 2. Navigate "Left navigation" -> click "Policies". 3. Navigate "Policies" options in Home page. | H8: Filter values shhould be dropdown, user should not allow to edit filter values. | I8: Pass
A9: MOSIP-32692 | B9: Policies : Tabular View of previously requested policies | C9: TC_32692_08 | D9: Multiple policies mapped | E9: Filter | F9: Check Filter Button | G9: 1. Navigate to PMS portal. 2. Navigate "Left navigation" -> click "Policies". 3. Navigate "Policies" options in Home page. | H9: 1.Should be expandable and collapsible filter section on consecutive clicks. 2.The expandable section displays filters for the column headers: Partner ID, Partner type, policy group, policy name and status. 3.Each filter box should be a textbox+dropdown and the results should dynamically update based on the inputs provided at the time of typing. 4. Once filtered results are out, user should be able to sort on all the fields .ex.Partner id,Partner type etc | I9: Pass
A10: MOSIP-32693 | B10: Policies : Tabular View of previously requested policies | C10: TC_32692_09 | D10: Multiple policies mapped | E10: Filter | F10: Sort after filtered policies | G10: 1. Navigate to PMS portal. 2. Navigate "Left navigation" -> click "Policies". 3. Navigate "Policies" options in Home page. | H10: sort should work on filtered result. | I10: Pass
A11: MOSIP-32692 | B11: Policies : Tabular View of previously requested policies | C11: TC_32692_10 | D11: Multiple policies mapped | E11: Filter | F11: Check Multi filter search feature | G11: 1. Navigate to PMS portal. 2. Navigate "Left navigation" -> click "Policies". 3. Navigate "Policies" options in Home page. | H11: User should be able to filetrize data by multi filtering. | I11: Pass
A12: MOSIP-32692 | B12: Policies : Tabular View of previously requested policies | C12: TC_32692_11 | D12: Multiple policies mapped | E12: Tabular View | F12: Check the view of the colums displayed | G12: 1. Navigate to PMS portal. 2. Navigate "Left navigation" -> click "Policies". 3. Navigate "Policies" options in Home page. | H12: View to display the following fields 1.Partner ID; Partner Type;Policy Group;Policy Name; Created Date;Status;Action 2.Sort icon is provided across all column headers for sorting in ascending or descending alphabetic order. | I12: Pass
A13: MOSIP-32692 | B13: Policies : Tabular View of previously requested policies | C13: TC_32692_12 | D13: Multiple policies mapped | E13: Status | F13: Check "Action" field | G13: 1. Navigate to PMS portal. 2. Navigate "Left navigation" -> click "Policies". 3. Navigate "Policies" options in Home page. | H13: 1.Action menu has only view option for all statuses. 2. Validate the action status based on the filter applied. | I13: Pass
... A99: MOSIP-33227 | B99: Authentication Services: Edit OIDC Client details | C99: 33227_30 | D99: The OIDC Client in the tabular view should be in Activated status for edit option to be enabled | E99: As a user (partner), on clicking Edit option of OIDC Client in the tabular view screen- I should be able to edit the previously submitted OIDC Client details such as LogoURI and RedirectURI so that the new changes are applied. | F99: Verify the Data validation for the Client Name | G99: 1.Login to PMS portal 2.Navigate to Authentication Services. 3.Navigate to create OIDC client Home page 4.Click on the edit option in the Action Menu for client Name | H99: 1.Data Length should accept only 1-256 characters 2.Should accept only Alphanumeric characters symbols for- space, dot, comma, - , _ , &, ( , ) | I99: Pass
A100: MOSIP-33227 | B100: Authentication Services: Edit OIDC Client details | C100: 33227_31 | D100: The OIDC Client in the tabular view should be in Activated status for edit option to be enabled | E100: As a user (partner), on clicking Edit option of OIDC Client in the tabular view screen- I should be able to edit the previously submitted OIDC Client details such as LogoURI and RedirectURI so that the new changes are applied. | F100: Verify the Data validation for the Client Name on adding only special characters apart from - space, dot, comma, - , _ , &, ( , ) | G100: 1.Login to PMS portal 2.Navigate to Authentication Services. 3.Navigate to create OIDC client Home page 4.Click on the edit option in the Action Menu for client Name adding characters apart from - space, dot, comma, - , _ , &, ( , ) | H100: It should accept alphanumeric characters and symbols- space, dot, comma, - , _ , &, ( , ) and digits | I100: Pass | M100: f
A101: MOSIP-33227 | B101: Authentication Services: Edit OIDC Client details | C101: 33227_32 | D101: The OIDC Client in the tabular view should be in Activated status for edit option to be enabled | E101: As a user (partner), on clicking Edit option of OIDC Client in the tabular view screen- I should be able to edit the previously submitted OIDC Client details such as LogoURI and RedirectURI so that the new changes are applied. | F101: Verify the Data validation for the Client Name with combination of special charcacters - space, dot, comma, - , _ , &, ( , ) and digits | G101: 1.Login to PMS portal 2.Navigate to Authentication Services. 3.Navigate to create OIDC client Home page 4.Click on the edit option in the Action Menu for client Name adding characters - space, dot, comma, - , _ , &, ( , ) and digits | H101: It should accept alphanumeric characters and symbols- space, dot, comma, - , _ , &, ( , ) and digits | I101: Pass
A102: MOSIP-33227 | B102: Authentication Services: Edit OIDC Client details | C102: 33227_33 | D102: The OIDC Client in the tabular view should be in Activated status for edit option to be enabled | E102: As a user (partner), on clicking Edit option of OIDC Client in the tabular view screen- I should be able to edit the previously submitted OIDC Client details such as LogoURI and RedirectURI so that the new changes are applied. | F102: Verify the Data validation for the Client Name with combination of special charcacters other than - space, dot, comma, - , _ , &, ( , ) and digits | G102: 1.Login to PMS portal 2.Navigate to Authentication Services. 3.Navigate to create OIDC client Home page 4.Click on the edit option in the Action Menu for client Name adding characters apart from - space, dot, comma, - , _ , &, ( , ) and digits | H102: It should accept alphanumeric characters and symbols- space, dot, comma, - , _ , &, ( , ) and digits | I102: Pass
A103: MOSIP-33227 | B103: Authentication Services: Edit OIDC Client details | C103: 33227_34 | D103: The OIDC Client in the tabular view should be in Activated status for edit option to be enabled | E103: As a user (partner), on clicking Edit option of OIDC Client in the tabular view screen- I should be able to edit the previously submitted OIDC Client details such as LogoURI and RedirectURI so that the new changes are applied. | F103: Verify the Data validation for the Client Name if exceeds the limit | G103: 1.Login to PMS portal 2.Navigate to Authentication Services. 3.Navigate to create OIDC client Home page 4.Click on the edit option in the Action Menu 5.Edit the client name with more than 256 characters 6.Click on submit | H103: Partner should not be allowed to enter more data beyond the maximum limit | I103: Pass
A104: MOSIP-33227 | B104: Authentication Services: Edit OIDC Client details | C104: 33227_35 | D104: The OIDC Client in the tabular view should be in Activated status for edit option to be enabled | E104: As a user (partner), on clicking Edit option of OIDC Client in the tabular view screen- I should be able to edit the previously submitted OIDC Client details such as LogoURI and RedirectURI so that the new changes are applied. | F104: Verify the Data validation for the Client Name if it is within the given limit | G104: 1.Login to PMS portal 2.Navigate to Authentication Services. 3.Navigate to create OIDC client Home page 4.Click on the edit option in the Action Menu 5.Edit the client name with less than 256 characters 6.Click on submit | H104: User should be able to edit the clients name successfully | I104: Pass
A105: MOSIP-33227 | B105: Authentication Services: Edit OIDC Client details | C105: 33227_36 | D105: The OIDC Client in the tabular view should be in Activated status for edit option to be enabled | E105: As a user (partner), on clicking Edit option of OIDC Client in the tabular view screen- I should be able to edit the previously submitted OIDC Client details such as LogoURI and RedirectURI so that the new changes are applied. | F105: Verify the Data validation for Logo URI | G105: 1.Login to PMS portal 2.Navigate to Authentication Services. 3.Navigate to create OIDC client Home page 4.Click on the edit option in the Action Menu 5.Edit the LogoURI and submit 6.Click on submit | H105: 1.Must be a valid URI format. 2.Should be able to edit the fields appropriately | I105: Pass
A106: MOSIP-33227 | B106: Authentication Services: Edit OIDC Client details | C106: 33227_37 | D106: The OIDC Client in the tabular view should be in Activated status for edit option to be enabled | E106: As a user (partner), on clicking Edit option of OIDC Client in the tabular view screen- I should be able to edit the previously submitted OIDC Client details such as LogoURI and RedirectURI so that the new changes are applied. | F106: Verify the Data validation for Logo URI if it is within the given limit | G106: 1.Login to PMS portal 2.Navigate to Authentication Services. 3.Navigate to create OIDC client Home page 4.Click on the edit option in the Action Menu 5.Edit the LogoURI within 2048 characters and submit 6.Click on submit | H106: Should be able to edit the fields successfully | I106: Pass
A107: MOSIP-33227 | B107: Authentication Services: Edit OIDC Client details | C107: 33227_38 | D107: The OIDC Client in the tabular view should be in Activated status for edit option to be enabled | E107: As a user (partner), on clicking Edit option of OIDC Client in the tabular view screen- I should be able to edit the previously submitted OIDC Client details such as LogoURI and RedirectURI so that the new changes are applied. | F107: Verify the Data validation for Logo URI for the if it is exceeding the given limit | G107: 1.Login to PMS portal 2.Navigate to Authentication Services. 3.Navigate to create OIDC client Home page 4.Click on the edit option in the Action Menu 5.Edit the LogoURI with more than 2048 characters and submit 6.Click on submit | H107: Should throw appropriate error message on tab "should not allow more than 2048 characters" | I107: Pass
A108: MOSIP-33227 | B108: Authentication Services: Edit OIDC Client details | C108: 33227_39 | D108: The OIDC Client in the tabular view should be in Activated status for edit option to be enabled | E108: As a user (partner), on clicking Edit option of OIDC Client in the tabular view screen- I should be able to edit the previously submitted OIDC Client details such as LogoURI and RedirectURI so that the new changes are applied. | F108: Verify the Data validation for Redirect URI | G108: 1.Login to PMS portal 2.Navigate to Authentication Services. 3.Navigate to create OIDC client Home page 4.Click on the edit option in the Action Menu 5.Edit the RedirectURI within 2048 characters and submit 6.Click on submit | H108: Should be able to edit the fields successfully | I108: Pass
A109: MOSIP-33227 | B109: Authentication Services: Edit OIDC Client details | C109: 33227_40 | D109: The OIDC Client in the tabular view should be in Activated status for edit option to be enabled | E109: As a user (partner), on clicking Edit option of OIDC Client in the tabular view screen- I should be able to edit the previously submitted OIDC Client details such as LogoURI and RedirectURI so that the new changes are applied. | F109: Verify the Data validation for Redirect URI if it is exceeding the given limit | G109: 1.Login to PMS portal 2.Navigate to Authentication Services. 3.Navigate to create OIDC client Home page 4.Click on the edit option in the Action Menu 5.Edit the RedirectURI with more than 2048 characters and submit 6.Click on submit | H109: Should throw appropriate error message on tab "should not allow more than 2048 characters" | I109: Pass
A110: MOSIP-33227 | B110: Authentication Services: Edit OIDC Client details | C110: 33227_41 | D110: The OIDC Client in the tabular view should be in Activated status for edit option to be enabled | E110: As a user (partner), on clicking Edit option of OIDC Client in the tabular view screen- I should be able to edit the previously submitted OIDC Client details such as LogoURI and RedirectURI so that the new changes are applied. | F110: Verify Sort Icon for list of OIDC client request | G110: 1.Login to PMS portal 2.Navigate to Authentication Services. 3.Navigate to create OIDC client Home page | H110: Action and OIDC Client ID shouldn't have sort icon | I110: Pass
A111: MOSIP-33207 | B111: Authentication Services: Tabular View of previous submitted OIDC Clients | C111: 33207_01 | D111: 1. User has logged in to PMS portal as Auth partner 2.User had uploaded certificate. 3.User has Requested Policy 4.Policy is approved by admin 5. OIDC request should have been submittted atleast once. | E111: As a user (partner), I should be able to view the tabular list of submitted OIDC Clients along with its details and status so that I can view the OIDC Clients created by my organisation in a sequential order and view the OIDC Client IDs for active records in same screen. | F111: Verify a New User wanting to create OIDC Client for the first time | G111: 1.Login to PMS portal 2.Navigate to Authentication Services. 3.Navigate to create OIDC client Home page | H111: The screen should have the following options under OIDC Client tab: 1. Create OIDC Client button should be placed on the centre of the screen. 2. Columns headers should have : Partner ID,partner type,Policy Group, Policy Name, OIDC Client Name, Created Date, Status, OIDC Client ID, Action | I111: Pass
A112: MOSIP-33207 | B112: Authentication Services: Tabular View of previous submitted OIDC Clients | C112: 33207_02 | D112: 1.User has logged in as Auth partner 2.User has not uploaded certificates | E112: As a user (partner), I should be able to view the tabular list of submitted OIDC Clients along with its details and status so that I can view the OIDC Clients created by my organisation in a sequential order and view the OIDC Client IDs for active records in same screen. | F112: Verify user is able to view the list of OIDC client without uploading partner certificate | G112: 1.Login to PMS portal 2.Navigate to Authentication Services without uploading partner certificate. 3.Navigate to create OIDC client Home page | H112: 1.Partner Id should not display in the dropdown 2.Partner type should not get changed 3.Policy name should not be available either on search or in the dropdown 4.Partner should not be able to create OIDC client 5.Hence should not avail in the list | I112: Pass
... A197: MOSIP-32702 | B197: Request a policy to be assigned to partner ID | C197: TC_32702_15 | D197: 1. Partner certificate should be uploaded before for particular partner. 2. Policy group should be created by admin and mapped to Partner. 3. Policy Names should be created and mapped to Policy group by admin. | E197: As a user (partner), on clicking Request Policy button in Policies screen- I should be able to request for a policy that is applicable to my organisation so that on approval from admin, the policy is assigned to the respective partner ID in order to proceed with authentication services. | F197: Verify the comments text area. | G197: 1. Navigate to PMS portal. 2. Click "Policies" options in Home page. 3. "Request a Policy page" gets displayed. 4. Navigate to "Partner ID" dropdown and select any Partner ID. 5. "Policy Group" gets auto populated based on Partner ID selected by user. 6. Navigate and select "Policy Name" dropdown. 7. Navigate to "Comments" edit box. | H197: 1. Comments text area should be editable. 2. Proper placeholder should be defined for comments edit box - "Mention the purpose of requesting the policy" | I197: Pass
A198: MOSIP-32702 | B198: Request a policy to be assigned to partner ID | C198: TC_32702_16 | E198: As a user (partner), on clicking Request Policy button in Policies screen- I should be able to request for a policy that is applicable to my organisation so that on approval from admin, the policy is assigned to the respective partner ID in order to proceed with authentication services. | F198: Verify "Submit" button is disabled by default. | G198: 1. Navigate to PMS portal. 2. Click "Policies" options in Home page. 3. "Request a Policy page" gets displayed. 4. Navigate to "Submit" button. | H198: Submit button should be disabled by default. | I198: Pass
A199: MOSIP-32702 | B199: Request a policy to be assigned to partner ID | C199: TC_32702_17 | D199: 1. Partner certificate should be uploaded before for particular partner. 2. Policy group should be created by admin and mapped to Partner. 3. Policy Names should be created and mapped to Policy group by admin. | E199: As a user (partner), on clicking Request Policy button in Policies screen- I should be able to request for a policy that is applicable to my organisation so that on approval from admin, the policy is assigned to the respective partner ID in order to proceed with authentication services. | F199: Verify by not selecting all mandatory fields and submitting the request. | G199: 1. Navigate to PMS portal. 2. Click "Policies" options in Home page. 3. "Request a Policy page" gets displayed. 4. Do not select any mandatory field. 5. Navigate and click "Submit" button. | H199: 1. "Submit" button should be disabled. | I199: Pass
A200: MOSIP-32702 | B200: Request a policy to be assigned to partner ID | C200: TC_32702_18 | D200: 1. Partner certificate should be uploaded before for particular partner. 2. Policy group should be created by admin and mapped to Partner. 3. Policy Names should be created and mapped to Policy group by admin. | E200: As a user (partner), on clicking Request Policy button in Policies screen- I should be able to request for a policy that is applicable to my organisation so that on approval from admin, the policy is assigned to the respective partner ID in order to proceed with authentication services. | F200: Verify by selecting all the mandatory fields to request policy. | G200: 1. Navigate to PMS portal. 2. Click "Policies" options in Home page. 3. "Request a Policy page" gets displayed. 4. Navigate to "Partner ID" dropdown and select any Partner ID. 5. "Partner Type" & "Policy Group" gets auto populated based on Partner ID selected by user. 6. Navigate and select "Policy Name" dropdown. 7. Provide comments "Comments". 8. Click on Submit button. | H200: 1. Submit button should be enabled. 2. User should be able to "Request Policy". 3. Success message should be displayed. | I200: Pass
A201: MOSIP-32702 | B201: Request a policy to be assigned to partner ID | C201: TC_32702_19 | D201: 1. Partner certificate should be uploaded before for particular partner. 2. Policy group should be created by admin and mapped to Partner. 3. Policy Names should be created and mapped to Policy group by admin. | E201: As a user (partner), on clicking Request Policy button in Policies screen- I should be able to request for a policy that is applicable to my organisation so that on approval from admin, the policy is assigned to the respective partner ID in order to proceed with authentication services. | F201: Verify the success message after submitting the request. | G201: 1. Navigate to PMS portal. 2. Click "Policies" options in Home page. 3. "Request a Policy page" gets displayed. 4. Navigate to "Partner ID" dropdown and select any Partner ID. 5. "Partner Type" & "Policy Group" gets auto populated based on Partner ID selected by user. 6. Navigate and select "Policy Name" dropdown. 7. Provide comments "Comments". 8. Click on Submit button. | H201: Below content should be displayed for user upon submitting the request, 1. Success Green Color Tick Icon 2. Title of success message: 'Policy Submitted Successfully! 3. Description of success message: Policy request has been successfully submitted. Approval is pending with admin. 4. Go Back button. 5. Home Button. | I201: Pass
A202: MOSIP-32702 | B202: Request a policy to be assigned to partner ID | C202: TC_32702_20 | D202: 1. Partner certificate should be uploaded before for particular partner. 2. Policy group should be created by admin and mapped to Partner. 3. Policy Names should be created and mapped to Policy group by admin. | E202: As a user (partner), on clicking Request Policy button in Policies screen- I should be able to request for a policy that is applicable to my organisation so that on approval from admin, the policy is assigned to the respective partner ID in order to proceed with authentication services. | F202: Verify by not entering comments into the comments edit field. | G202: 1. Navigate to PMS portal. 2. Click "Policies" options in Home page. 3. "Request a Policy page" gets displayed. 4. Navigate to "Partner ID" dropdown and select any Partner ID. 5. "Partner Type" & "Policy Group" gets auto populated based on Partner ID selected by user. 6. Navigate and select "Policy Name" dropdown. 7. Do not provide comments in "Comments" edit field. 8. Click on Submit button. | H202: Submit button should be disabled. | I202: Pass
A203: MOSIP-32702 | B203: Request a policy to be assigned to partner ID | C203: TC_32702_21 | D203: 1. Partner certificate should be uploaded before for particular partner. 2. Policy group should be created by admin and mapped to Partner. 3. Policy Names should be created and mapped to Policy group by admin. | E203: As a user (partner), on clicking Request Policy button in Policies screen- I should be able to request for a policy that is applicable to my organisation so that on approval from admin, the policy is assigned to the respective partner ID in order to proceed with authentication services. | F203: Verify clear button functionality | G203: 1. Navigate to PMS portal. 2. Click "Policies" options in Home page. 3. "Request a Policy page" gets displayed. 4. Navigate to "Partner ID" dropdown and select any Partner ID. 5. "Partner Type" & "Policy Group" gets auto populated based on Partner ID selected by user. 6. Navigate and select "Policy Name" dropdown. 7. Provide comments in "Comments" edit field. 8. Click on clear button. | H203: All the data selected/entered into request policy form should get cleared after invoking "Clear" button. | I203: Pass
A204: MOSIP-32702 | B204: Request a policy to be assigned to partner ID | C204: TC_32702_22 | D204: 1. Partner certificate should be uploaded before for particular partner. 2. Policy group should be created by admin and mapped to Partner. 3. Policy Names should be created and mapped to Policy group by admin. | E204: As a user (partner), on clicking Request Policy button in Policies screen- I should be able to request for a policy that is applicable to my organisation so that on approval from admin, the policy is assigned to the respective partner ID in order to proceed with authentication services. | F204: Verify cancel button functionality | G204: 1. Navigate to PMS portal. 2. Click "Policies" options in Home page. 3. "Request a Policy page" gets displayed. 4. Navigate to "Partner ID" dropdown and select any Partner ID. 5. "Partner Type" & "Policy Group" gets auto populated based on Partner ID selected by user. 6. Navigate and select "Policy Name" dropdown. 7. Provide comments in "Comments" edit field. 8. Click on cancel button. | H204: User should be navigate to tabular view screen after invoking cancel button. | I204: Pass
A205: MOSIP-32702 | B205: Request a policy to be assigned to partner ID | C205: TC_32702_23 | D205: 1. Partner certificate should be uploaded before for particular partner. 2. Policy group should be created by admin and mapped to Partner. 3. Policy Names should be created and mapped to Policy group by admin. | E205: As a user (partner), on clicking Request Policy button in Policies screen- I should be able to request for a policy that is applicable to my organisation so that on approval from admin, the policy is assigned to the respective partner ID in order to proceed with authentication services. | F205: Verify the status is "Pending for approval" after submitting policy request. | G205: 1. Navigate to PMS portal. 2. Click "Policies" options in Home page. 3. "Request a Policy page" gets displayed. 4. Navigate to "Partner ID" dropdown and select any Partner ID. 5. "Partner Type" & "Policy Group" gets auto populated based on Partner ID selected by user. 6. Navigate and select "Policy Name" dropdown. 7. Provide comments in "Comments" edit field. 8. Click on submit button. 9. Navigate to tabular view. | H205: 1. User should be able to submit the request. 2. User should be able to click on "Go back" button. 3. In list of tabular view status should be "Pending for approval" for particular partner ID. | I205: Pass
A206: MOSIP-32702 | B206: Request a policy to be assigned to partner ID | C206: TC_32702_24 | E206: As a user (partner), on clicking Request Policy button in Policies screen- I should be able to request for a policy that is applicable to my organisation so that on approval from admin, the policy is assigned to the respective partner ID in order to proceed with authentication services. | F206: Verify all the mandatory fields are marked with * symbol | G206: 1. Navigate to PMS portal. 2. Click "Policies" options in Home page. 3. "Request a Policy page" gets displayed. | H206: All the mandatory fields should be marked with * symbol | I206: Pass
A207: MOSIP-32702 | B207: Request a policy to be assigned to partner ID | C207: TC_32702_25 | D207: 1. Partner certificate should be uploaded before for particular partner. 2. Policy group should be created by admin and mapped to Partner. 3. Policy Names should be created and mapped to Policy group by admin. | E207: As a user (partner), on clicking Request Policy button in Policies screen- I should be able to request for a policy that is applicable to my organisation so that on approval from admin, the policy is assigned to the respective partner ID in order to proceed with authentication services. | F207: Verify by selecting multiple "Policy Name" at a time from dropdown. | G207: 1. Navigate to PMS portal. 2. Click "Policies" options in Home page. 3. "Request a Policy page" gets displayed. 4. Navigate to "Partner ID" dropdown and select any Partner ID. 5. "Partner Type" & "Policy Group" gets auto populated based on Partner ID selected by user. 6. Navigate and select "Policy Name" dropdown and select multiple items from dropdown. 7. Provide comments in "Comments" edit field. 8. Click on submit button. | H207: 1. User should not be able to select multiple items from dropdown at a time. 2. Submit button should be disabled. | I207: Pass
A208: MOSIP-32702 | B208: Request a policy to be assigned to partner ID | C208: TC_32702_26 | D208: 1. Partner certificate should be uploaded before for particular partner. 2. Policy group should be created by admin and mapped to Partner. 3. Policy Names should be created and mapped to Policy group by admin. | E208: As a user (partner), on clicking Request Policy button in Policies screen- I should be able to request for a policy that is applicable to my organisation so that on approval from admin, the policy is assigned to the respective partner ID in order to proceed with authentication services. | F208: Verify user is able to submit another Policy request | G208: 1. Navigate to PMS portal. 2. Click "Policies" options in Home page. 3. "Request a Policy page" gets displayed. 4. Navigate to "Partner ID" dropdown and select any Partner ID. 5. "Partner Type" & "Policy Group" gets auto populated based on Partner ID selected by user. 6. Navigate and select "Policy Name" dropdown. 7. Provide comments in "Comments" edit field. 8. Click on submit button. 9. Repeat step 4,5,6,7,8 | H208: 1. User should be able to submit another "Policy Request" 2. Success message be displayed. | I208: Pass
A209: MOSIP-32702 | B209: Request a policy to be assigned to partner ID | C209: TC_32702_27 | D209: 1. Partner certificate should be uploaded before for particular partner. 2. Policy group should be created by admin and mapped to Partner. 3. Policy Names should be created and mapped to Policy group by admin. | E209: As a user (partner), on clicking Request Policy button in Policies screen- I should be able to request for a policy that is applicable to my organisation so that on approval from admin, the policy is assigned to the respective partner ID in order to proceed with authentication services. | F209: Verify by submitting (mapping) multiple Policy request for same partner ID | G209: 1. Navigate to PMS portal. 2. Click "Policies" options in Home page. 3. "Request a Policy page" gets displayed. 4. Navigate to "Partner ID" dropdown and select any Partner ID. 5. "Partner Type" & "Policy Group" gets auto populated based on Partner ID selected by user. 6. Navigate and select "Policy Name" dropdown. 7. Provide comments in "Comments" edit field. 8. Click on submit button. 9. Repeat step 4,5,6,7,8 multiple times. | H209: 1. User should be able to submit multiple "Policy Request" for same Partner ID. 2. Success message be displayed. 3. User should be able to view all the Policies in tabular view of policies. | I209: Pass
A210: MOSIP-32702 | B210: Request a policy to be assigned to partner ID | C210: TC_32702_28 | D210: 1. Partner certificate should be uploaded before for particular partner. 2. Policy group should be created by admin and mapped to Partner. 3. Policy Names should be created and mapped to Policy group by admin. | E210: As a user (partner), on clicking Request Policy button in Policies screen- I should be able to request for a policy that is applicable to my organisation so that on approval from admin, the policy is assigned to the respective partner ID in order to proceed with authentication services. | F210: Verify by submitting (mapping) same previously submitted policy name with same Partner ID | G210: 1. Navigate to PMS portal. 2. Click "Policies" options in Home page. 3. "Request a Policy page" gets displayed. 4. Navigate to "Partner ID" dropdown and select any Partner ID. 5. "Partner Type" & "Policy Group" gets auto populated based on Partner ID selected by user. 6. Navigate and select "Policy Name" dropdown. 7. Provide comments in "Comments" edit field. 8. Click on submit button. 9. Map the user with same policy name. | H210: 1. User should not be able to submit (map) same policy name with same partner ID one more time. 2. Error message should be displayed - Same Policy is already submitted for the Partner. | I210: Pass
A211: MOSIP-32702 | B211: Request a policy to be assigned to partner ID | C211: TC_32702_29 | D211: 1. Partner certificate should be uploaded before for particular partner. 2. Policy group should be created by admin and mapped to Partner. 3. Policy Names should be created and mapped to Policy group by admin. 4. Policy should be in Approved state. | E211: As a user (partner), on clicking Request Policy button in Policies screen- I should be able to request for a policy that is applicable to my organisation so that on approval from admin, the policy is assigned to the respective partner ID in order to proceed with authentication services. | F211: Verify by submitting a policy already in APPROVED status for same policy against the partner id. | G211: 1. Navigate to PMS portal. 2. Click "Policies" options in Home page. 3. "Request a Policy page" gets displayed. 4. Navigate to "Partner ID" dropdown and select any Partner ID. 5. "Partner Type" & "Policy Group" gets auto populated based on Partner ID selected by user. 6. Navigate and select "Policy Name" which is already in Approved state. 7. Provide comments in "Comments" edit field. 8. Click on submit button. | H211: 1. User should not be able to request the Approved policy once again for same policy against the partner id. 2. Error message should be displayed - "This policy has already been approved against your partner ID." | I211: Pass
A212: MOSIP-32702 | B212: Request a policy to be assigned to partner ID | C212: TC_32702_30 | D212: 1. Partner certificate should be uploaded before for particular partner. 2. Policy group should be created by admin and mapped to Partner. 3. Policy Names should be created and mapped to Policy group by admin. 4. Policy should be in Pending for Approval state. | E212: As a user (partner), on clicking Request Policy button in Policies screen- I should be able to request for a policy that is applicable to my organisation so that on approval from admin, the policy is assigned to the respective partner ID in order to proceed with authentication services. | F212: Verify by submitting a policy already in PENDING FOR APPROVAL status for same policy against the partner id | G212: 1. Navigate to PMS portal. 2. Click "Policies" options in Home page. 3. "Request a Policy page" gets displayed. 4. Navigate to "Partner ID" dropdown and select any Partner ID. 5. "Partner Type" & "Policy Group" gets auto populated based on Partner ID selected by user. 6. Navigate and select "Policy Name" which is already in Pending for Approval state. 7. Provide comments in "Comments" edit field. 8. Click on submit button. | H212: 1. User should not be able to request the Pending for Approval policy once again for same policy against the partner id. 2. Error message should be displayed -"This policy is already pending for approval against your partner ID." | I212: Pass
A213: MOSIP-32702 | B213: Request a policy to be assigned to partner ID | C213: TC_32702_31 | D213: 1. Partner certificate should be uploaded before for particular partner. 2. Policy group should be created by admin and mapped to Partner. 3. Policy Names should be created and mapped to Policy group by admin. 4. Policy should be in Rejected status. | E213: As a user (partner), on clicking Request Policy button in Policies screen- I should be able to request for a policy that is applicable to my organisation so that on approval from admin, the policy is assigned to the respective partner ID in order to proceed with authentication services. | F213: Verify by submitting Rejected Policy once again. | G213: 1. Navigate to PMS portal. 2. Click "Policies" options in Home page. 3. "Request a Policy page" gets displayed. 4. Navigate to "Partner ID" dropdown and select any Partner ID. 5. "Partner Type" & "Policy Group" gets auto populated based on Partner ID selected by user. 6. Navigate and select "Policy Name" which is already in Rejected status. 7. Provide comments in "Comments" edit field. 8. Click on submit button. | H213: User should be able to submit the Rejcted policy against the partner ID again. | I213: Pass
A214: MOSIP-32702 | B214: Request a policy to be assigned to partner ID | C214: TC_32702_32 | D214: 1. Partner certificate should be uploaded before for particular partner. 2. Policy group should be created by admin and mapped to Partner. 3. Policy Names should be created and mapped to Policy group by admin. | E214: As a user (partner), on clicking Request Policy button in Policies screen- I should be able to request for a policy that is applicable to my organisation so that on approval from admin, the policy is assigned to the respective partner ID in order to proceed with authentication services. | F214: Verify "go back" functionality after submitting policy request. | G214: 1. Navigate to PMS portal. 2. Click "Policies" options in Home page. 3. "Request a Policy page" gets displayed. 4. Navigate to "Partner ID" dropdown and select any Partner ID. 5. "Partner Type" & "Policy Group" gets auto populated based on Partner ID selected by user. 6. Navigate and select "Policy Name" dropdown. 7. Provide comments in "Comments" edit field. 8. Click on submit button. 9. Navigate to "Home" button and click. | H214: 1. User should be navigated to "tabular view of submitted policies". | I214: Pass
A215: MOSIP-32702 | B215: Request a policy to be assigned to partner ID | C215: TC_32702_33 | D215: 1. Partner certificate should be uploaded before for particular partner. 2. Policy group should be created by admin and mapped to Partner. 3. Policy Names should be created and mapped to Policy group by admin. | E215: As a user (partner), on clicking Request Policy button in Policies screen- I should be able to request for a policy that is applicable to my organisation so that on approval from admin, the policy is assigned to the respective partner ID in order to proceed with authentication services. | F215: Verify "Home" button functionality after submitting policy request. | G215: 1. Navigate to PMS portal. 2. Click "Policies" options in Home page. 3. "Request a Policy page" gets displayed. 4. Navigate to "Partner ID" dropdown and select any Partner ID. 5. "Partner Type" & "Policy Group" gets auto populated based on Partner ID selected by user. 6. Navigate and select "Policy Name" dropdown. 7. Provide comments in "Comments" edit field. 8. Click on submit button. 9. Navigate to "Home" button and click. | H215: 1. User should be navigated to "user dashboard/home page". | I215: Pass
A216: MOSIP-32702 | B216: Request a policy to be assigned to partner ID | C216: TC_32702_34 | D216: 1. Partner certificate should be uploaded before for particular partner. 2. Policy group should be created by admin and mapped to Partner. 3. Policy Names should be created and mapped to Policy group by admin. | E216: As a user (partner), on clicking Request Policy button in Policies screen- I should be able to request for a policy that is applicable to my organisation so that on approval from admin, the policy is assigned to the respective partner ID in order to proceed with authentication services. | F216: Verify that after filling the Policy request form and closing browser, browser back or refresh browser, prompt error should be displayed. | G216: 1. Navigate to PMS portal. 2. Click "Policies" options in Home page. 3. "Request a Policy page" gets displayed. 4. Navigate to "Partner ID" dropdown and select any Partner ID. 5. "Partner Type" & "Policy Group" gets auto populated based on Partner ID selected by user. 6. Navigate and select "Policy Name" dropdown. 7. Provide comments in "Comments" edit field. 8. Perform closing browser, browser back or refresh browser. | H216: Below message should be displayed for users, - Header: Leave site? - Message: Changes you made may not be saved. - With a checkbox stating “Prevent this page from creating additional dialogs.” - Buttons: Leave, Cancel (Default browser dialog box) - On click of “Cancel”, user will be retained on the same screen, with the data entered also retained and the user can continue with the policy request details entry. - On click of “Leave”, system will stop the current process and the browser should move back or close, based on the option selected. | I216: Pass
A217: MOSIP-32702 | B217: Request a policy to be assigned to partner ID | C217: TC_32702_35 | D217: 1. Partner certificate should be uploaded before for particular partner. 2. Policy group should be created by admin and mapped to Partner. 3. Policy Names should be created and mapped to Policy group by admin. | E217: As a user (partner), on clicking Request Policy button in Policies screen- I should be able to request for a policy that is applicable to my organisation so that on approval from admin, the policy is assigned to the respective partner ID in order to proceed with authentication services. | F217: Verify that all inline error messages. | G217: 1. Navigate to PMS portal. 2. Click "Policies" options in Home page. 3. "Request a Policy page" gets displayed. 4. Navigate to "Partner ID" dropdown and select any Partner ID. 5. "Partner Type" & "Policy Group" gets auto populated based on Partner ID selected by user. 6. Navigate and select "Policy Name" dropdown. 7. Provide comments in "Comments" edit field. 8. Do some inline errors. | H217: 1. All error messages should be retained for 10 seconds. (NA) 2. All the error messages should disappear at the end of 10 seconds. (NA) 3. When user tabs out error should be retained or disappear depending on user action performed. (NA) 4. The error messages should disappear when the user tries to input data or when the user clicks on the “x” icon, whichever is first. (Applicable) | I217: Pass
A218: MOSIP-32702 | B218: Request a policy to be assigned to partner ID | C218: TC_32702_36 | D218: 1. Partner certificate should be uploaded before for particular partner. 2. Policy group should be created by admin and mapped to Partner. 3. Policy Names should be created and mapped to Policy group by admin. | E218: As a user (partner), on clicking Request Policy button in Policies screen- I should be able to request for a policy that is applicable to my organisation so that on approval from admin, the policy is assigned to the respective partner ID in order to proceed with authentication services. | F218: Verify clicking hamburger menu when user is on Request Policy screen. | G218: 1. Navigate to PMS portal. 2. Click "Policies" options in Home page. 3. "Request a Policy page" gets displayed. 4. Navigate to "Partner ID" dropdown and select any Partner ID. 5. "Partner Type" & "Policy Group" gets auto populated based on Partner ID selected by user. 6. Navigate and select "Policy Name" dropdown. 7. Provide comments in "Comments" edit field. 8. Do not submit the request. | H218: 1. User should be able to click hamburger menu when user is on Request Policy screen. | I218: Pass
A219: MOSIP-32702 | B219: Request a policy to be assigned to partner ID | C219: TC_32702_37 | E219: As a user (partner), on clicking Request Policy button in Policies screen- I should be able to request for a policy that is applicable to my organisation so that on approval from admin, the policy is assigned to the respective partner ID in order to proceed with authentication services. | F219: Verify back button beside request a policy | G219: 1. Navigate to PMS portal. 2. Click "Policies" options in Home page. 3. "Request a Policy page" gets displayed. 4. Navigate to "Partner ID" dropdown and select any Partner ID. 5. "Partner Type" & "Policy Group" gets auto populated based on Partner ID selected by user. 6. Navigate and select "Policy Name" dropdown. 7. Provide comments in "Comments" edit field. 8. Do not submit the request. 9. Click on back button. | H219: User should be navigated to Request Policy button screen. | I219: Pass
A220: MOSIP-32702 | B220: Request a policy to be assigned to partner ID | C220: TC_32702_38 | E220: As a user (partner), on clicking Request Policy button in Policies screen- I should be able to request for a policy that is applicable to my organisation so that on approval from admin, the policy is assigned to the respective partner ID in order to proceed with authentication services. | F220: Verify Heading, URL and Breadcrumb of Request Policy screen. | G220: 1. Navigate to PMS portal. 2. Click "Policies" options in Home page. 3. "Request a Policy page" gets displayed. | H220: 1. Proper heading should be defined - "Request a Policy". 2. Meaningful URL should be displayed for users. 3. Upon invoking Breadcrumb, relevant page should be displayed. | I220: Pass
A221: MOSIP-32702 | B221: Request a policy to be assigned to partner ID | C221: TC_32702_39 | D221: 1. Partner certificate should be uploaded before for particular partner. 2. Policy group should be created by admin and mapped to Partner. 3. Policy Names should be created and mapped to Policy group by admin. | E221: As a user (partner), on clicking Request Policy button in Policies screen- I should be able to request for a policy that is applicable to my organisation so that on approval from admin, the policy is assigned to the respective partner ID in order to proceed with authentication services. | F221: Verify that language selected at the time of login is same across all screen | G221: 1. Navigate to PMS portal. 2. Click "Policies" options in Home page. 3. "Request a Policy page" gets displayed. 4. Submit a request policy. | H221: User should be navigated in same language which is selected at the time of login and should continue to remain same across all screen | I221: Pass
A222: MOSIP-32702 | B222: Request a policy to be assigned to partner ID | C222: TC_32702_40 | D222: 1. Partner certificate should be uploaded before for particular partner. 2. Policy group should be created by admin and mapped to Partner. 3. Policy Names should be created and mapped to Policy group by admin. | E222: As a user (partner), on clicking Request Policy button in Policies screen- I should be able to request for a policy that is applicable to my organisation so that on approval from admin, the policy is assigned to the respective partner ID in order to proceed with authentication services. | F222: Verify submitting request functionality in different browsers. | G222: 1. Navigate to PMS portal. 2. Click "Policies" options in Home page. 3. "Request a Policy page" gets displayed. 4. Navigate to "Partner ID" dropdown and select any Partner ID. 5. "Partner Type" & "Policy Group" gets auto populated based on Partner ID selected by user. 6. Navigate and select "Policy Name" dropdown. 7. Provide comments in "Comments" edit field. 8. Click on submit button. | H222: Below functionality should be working in different browsers. 1. User should be able to submit policy request. 2. All the controls should be proplerly aligned in different browsers. | I222: Pass
A223: MOSIP-32702 | B223: Request a policy to be assigned to partner ID | C223: TC_32702_41 | D223: 1. Partner certificate should be uploaded before for particular partner. 2. Policy group should be created by admin and mapped to Partner. 3. Policy Names should be created and mapped to Policy group by admin. | E223: As a user (partner), on clicking Request Policy button in Policies screen- I should be able to request for a policy that is applicable to my organisation so that on approval from admin, the policy is assigned to the respective partner ID in order to proceed with authentication services. | F223: Verify all the fields have proper label and placeholder defined in Request policy screen | G223: 1. Navigate to PMS portal. 2. Click "Policies" options in Home page. 3. "Request a Policy page" gets displayed. | H223: All the fields in Request Policy form should have proper label and placeholder defined. | I223: Pass
A224: MOSIP-32702 | B224: Request a policy to be assigned to partner ID | C224: TC_32702_42 | D224: 1. Partner certificate should be uploaded before for particular partner. 2. Policy group should be created by admin and mapped to Partner. 3. Policy Names should be created and mapped to Policy group by admin. | E224: As a user (partner), on clicking Request Policy button in Policies screen- I should be able to request for a policy that is applicable to my organisation so that on approval from admin, the policy is assigned to the respective partner ID in order to proceed with authentication services. | F224: Verify all the field label/success message/failure messages in the user selected language | G224: 1. Navigate to PMS portal. 2. Change the language in the dropdown 3.Click "Policies" options in Home page. | H224: 1.All the fields/success message/failure messages should be in the user selected language 2.success message/failure messages for arabic language should be in RTL format | I224: Pass
A225: MOSIP-32702 | B225: Request a policy to be assigned to partner ID | C225: TC_32702_43 | D225: 1. Partner certificate should be uploaded before for particular partner. 2. Policy group should be created by admin and mapped to Partner. 3. Policy Names should be created and mapped to Policy group by admin. | E225: As a user (partner), on clicking Request Policy button in Policies screen- I should be able to request for a policy that is applicable to my organisation so that on approval from admin, the policy is assigned to the respective partner ID in order to proceed with authentication services. | F225: Verify all the field message/success message/failure messages are active in the user selected language after logout | G225: 1. Navigate to PMS portal. 2. Change the language in the dropdown 3.Click "Policies" options in Home page. 4.Logout 5.Login again | H225: Screen should be dispayed in the user selected language until user changes it . | I225: Pass
A226: MOSIP-32702 | B226: Request a policy to be assigned to partner ID | C226: TC_32702_44 | D226: 1. Partner certificate should be uploaded before for particular partner. 2. Policy group should be created by admin and mapped to Partner. 3. Policy Names should be created and mapped to Policy group by admin. | E226: As a user (partner), on clicking Request Policy button in Policies screen- I should be able to request for a policy that is applicable to my organisation so that on approval from admin, the policy is assigned to the respective partner ID in order to proceed with authentication services. | F226: Verify the language selected at the time of login remains same across all screens | G226: 1. Navigate to PMS portal. 2. Change the language in the dropdown 3.Click "Policies" options in Home page. | H226: The language selected at the time of login should continue to remain same across all screens | I226: Pass
A227: MOSIP-32702 | B227: Request a policy to be assigned to partner ID | C227: TC_32702_45 | D227: 1. Partner certificate should be uploaded before for particular partner. 2. Policy group should be created by admin and mapped to Partner. 3. Policy Names should be created and mapped to Policy group by admin. | E227: As a user (partner), on clicking Request Policy button in Policies screen- I should be able to request for a policy that is applicable to my organisation so that on approval from admin, the policy is assigned to the respective partner ID in order to proceed with authentication services. | F227: Verify the Information messages in user selected language | G227: 1. Navigate to PMS portal. 2. Change the language in the dropdown 3.Click on "Request Policy" options in Home page. | H227: Information messages should dispaly in user selected language | I227: Pass
A228: MOSIP-32702 | B228: Request a policy to be assigned to partner ID | C228: TC_32702_46 | D228: 1. Partner certificate should be uploaded before for particular partner. 2. Policy group should be created by admin and mapped to Partner. 3. Policy Names should be created and mapped to Policy group by admin. | E228: As a user (partner), on clicking Request Policy button in Policies screen- I should be able to request for a policy that is applicable to my organisation so that on approval from admin, the policy is assigned to the respective partner ID in order to proceed with authentication services. | F228: Verify the Information messages when user selected arabic language | G228: 1. Navigate to PMS portal. 2. Change the language to arabic in the dropdown 3.Click on "Request Policy" options in Home page. | H228: Information messages should dispaly RTL format for language | I228: Pass
A229: MOSIP-32702 | B229: Request a policy to be assigned to partner ID | C229: TC_32702_47 | D229: 1. Partner certificate should be uploaded before for particular partner. 2. Policy group should be created by admin and mapped to Partner. 3. Policy Names should be created and mapped to Policy group by admin. | E229: As a user (partner), on clicking Request Policy button in Policies screen- I should be able to request for a policy that is applicable to my organisation so that on approval from admin, the policy is assigned to the respective partner ID in order to proceed with authentication services. | F229: Verify user can change the language after logging in | G229: 1. Navigate to PMS portal. 2. Change the language after logging in | H229: 1.The language selected at the time of login should continue to remain same across all screens 2.User should not have an option to change the language after logging in | I229: Pass
A230: MOSIP-32702 | B230: Request a policy to be assigned to partner ID | C230: TC_32702_48 | D230: 1. Partner certificate should be uploaded before for particular partner. 2. Policy group should be created by admin and mapped to Partner. 3. Policy Names should be created and mapped to Policy group by admin. | E230: As a user (partner), on clicking Request Policy button in Policies screen- I should be able to request for a policy that is applicable to my organisation so that on approval from admin, the policy is assigned to the respective partner ID in order to proceed with authentication services. | F230: Verify the Time format is same in tabular page and view page of polices | G230: 1. Navigate to PMS portal. 2.Click on "Request Policy" options in Home page. 3.Check the Time Format in the tabular page and view page of policies | H230: Time format should be same in both pages | I230: Pass
A231: MOSIP-33237 | B231: Authentication Services: Deactivate an active OIDC Client | C231: TC_PR_01 | D231: 1. OIDC request should have been submittted atleast once. | E231: Authentication Services: Deactivate an Activated OIDC Client | F231: Verify OIDC Client request in the tabular view should be in Activated status | G231: 1.Login in as authpartner 2.Login to PMS portal 3.Navigate to Authentication Services. 4.Navigate to create OIDC client page 5.Navigate to List of OIDC client requests | H231: 1.Only enable "Deactivate" when the status is "Activated". | I231: Pass
A232: MOSIP-33237 | B232: Authentication Services: Deactivate an active OIDC Client | C232: TC_PR_02 | D232: 1. OIDC request should have been submittted atleast once. | E232: Authentication Services: Deactivate an Activated OIDC Client | F232: Verify User clicks on deactivate option in the Action menu of Activated OIDC Client record in tabular view | G232: 1.Login in as authpartner 2.Login to PMS portal 3.Navigate to Authentication Services. 4.Navigate to create OIDC client page 5.Navigate to List of OIDC client requests | H232: 1.A popup window appears seeking confirmation on whether to proceed with deactivation. 2.Popup Window Title- ‘Do you want to Deactivate OIDC Client - <OIDC Client name appears here>?’ 3.Sub title -' On clicking Confirm, you will not be able to use the OIDC Client ID for authentication and view its details anymore.' 4.Confirm button- clicking on it , leads to tabular view screen with the row item being greyed out. 4.Cancel button-clicking on it , leads to tabular view screen with no changes made. | I232: Pass
... A277: MOSIP-32662 | B277: As a partner user , I should be able to click on upload button in each list view of certificate so that I can upload CA signed certificate to perform subsequent partner specific activities in PMP. | C277: TC_17 | D277: 1. The registered user has already navigated to Partner Certificate screen. | E277: Partner Certificate : Upload Certificate for first time | F277: Verify while uploading certificate by clicking "Cancel" button. | G277: 1. Navigate to PMS portal. 2. Navigate to Partner Certificate option. 3. Partner Certificate screen should be displayed. 4. For the first time upload CA Signed certificate. 5. Navigate to "Upload certificate" section and select certificate to upload. 6. While uploading certificate click on cancel button. | H277: 1. Partner certificate should not get uploaded. 2. Error message should be displayed - "Due to an error, we were unable to upload the certificate. Please try again". 3. User should be redirected to upload popup window. | I277: Pass
A278: MOSIP-32662 | B278: As a partner user , I should be able to click on upload button in each list view of certificate so that I can upload CA signed certificate to perform subsequent partner specific activities in PMP. | C278: TC_18 | D278: 1. The registered user has already navigated to Partner Certificate screen. | E278: Partner Certificate : Upload Certificate for first time | F278: Verify uploading certificate whose expiry date is less than 1 year from date of upload | G278: 1. Navigate to PMS portal. 2. Navigate to Partner Certificate option. 3. Partner Certificate screen should be displayed. 4. For the first time upload CA Signed certificate. 5. Navigate to "Upload certificate" section and select certificate whose expiry date is less than 1 year from date of upload | H278: 1. Error message should be displayed "Expiry date of uploaded certificate is less than 1 year. Please upload valid certificate again". 2. User should not be able to upload certificate. | I278: Fail | J278: MOSIP-39228
A279: MOSIP-32662 | B279: As a partner user , I should be able to click on upload button in each list view of certificate so that I can upload CA signed certificate to perform subsequent partner specific activities in PMP. | C279: TC_19 | D279: 1. The registered user has already navigated to Partner Certificate screen. | E279: Partner Certificate : Upload Certificate for first time | F279: Verify uploading future dated certificates. | G279: 1. Navigate to PMS portal. 2. Navigate to Partner Certificate option. 3. Partner Certificate screen should be displayed. 4. For the first time upload CA Signed certificate. 5. Navigate to "Upload certificate" section and select future dated certificate to upload. | H279: 1. User should not be able to upload future dated certificate | I279: Pass
A280: MOSIP-32662 | B280: As a partner user , I should be able to click on upload button in each list view of certificate so that I can upload CA signed certificate to perform subsequent partner specific activities in PMP. | C280: TC_20 | D280: 1. The registered user has already navigated to Partner Certificate screen. | E280: Partner Certificate : Upload Certificate for first time | F280: Verify after uploading certificate, in list view screen "Re-upload, Download" button are available and accessible. | G280: 1. Navigate to PMS portal. 2. Navigate to Partner Certificate option. 3. Partner Certificate screen should be displayed. 4. For the first time upload CA Signed certificate. 5. Navigate to "Upload certificate" section and select certificate and upload. 6. List view certificates screen get displayed. | H280: 1. User should be able to view and access "Re-upload and Download" buttons. | I280: Pass
A281: MOSIP-32662 | B281: As a partner user , I should be able to click on upload button in each list view of certificate so that I can upload CA signed certificate to perform subsequent partner specific activities in PMP. | C281: TC_21 | D281: 1. The registered user has already navigated to Partner Certificate screen. | E281: Partner Certificate : Upload Certificate for first time | F281: Verify that MOSIP signed certificate is extended automatically/manually | G281: 1. Navigate to PMS portal. 2. Navigate to Partner Certificate option. 3. Partner Certificate screen should be displayed. 4. For the first time upload CA Signed certificate. 5. Navigate to "Upload certificate" section and select certificate 6. The certification date should be near expiry. | H281: 1. User should get notification on near by expiry of uploaded certificate. 2. MOSIP Signed certificate should be extended automatically/manually. 3. User should be able to upload new certificate. 4. Error message should get displayed - "Expiry date of uploaded CA signed certificate is less than 1 year. Please upload valid certificate again" | I281: Pass
A282: MOSIP-32662 | B282: As a partner user , I should be able to click on upload button in each list view of certificate so that I can upload CA signed certificate to perform subsequent partner specific activities in PMP. | C282: TC_22 | D282: 1. The registered user has already navigated to Partner Certificate screen. | E282: Partner Certificate : Upload Certificate for first time | F282: Verify uploading self signed certificate | G282: 1. Navigate to PMS portal. 2. Navigate to Partner Certificate option. 3. Partner Certificate screen should be displayed. 4. For the first time upload CA Signed certificate. 5. Navigate to "Upload certificate" section and select certificate and upload. | H282: 1. User should not be able to upload Self Signed Certificate. 2. Error message should be displayed - "Self signed certificate not allowed. Please upload CA signed certificate" 2. Partner certificate should not be a self signed certificate. | I282: Pass
A283: MOSIP-32662 | B283: As a partner user , I should be able to click on upload button in each list view of certificate so that I can upload CA signed certificate to perform subsequent partner specific activities in PMP. | C283: TC_23 | D283: 1. The registered user has already navigated to Partner Certificate screen. | E283: Partner Certificate : Upload Certificate for first time | F283: Verify uploading certificates which are lower than version 3 | G283: 1. Navigate to PMS portal. 2. Navigate to Partner Certificate option. 3. Partner Certificate screen should be displayed. 4. For the first time upload CA Signed certificate. 5. Navigate to "Upload certificate" section and select certificate and upload. | H283: 1. User should not be able to upload lower version certificates than version 3. 2. Error message should be displayed - "Only Version 3 certificates allowed for upload" | I283: Pass
A284: MOSIP-32662 | B284: As a partner user , I should be able to click on upload button in each list view of certificate so that I can upload CA signed certificate to perform subsequent partner specific activities in PMP. | C284: TC_24 | D284: 1. The registered user has already navigated to Partner Certificate screen. | E284: Partner Certificate : Upload Certificate for first time | F284: Verify uploading certificates which are higher than version 3 | G284: 1. Navigate to PMS portal. 2. Navigate to Partner Certificate option. 3. Partner Certificate screen should be displayed. 4. For the first time upload CA Signed certificate. 5. Navigate to "Upload certificate" section and select certificate and upload. | H284: User should not be able to upload higher than version 3 certificates. | I284: Pass
A285: MOSIP-32662 | B285: As a partner user , I should be able to click on upload button in each list view of certificate so that I can upload CA signed certificate to perform subsequent partner specific activities in PMP. | C285: TC_25 | D285: 1. The registered user has already navigated to Partner Certificate screen. | E285: Partner Certificate : Upload Certificate for first time | F285: Verify all mandatory fields are properly defined with asterisk symbol | G285: 1. Navigate to PMS portal. 2. Navigate to Partner Certificate option. 3. Partner Certificate screen should be displayed. 4. For the first time upload CA Signed certificate. 5. Navigate to "Upload certificate" section | H285: All the mandatory fields should be marked with * asterisk symbol. | I285: Pass
A286: MOSIP-32662 | B286: As a partner user , I should be able to click on upload button in each list view of certificate so that I can upload CA signed certificate to perform subsequent partner specific activities in PMP. | C286: TC_26 | D286: 1. The registered user has already navigated to Partner Certificate screen. | E286: Partner Certificate : Upload Certificate for first time | F286: Verify timeout session of the screen as per config | G286: 1. Navigate to PMS portal. 2. Navigate to Partner Certificate option. 3. Partner Certificate screen should be displayed. 4. For the first time upload CA Signed certificate. 5. Navigate to "Upload certificate" section | H286: 1. Transaction should get expired after the config timeout of the screen. 2. Error message should be displayed. | I286: Fail | J286: MOSIP-34543
A287: MOSIP-32662 | B287: As a partner user , I should be able to click on upload button in each list view of certificate so that I can upload CA signed certificate to perform subsequent partner specific activities in PMP. | C287: TC_27 | D287: 1. The registered user has already navigated to Partner Certificate screen. | E287: Partner Certificate : Upload Certificate for first time | F287: Verify "Expiry Date" is correct after uploading certificate. | G287: 1. Navigate to PMS portal. 2. Navigate to Partner Certificate option. 3. Partner Certificate screen should be displayed. 4. For the first time upload CA Signed certificate. 5. Navigate to "Upload certificate" section and upload the certificate. 6. Navigate to list view certificates section and compare the Expiry date and uploaded certificate date. | H287: 1. Expiry date is correct after uploading the certificate. | I287: Pass
A288: MOSIP-32662 | B288: As a partner user , I should be able to click on upload button in each list view of certificate so that I can upload CA signed certificate to perform subsequent partner specific activities in PMP. | C288: TC_28 | D288: 1. The registered user has already navigated to Partner Certificate screen. | E288: Partner Certificate : Upload Certificate for first time | F288: Verify after uploading certificate Expiry date is in correct format. | G288: 1. Navigate to PMS portal. 2. Navigate to Partner Certificate option. 3. Partner Certificate screen should be displayed. 4. For the first time upload CA Signed certificate. 5. Navigate to "Upload certificate" section and upload the certificate. 6. Navigate to list view certificates section and compare the Expiry date format. | H288: After uploading certificate the "Expiry Date" should be in - "MM-DD-YYYY" | I288: Pass
A289: MOSIP-32662 | B289: As a partner user , I should be able to click on upload button in each list view of certificate so that I can upload CA signed certificate to perform subsequent partner specific activities in PMP. | C289: TC_29 | D289: 1. The registered user has already navigated to Partner Certificate screen. | E289: Partner Certificate : Upload Certificate for first time | F289: Verify "Time of Upload" is correct after uploading certificate. | G289: 1. Navigate to PMS portal. 2. Navigate to Partner Certificate option. 3. Partner Certificate screen should be displayed. 4. For the first time upload CA Signed certificate. 5. Navigate to "Upload certificate" section and upload the certificate. 6. Navigate to list view certificates section and check "Time of upload". | H289: Time of upload is correct after uploading the certificate. | I289: Pass
A290: MOSIP-32662 | B290: As a partner user , I should be able to click on upload button in each list view of certificate so that I can upload CA signed certificate to perform subsequent partner specific activities in PMP. | C290: TC_30 | D290: 1. The registered user has already navigated to Partner Certificate screen. | E290: Partner Certificate : Upload Certificate for first time | F290: Verify that language is retained across all the screens | G290: 1. Navigate to PMS portal. 2. Navigate to Partner Certificate option. 3. Partner Certificate screen should be displayed. 4. For the first time upload CA Signed certificate. 5. Navigate to "Upload certificate" section. | H290: 1. The language selected at the time of login should continue to remain same across all screens. | I290: Pass
A291: MOSIP-32662 | B291: As a partner user , I should be able to click on upload button in each list view of certificate so that I can upload CA signed certificate to perform subsequent partner specific activities in PMP. | C291: TC_31 | D291: 1. The registered user has already navigated to Partner Certificate screen. | E291: Partner Certificate : Upload Certificate for first time | F291: Verify uploading the certificate while turning off the internet. | G291: 1. Navigate to PMS portal. 2. Navigate to Partner Certificate option. 3. Partner Certificate screen should be displayed. 4. For the first time upload CA Signed certificate. 5. Navigate to "Upload certificate" section. 6. Select certificate to upload and turn off the internert. | H291: 1. User should not be able to upload the certificate. | I291: Pass
A292: MOSIP-32662 | B292: As a partner user , I should be able to click on upload button in each list view of certificate so that I can upload CA signed certificate to perform subsequent partner specific activities in PMP. | C292: TC_32 | D292: 1. The registered user has already navigated to Partner Certificate screen. | E292: Partner Certificate : Upload Certificate for first time | F292: Verify clicking on remove button should remove the certificate. | G292: 1. Navigate to PMS portal. 2. Navigate to Partner Certificate option. 3. Partner Certificate screen should be displayed. 4. For the first time upload CA Signed certificate. 5. Navigate to "Upload certificate" section and upload the certificate. 6. Do not click on submit button. 7. Click on remove button. | H292: 1. User should be able to remove the uploaded certificate. 2. "Submit" button should be disabled. 3. Please "Please upload partner certificate here" message should be displayed. | I292: Pass
A293: MOSIP-32662 | B293: As a partner user , I should be able to click on upload button in each list view of certificate so that I can upload CA signed certificate to perform subsequent partner specific activities in PMP. | C293: TC_33 | D293: 1. The registered user has already navigated to Partner Certificate screen. | E293: Partner Certificate : Upload Certificate for first time | F293: Verify that the uploaded file extension should be shown with file name. | G293: 1. Navigate to PMS portal. 2. Navigate to Partner Certificate option. 3. Partner Certificate screen should be displayed. 4. For the first time upload CA Signed certificate. 5. Navigate to "Upload certificate" section and upload the certificate. 6. In list view certificate file extension name should be present. | H293: The uploaded certificate file extension should be shown with file name. | I293: Pass
A294: MOSIP-32662 | B294: As a partner user , I should be able to click on upload button in each list view of certificate so that I can upload CA signed certificate to perform subsequent partner specific activities in PMP. | C294: TC_34 | D294: 1. The registered user has already navigated to Partner Certificate screen. | E294: Partner Certificate : Upload Certificate for first time | F294: Verify drag and drop functionality | G294: 1. Navigate to PMS portal. 2. Navigate to Partner Certificate option. 3. Partner Certificate screen should be displayed. 4. For the first time upload CA Signed certificate. 5. Navigate to "Upload certificate" section. 6. Drag and drop thw certificate. | H294: User should not be able to drag and drop the certificate. | I294: Pass
A295: MOSIP-32662 | B295: As a partner user , I should be able to click on upload button in each list view of certificate so that I can upload CA signed certificate to perform subsequent partner specific activities in PMP. | C295: TC_35 | D295: 1. The registered user has already navigated to Partner Certificate screen. | E295: Partner Certificate : Upload Certificate for first time | F295: Verify on uploading the certificate, the cerificate is not getting open in the browser. | G295: 1. Navigate to PMS portal. 2. Navigate to Partner Certificate option. 3. Partner Certificate screen should be displayed. 4. For the first time upload CA Signed certificate. 5. Navigate to "Upload certificate" section and upload the certificate. | H295: The uploaded cerificate should not get open in the browser. | I295: Pass
A296: MOSIP-32662 | B296: As a partner user , I should be able to click on upload button in each list view of certificate so that I can upload CA signed certificate to perform subsequent partner specific activities in PMP. | C296: TC_36 | D296: 1. The registered user has already navigated to Partner Certificate screen. | E296: Partner Certificate : Upload Certificate for first time | F296: Verify uploading certificate functionality in different browsers. | G296: 1. Navigate to PMS portal. 2. Navigate to Partner Certificate option. 3. Partner Certificate screen should be displayed. 4. For the first time upload CA Signed certificate. 5. Navigate to "Upload certificate" section and upload the certificate. | H296: User should be able to upload certificate in different browsers. | I296: Pass
A297: MOSIP-32662 | B297: As a partner user , I should be able to click on upload button in each list view of certificate so that I can upload CA signed certificate to perform subsequent partner specific activities in PMP. | C297: TC_37 | D297: 1. The registered user has already navigated to Partner Certificate screen. | E297: Partner Certificate : Upload Certificate for first time | F297: Verify the proper label is defined for all the text box field. | G297: 1. Navigate to PMS portal. 2. Navigate to Partner Certificate option. 3. Partner Certificate screen should be displayed. 4. For the first time upload CA Signed certificate. 5. Navigate to "Upload certificate" section. | H297: Proper labels should be defined for all the text box field. | I297: Pass
A298: MOSIP-32662 | B298: As a partner user , I should be able to click on upload button in each list view of certificate so that I can upload CA signed certificate to perform subsequent partner specific activities in PMP. | C298: TC_38 | D298: 1. The registered user has already navigated to Partner Certificate screen. | E298: Partner Certificate : Upload Certificate for first time | F298: Verify "Upload Partner Certificate" is defined as heading. | G298: 1. Navigate to PMS portal. 2. Navigate to Partner Certificate option. 3. Partner Certificate screen should be displayed. 4. For the first time upload CA Signed certificate. 5. Navigate to "Upload certificate" section. | H298: Upload Partner Certificate should be defined as heading. | I298: Pass
A299: MOSIP-32662 | B299: As a partner user , I should be able to click on upload button in each list view of certificate so that I can upload CA signed certificate to perform subsequent partner specific activities in PMP. | C299: TC_39 | D299: 1. The registered user has already navigated to Partner Certificate screen. | E299: Partner Certificate : Upload Certificate for first time | F299: Verify error messages and success messages are disappearing in config time | G299: 1. Navigate to PMS portal. 2. Navigate to Partner Certificate option. 3. Partner Certificate screen should be displayed. 4. For the first time upload CA Signed certificate. 5. Navigate to "Upload certificate" section. | H299: Error messages and success messages should be disappearing in defined config time | I299: NA | L299: The duration of error and success messages is not configurable.
A300: MOSIP-32662 | B300: As a partner user , I should be able to click on upload button in each list view of certificate so that I can upload CA signed certificate to perform subsequent partner specific activities in PMP. | C300: TC_40 | D300: 1. The registered user has already navigated to Partner Certificate screen. | E300: Partner Certificate : Upload Certificate for first time | F300: Verify error messages and success messages have cancel button and its accessible. | G300: 1. Navigate to PMS portal. 2. Navigate to Partner Certificate option. 3. Partner Certificate screen should be displayed. 4. For the first time upload CA Signed certificate. 5. Navigate to "Upload certificate" section. | H300: 1. Error messages and success messages should have cancel button. 2. Upon cancelling the "Cancel" button, message should disappear | I300: Pass
A301: MOSIP-32652 | B301: As a partner user , I should be able to view list of certificates based on partner type so that I can upload CA signed partner certificate (first time upload), re upload new certificate after expiry of current certificate, view uploaded certificate details, download initially uploaded CA signed certificate and MOSIP signed certificate. | C301: TC_01 | D301: The registered user has already navigated to Partner Certificate screen | E301: Partner Certificate : View list of certificates based on enrolled partner type | F301: Verify that user should be able to view the list of certificates based on Parter type. | G301: 1. Navigate to PMS portal as Authentication Partner. 2. Navigate to Partner Certificate option displayed either in dashboard or overlay menu. 3. Partner Certificate screen should be displayed. 4. User should be able to view the list of certificates based on partner type. | H301: 1. User should be able to view the List view of Certificate based on enrolled partner type. Eg: If user enrolled as "Authentication partner", partner type should be "Authentication partner". | I301: Pass
A302: MOSIP-32652 | B302: As a partner user , I should be able to view list of certificates based on partner type so that I can upload CA signed partner certificate (first time upload), re upload new certificate after expiry of current certificate, view uploaded certificate details, download initially uploaded CA signed certificate and MOSIP signed certificate. | C302: TC_02 | D302: The registered user has already navigated to Partner Certificate screen | E302: Partner Certificate : View list of certificates based on enrolled partner type | F302: Verify the layout for list view of certificate based on partner type are as per design requirements(Before first time upload) | G302: 1. Navigate to PMS portal as Authentication Partner. 2. Navigate to Partner Certificate option displayed either in dashboard or overlay menu. 3. Partner Certificate screen should be displayed. 4. Before first time upload, user should be able to view the layout as per design. | H302: The user views a layout for list view of certificate based on partner type with the following displayed: 1. Title- ‘Please upload partner certificate here’. 2. Subtitle - 'Only .cer or .pem certificate formats signed by authorized Certificate Authority are allowed for upload’ is displayed below title. 3. Partner type- The enrolled partner type name appears here. 4. Expiry date- <blank> 5. Time of upload- <blank> 6. Upload button | I302: Pass
A303: MOSIP-32652 | B303: As a partner user , I should be able to view list of certificates based on partner type so that I can upload CA signed partner certificate (first time upload), re upload new certificate after expiry of current certificate, view uploaded certificate details, download initially uploaded CA signed certificate and MOSIP signed certificate. | C303: TC_03 | D303: The registered user has already navigated to Partner Certificate screen | E303: Partner Certificate : View list of certificates based on enrolled partner type | F303: Verify the layout for list view of certificate based on partner type are as per design requirements(Any time after first time upload) | G303: 1. Navigate to PMS portal as Authentication Partner. 2. Navigate to Partner Certificate option displayed either in dashboard or overlay menu. 3. Partner Certificate screen should be displayed. 4. Any time after first time upload, user should be able to view the layout as per design. | H303: The user views a layout for list view of certificate based on partner type with the following displayed: 1. Title- Uploaded/ current certificate name appears here 2. Subtitle - 'Only .cer or .pem certificate formats signed by authorized Certificate Authority are allowed for upload’ is displayed below title. 3. Partner type- The enrolled partner type name appears here. 4. Expiry date- Current certificate expiry date in the format MM-DD-YYYY 5. Time of upload- Current certificate time of upload in the format MM-DD-YYYY hh:mm:ss 6. Download button (in the form of a drop down) has options i) CA Signed certificate ii) MOSIP signed certificate, both with download icons. 7. Re- Upload button | I303: Pass
A304: MOSIP-32652 | B304: As a partner user , I should be able to view list of certificates based on partner type so that I can upload CA signed partner certificate (first time upload), re upload new certificate after expiry of current certificate, view uploaded certificate details, download initially uploaded CA signed certificate and MOSIP signed certificate. | C304: TC_04 | D304: The registered user has already navigated to Partner Certificate screen | E304: Partner Certificate : View list of certificates based on enrolled partner type | F304: Verify by "Back" button is accessible. | G304: 1. Navigate to PMS portal as Authentication Partner. 2. Navigate to Partner Certificate option displayed either in dashboard or overlay menu. 3. Partner Certificate screen should be displayed. 4. Click on Back button. | H304: User should be able to view the dashboard after clicking back button. | I304: Pass
A305: MOSIP-32652 | B305: As a partner user , I should be able to view list of certificates based on partner type so that I can upload CA signed partner certificate (first time upload), re upload new certificate after expiry of current certificate, view uploaded certificate details, download initially uploaded CA signed certificate and MOSIP signed certificate. | C305: TC_05 | D305: The registered user has already navigated to Partner Certificate screen | E305: Partner Certificate : View list of certificates based on enrolled partner type | F305: Verify Proper heading, URL, breadcrumb | G305: 1. Navigate to PMS portal as Authentication Partner. 2. Navigate to Partner Certificate option displayed either in dashboard or overlay menu. 3. Partner Certificate screen should be displayed. | H305: Proper Page heading, Page URL, breadcrumb should be displayed. | I305: Pass
A306: MOSIP-32652 | B306: As a partner user , I should be able to view list of certificates based on partner type so that I can upload CA signed partner certificate (first time upload), re upload new certificate after expiry of current certificate, view uploaded certificate details, download initially uploaded CA signed certificate and MOSIP signed certificate. | C306: TC_06 | D306: The registered user has already navigated to Partner Certificate screen | E306: Partner Certificate : View list of certificates based on enrolled partner type | F306: Verify when user clicks on hamburger menu "Partner Certificate list of view certificates" screen should not disappear. | G306: 1. Navigate to PMS portal as Authentication Partner. 2. Navigate to Partner Certificate option displayed either in dashboard or overlay menu. 3. Partner Certificate screen should be displayed. 4. Click on left navigation. | H306: 1. "Partner Certificate list of view certificates" screen should not disappear after clicking on hamburger menu. | I306: Pass
A307: MOSIP-32682 | B307: Partner Certificate : Download MOSIP signed certificate | C307: TC_32682_01 | D307: The registered user has already navigated to Partner Certificate screen | E307: Download MOSIP signed certificate | F307: Checking the download button before uploading a certificate | G307: 1. Login into partner. 2. Navigate to partner certificate screen. 3. Do not upload any certificate | H307: As a certificate is not uploaded, "Download" button should not be enabled. 2. Original CA signed Certificate should be already available. 3.Original (CA signed) certificate with download icon 4.MOSIP signed certificate with download icon | I307: Pass
A308: MOSIP-32682 | B308: Partner Certificate : Download MOSIP signed certificate | C308: TC_32682_02 | D308: The registered user has already navigated to Partner Certificate screen | E308: Download MOSIP signed certificate | F308: Checking the download button after uploading a certificate | G308: 1. Login into Partner. 2. Navigate to partner certificate screen. 3. Upload a certificate | H308: Certificate uploaded successful message should be displayed | I308: Pass
A309: MOSIP-32682 | B309: Partner Certificate : Download MOSIP signed certificate | C309: TC_32682_03 | D309: The registered user has already navigated to Partner Certificate screen | E309: Download MOSIP signed certificate | F309: Check the Download button is enabled | G309: 1. Login into partner. 2. Navigate to partner certificate screen. 3. Upload a certificate and observe the screen | H309: After the certificate is uploaded a "Download" button is enabled. | I309: Pass
A310: MOSIP-32682 | B310: Partner Certificate : Download MOSIP signed certificate | C310: TC_32682_04 | D310: The registered user has already navigated to Partner Certificate screen | E310: Download MOSIP signed certificate | F310: Downloading the certificate | G310: 1. Partner is logged in and a certificate is uploaded. 2. Click on the download button | H310: Download drop-down button having 2 options which is displayed as below : 1. MOSIP signed certificate with download icon 2.(Currently Original signed download is under development. Able to download mosip signed certificate) | I310: Pass
A311: MOSIP-32682 | B311: Partner Certificate : Download MOSIP signed certificate | C311: TC_32682_05 | D311: The registered user has already navigated to Partner Certificate screen | E311: Download signed MOSIP signed certificate | F311: Try downloading MOSIP Signed Certificate. | G311: 1. Partner is logged in and a certificate is uploaded. 2. Click on the download button 3. Select MOSIP Signed Certificate. | H311: The certificate should be downloaded and saved in the local machine. | I311: Pass
... A378: MOSIP-33247 | B378: Authentication Services: Generate API Key | C378: 33247_5 | D378: .Login to PMS portal 2.Navigate to Authentication Services. 3.Click the Generate API Key Button | E378: As a user (partner), on clicking Generate API Key button in Authentication Services screen- I should be able to generate an API Key | F378: Verify Sub Title: All fields marked with * are mandatory | G378: . User has logged in to PMS portal as Auth partner 2.User had uploaded certificate. 3.User has Requested Policy 4.Policy is approved by admin 5.User selects Authentication Service Card 6.User clicks API Key 7.User clicks Generate API Key | H378: 1.Subtitle:All fields marked with * are mandatory 2.Asterix * to appear in RED | I378: Pass
A379: MOSIP-33247 | B379: Authentication Services: Generate API Key | C379: 33247_6 | D379: .Login to PMS portal 2.Navigate to Authentication Services. 3.Click the Generate API Key Button | F379: Verify Help Text on the Field Name "Partner Id" of the Generate API Key page | G379: . User has logged in to PMS portal as Auth partner 2.User had uploaded certificate. 3.User has Requested Policy 4.Policy is approved by admin 5.User selects Authentication Service Card 6.User clicks API Key 7.User clicks Generate API Key | H379: "Partner ID "field should display "HelpText" as follows: "Select Partner ID " | I379: Pass
...

Sheet PMS-API-Test Cases
A1: Story id | B1: Story Title | C1: TestCase_No | D1: pre requisite | E1: Feature | F1: Scenario | G1: Test case step | H1: Expected Result | I1: Test Result | J1: Bug Id | K1: Remarks | L1: Automation | M1: Automation IN
A2: MOSIP-33487 | B2: Get all approved partner ID's which have policy group | C2: TC_01 | E2: Get all approved partner ID's which have policy group | F2: Verify the response without authorization token | G2: 1. Go to parter management swagger 2. Navigate to "Get all approved partner id's with Policy Groups" API 3. Click on Execute | H2: Valid error message should be displayed, { "errorCode": "KER-ATH-401", "message": "Authentication Failed" } | I2: Pass
A3: MOSIP-33487 | B3: Get all approved partner ID's which have policy group | C3: TC_02 | E3: Get all approved partner ID's which have policy group | F3: Verify the response with authorization token | G3: 1. Go to parter management swagger 2. Navigate to "Get all approved partner id's with Policy Groups" API 3. Click on Execute | H3: User should get valid response with status code "OK" | I3: Pass
A4: MOSIP-33487 | B4: Get all approved partner ID's which have policy group | C4: TC_03 | E4: Get all approved partner ID's which have policy group | F4: Verify the response by autenticating Partner and wait for token to expire | G4: 1. Go to parter management swagger 2. Navigate to "Get all approved partner id's with Policy Groups" API. 3. Autneticate user and wait for session to get expire. 4. After session expire click on Execute. | H4: Valid error message should be displayed, { "errorCode": "KER-ATH-401", "message": "Authentication Failed" } | I4: Pass
A5: MOSIP-33487 | B5: Get all approved partner ID's which have policy group | C5: TC_04 | E5: Get all approved partner ID's which have policy group | F5: Verify the response for Partner who has not registered. | G5: 1. Go to parter management swagger 2. Navigate to "Get all approved partner id's with Policy Groups" API. 3. Enter Partner who has not registered 4. Click on Execute | H5: User should get error messasge as, { "errorCode": "PMS_CERTIFICATE_ERROR_002", "message": "User Id does not exists." } | I5: Pass
A6: MOSIP-33487 | B6: Get all approved partner ID's which have policy group | C6: TC_05 | E6: Get all approved partner ID's which have policy group | F6: Verify the response by providing invalid PartnerID | G6: 1. Go to parter management swagger 2. Navigate to "Get all approved partner id's with Policy Groups" API. 3. Enter invalid PartnerID 4. Click on Execute | H6: User should get proper error message and will fail at auth manager swagger 401 authentiaction failed | I6: Pass
A7: MOSIP-33487 | B7: Get all approved partner ID's which have policy group | C7: TC_06 | E7: Get all approved partner ID's which have policy group | F7: Verify the response body for approved partner ID's which have policy group | G7: 1. Go to parter management swagger 2. Navigate to "Get all approved partner id's with Policy Groups" API. 3. Enter valid PartnerID. 4. Click on Execute | H7: Response should have-'id,version,responsetime,metadata,partnerId,partnerType,policyGroupId,policyGroupName,policyGroupDescription, | I7: Pass
A8: MOSIP-33487 | B8: Get all approved partner ID's which have policy group | C8: TC_07 | E8: Get all approved partner ID's which have policy group | F8: Verify the response time | G8: 1. Go to parter management swagger 2. Navigate to "Get all approved partner id's with Policy Groups" API. 3. Enter valid PartnerID. 4. Click on Execute | H8: Valid response time should be displayed. | I8: Pass
A9: MOSIP-33487 | B9: Get all approved partner ID's which have policy group | C9: TC_08 | E9: Get all approved partner ID's which have policy group | F9: Verify the PartnerId | G9: 1. Go to parter management swagger 2. Navigate to "Get all approved partner id's with Policy Groups" API. 3. Enter valid PartnerID. 4. Click on Execute | H9: Correct PartnerID should be present in response. | I9: Pass
A10: MOSIP-33487 | B10: Get all approved partner ID's which have policy group | C10: TC_09 | E10: Get all approved partner ID's which have policy group | F10: Verify the PartnerType | G10: 1. Go to parter management swagger 2. Navigate to "Get all approved partner id's with Policy Groups" API. 3. Enter valid PartnerID. 4. Click on Execute | H10: Correct PartnerType should be present in response. | I10: Pass
A11: MOSIP-33487 | B11: Get all approved partner ID's which have policy group | C11: TC_10 | E11: Get all approved partner ID's which have policy group | F11: Verify the policyGroupId | G11: 1. Go to parter management swagger 2. Navigate to "Get all approved partner id's with Policy Groups" API. 3. Enter valid PartnerID. 4. Click on Execute | H11: Correct PolicyGroupID should be present in response. | I11: Pass
A12: MOSIP-33487 | B12: Get all approved partner ID's which have policy group | C12: TC_11 | E12: Get all approved partner ID's which have policy group | F12: Verify the policyGroupName | G12: 1. Go to parter management swagger 2. Navigate to "Get all approved partner id's with Policy Groups" API. 3. Enter valid PartnerID. 4. Click on Execute | H12: Correct PolicyGroupName should be present in response. | I12: Pass
A13: MOSIP-33487 | B13: Get all approved partner ID's which have policy group | C13: TC_12 | E13: Get all approved partner ID's which have policy group | F13: Verify the policyGroupDescription | G13: 1. Go to parter management swagger 2. Navigate to "Get all approved partner id's with Policy Groups" API. 3. Enter valid PartnerID. 4. Click on Execute | H13: Correct PolicyGroupDescription should be present in response. | I13: Pass
... A68: MOSIP-34265 | B68: Service to get both the partner certificates | C68: TC_05 | E68: To get uploaded certificates | F68: verify the status of 'isMosipSignedCertificateExpired'from response | G68: 1. Go to parter management swagger 2. Navigate to "Service to get original partner certificate" API 3. Enter valid partner id and execute | H68: Response should have status for certifiacte expiry either "true" or "false" | I68: Pass
A69: MOSIP-34265 | C69: TC_06 | F69: verify the status of 'isMosipSignedCertificateExpired' after certificate expiry | G69: 1. Go to parter management swagger 2. Navigate to "Service to get original partner certificate" API 3. Enter valid partner id and execute | H69: Response should have status for mosipsigned certifiacte as "isMosipSignedCertificateExpired": true | I69: Pass
A70: MOSIP-34265 | B70: Service to get both the partner certificates | C70: TC_07 | E70: To get uploaded certificates | F70: Get certificates when invalid partner id is given | G70: 1. Go to parter management swagger 2. Navigate to "Service to get original partner certificate" API 3. Enter invalid partner id and execute | H70: Response should have error message { "errorCode": "PMS_PRT_005", "message": "Partner does not exist" } | I70: Pass
A71: MOSIP-34265 | B71: Service to get both the partner certificates | C71: TC_08 | E71: To get uploaded certificates | F71: Execute get certifiacte s API without giving partner id | G71: 1. Go to parter management swagger 2. Navigate to "Service to get original partner certificate" API 3. Do not enter partner id and execute | H71: Should not be able to execute as partner id field is mandatory field | I71: Pass
A72: MOSIP-34265 | B72: Service to get both the partner certificates | C72: TC_09 | E72: To get uploaded certificates | F72: Get certificates when random value is given as partner id | G72: 1. Go to parter management swagger 2. Navigate to "Service to get original partner certificate" API 3. Enter random value as partner id and execute | H72: Response should have error message { "errorCode": "PMS_PRT_005", "message": "Partner does not exist" } | I72: Pass
A73: MOSIP-34265 | B73: Service to get both the partner certificates | C73: TC_10 | E73: To get uploaded certificates | F73: get certificate when authorization token is given using other partner | G73: 1. Go to parter management swagger 2. Navigate to "Service to get original partner certificate" API 3. Enter partner id other than used in authentication and execute | H73: Response should have error message { "errorCode": "KER-ATH-403", "message": "Forbidden" } | I73: Pass
A74: MOSIP-34265 | C74: TC_11 | F74: Get certificate detials when certificate is expired for the given partnerid | G74: 1. Go to parter management swagger 2. Navigate to "Service to get original partner certificate" API 3. Enter valid partner id and execute | H74: Response should have certificate data empty along the iscertexpiry to be true | I74: Pass
A75: MOSIP-34265 | B75: Get config | C75: TC_01 | E75: Get configuration values that can be used in UI code | F75: Get config without token | G75: 1. Go to parter management swagger 2. Navigate to "Get system configuration values" API and execute | H75: Should get error message as { "errorCode": "KER-ATH-401", "message": "Authentication Failed" } | I75: Pass
A76: MOSIP-34265 | B76: Get config | C76: TC_02 | E76: Get configuration values that can be used in UI code | F76: Get config with valid token | G76: 1. Go to parter management swagger 2. Navigate to "Get configuration values" API and execute | H76: Should have UI config values "grantTypes": "authorization_code", "axiosTimeout": "3", "inActivityTimer": "25", "inActivityPromptTimer": "5", "clientAuthMethods": "private_key_jwt" | I76: Pass
A77: MOSIP-34265 | B77: Get config | C77: TC_03 | E77: Get configuration values that can be used in UI code | F77: Get config invalid token | G77: 1. Go to parter management swagger 2. Navigate to "Get system configuration values" API and execute | H77: Should get error message as { "errorCode": "KER-ATH-401", "message": "Authentication Failed" } | I77: Pass
A78: MOSIP-34265 | B78: Get config | C78: TC_04 | E78: Get configuration values that can be used in UI code | F78: Get UI config values when authentication is done as admin user | G78: 1. Go to parter management swagger 2. Navigate to "Get system configuration values" API and execute | H78: Should have UI config values "grantTypes": "authorization_code", "axiosTimeout": "3", "inActivityTimer": "25", "inActivityPromptTimer": "5", "clientAuthMethods": "private_key_jwt" | I78: Pass
A79: MOSIP-34265 | B79: Get config | C79: TC_06 | E79: Get configuration values that can be used in UI code | F79: Update UI config values from partner managemnt default propeties and get UI config values | G79: 1. Go to parter management swagger 2. Navigate to "Get configuration values" API and execute | H79: Should have UI config values given in partner managermanet default propeties | I79: Pass
A80: MOSIP-34238 | B80: Retrieve the user consent status. | C80: TC_01 | E80: Retrieve the user consent status. | F80: Get consent status without access token | G80: 1. Go to parter management swagger 2. Navigate to "Retrieve user status " API and execute | H80: Should get error message as { "errorCode": "KER-ATH-401", "message": "Authentication Failed" } | I80: Pass
A81: MOSIP-34238 | B81: Retrieve the user consent status. | C81: TC_02 | E81: Retrieve the user consent status. | F81: Get consent status with access token | G81: 1. Go to parter management swagger 2. Navigate to "Retrieve user status " API and execute | H81: Response should have consent given 1.status should be true or false 2. Userid details 3. consent given dtimes | I81: Pass
A82: MOSIP-34238 | B82: Retrieve the user consent status. | C82: TC_03 | E82: Retrieve the user consent status. | F82: get consent status when partner is not given consnet | G82: 1. Go to parter management swagger 2. Navigate to "Retrieve user status " API and execute | H82: Response should have consent given 1.status should be false 2. Userid details 3. consent given dtimes as null | I82: Pass
A83: MOSIP-34238 | B83: Retrieve the user consent status. | C83: TC_04 | E83: Retrieve the user consent status. | F83: Get consent status when is given by partner | G83: 1. Go to parter management swagger 2. Navigate to "Retrieve user status " API and execute | H83: Response should have consent given 1.status should be true 2. Userid details 3. consent given dtimes | I83: Pass
A84: MOSIP-34238 | B84: Retrieve the user consent status. | C84: TC_05 | E84: Retrieve the user consent status. | F84: Get consent status invalid access token | G84: 1. Go to parter management swagger 2. Navigate to "Retrieve user status " API and execute | H84: Should get error message as { "errorCode": "KER-ATH-403", "message": "Authentication Failed" } | I84: Pass
A85: MOSIP-34238 | B85: Retrieve the user consent status. | C85: TC_06 | E85: Retrieve the user consent status. | F85: Get consent status when authentication is done as admin user | G85: 1. Go to parter management swagger 2. Navigate to "Retrieve user status " API and execute | H85: Should get error message as { "errorCode": "PMS_CERTIFICATE_ERROR_002", "message": "User Id does not exists. } | I85: Pass
A86: MOSIP-34238 | B86: Retrieve the user consent status. | C86: TC_07 | E86: Retrieve the user consent status. | F86: Get consent status when authentication is done as user without partner roles | G86: 1. Go to parter management swagger 2. Navigate to "Retrieve user status " API and execute | H86: Should get error message as { "errorCode": "KER-ATH-403", "message": "Forbidden" } | I86: Pass
... A213: MOSIP-35262 | B213: Device Provider Services: Deactivate Device - API deactivateDevice() | C213: MOSIP-35262_15 | E213: Device Provider Services: Deactivate Device - API deactivateDevice() | F213: Verify the Device can be Deactivated for the Device which is in pending for approval status | G213: 1. Open parter management swagger 2. Navigate to partnermanager //devicedetail/{deviceId} 3.Provide valid id ,version,valid requesttime, device id which is inprogress status 4. Click on Execute | H213: { "errorCode": "PMS_DEVICE_ERROR_014", "message": "The selected Device is not in an approved status" } | I213: Pass
A214: MOSIP-34944 | B214: Device Provider Services: API POST/admin//devicedetail/{id}/approval | C214: TC_01 | D214: Device is created and mapping for device and SBI has to be done | E214: Device approve with sbi mapping as a Admin | F214: Device approve with SBI mapping | G214: 1. Go to parter management swagger 2. Navigate to "Approve device and activate device mapping to sbi" API 3. enter valid details(partner id, sbi id, and devicedetailid) and execute | H214: Device details to get approve and sbi mapping for the same in pms.device_detail_sbi table has to be active > repsonse should have value as true | I214: Pass
A215: MOSIP-34944 | B215: Device Provider Services: API POST/admin//devicedetail/{id}/approval | C215: TC_02 | E215: Device approve with sbi mapping as a Admin | F215: Device approve without SBI mapping | G215: 1. Go to parter management swagger 2. Navigate to "Approve device and activate device mapping to sbi" API 3. Execute API without device and SBI mapped | H215: { "errorCode": "PMS_DEVICE_ERROR_012", "message": "SBI and Device mapping does not exists." } | I215: Pass
A216: MOSIP-34944 | B216: Device Provider Services: API POST/admin//devicedetail/{id}/approval | C216: TC_03 | E216: Device approve with sbi mapping as a Admin | F216: Device approve with SBI mapping with different device details | G216: 1. Go to parter management swagger 2. Navigate to "Approve device and activate device mapping to sbi" API 3. Execute API with different device details id | H216: User should get error { "errorCode": "PMS_DEVICE_ERROR_006", "message": "Device do not exists." } | I216: Pass
A217: MOSIP-34944 | B217: Device Provider Services: API POST/admin//devicedetail/{id}/approval | C217: TC_04 | E217: Device approve with sbi mapping as a Admin | F217: Device approve with SBI mapping without SBI value | G217: 1. Go to parter management swagger 2. Navigate to "Approve device and activate device mapping to sbi" API 3. Execute API without SBI id | H217: { "errorCode": "PMS_DEVICE_ERROR_005", "message": "SBI do not exists." } | I217: Pass
A218: MOSIP-34944 | B218: Device Provider Services: API POST/admin//devicedetail/{id}/approval | C218: TC_05 | E218: Device approve with sbi mapping as a Admin | F218: Device approve with SBI mapping without id value | G218: 1. Go to parter management swagger 2. Navigate to "Approve device and activate device mapping to sbi" API 3. Execute API without id given | H218: { "errorCode": "PMS_REQUEST_ERROR_002", "message": "Invalid Request Id" } | I218: Pass
A219: MOSIP-34944 | B219: Device Provider Services: API POST/admin//devicedetail/{id}/approval | C219: TC_06 | E219: Device approve with sbi mapping as a Admin | F219: Device approve with SBI mapping version value | G219: 1. Go to parter management swagger 2. Navigate to "Approve device and activate device mapping to sbi" API 3. Execute API without version given | H219: user should get error { "errorCode": "PMS_REQUEST_ERROR_003", "message": "Request version is invalid" } | I219: Pass
A220: MOSIP-34944 | B220: Device Provider Services: API POST/admin//devicedetail/{id}/approval | C220: TC_07 | E220: Device approve with sbi mapping as a Admin | F220: Device approve with SBI mapping without device provider id | G220: 1. Go to parter management swagger 2. Navigate to "Approve device and activate device mapping to sbi" API 3. Execute API without device provider id | H220: User should get error { "errorCode": "PMS_DEVICE_ERROR_002", "message": "SBI is not associated with partner Id." } | I220: Pass
A221: MOSIP-34944 | B221: Device Provider Services: API POST/admin//devicedetail/{id}/approval | C221: TC_08 | E221: Device approve with sbi mapping as a Admin | F221: Device approve with SBI mapping with random provider id | G221: 1. Go to parter management swagger 2. Navigate to "Approve device and activate device mapping to sbi" API 3. Execute API with random device provider id | H221: User should get error { "errorCode": "PMS_DEVICE_ERROR_002", "message": "SBI is not associated with partner Id." } | I221: Pass
A222: MOSIP-34944 | B222: Device Provider Services: API POST/admin//devicedetail/{id}/approval | C222: TC_09 | E222: Device approve with sbi mapping as a Admin | F222: Device approve with SBI mapping without request time | G222: 1. Go to parter management swagger 2. Navigate to "Approve device and activate device mapping to sbi" API 3. Execute API without requets time value | H222: user should get error { "errorCode": "PMS_REQUEST_ERROR_004", "message": "Invalid request time" } | I222: Pass
A223: MOSIP-34944 | B223: Device Provider Services: API POST/admin//devicedetail/{id}/approval | C223: TC_10 | E223: Device approve with sbi mapping as a Admin | F223: Device approve with SBI mapping by removing any of the attribute(SBI id, device provider details, device details id) | G223: 1. Go to parter management swagger 2. Navigate to "Approve device and activate device mapping to sbi" API 3. Execute API by removing any of the attributes(sbi id, deice details id, device provider id) | H223: User should get error { { "errorCode": "PMS_DEVICE_ERROR_024", "message": "This device cannot be approved as it does not have any SBI associated to it." } | I223: Pass
A224: MOSIP-34944 | B224: Device Provider Services: API POST/admin//devicedetail/{id}/approval | C224: TC_11 | E224: Device approve with sbi mapping as a Admin | F224: Approve already approved device details | G224: 1. Go to parter management swagger 2. Navigate to "Approve device and activate device mapping to sbi" API 3. Execute API by giving device details id which is already approved | H224: User should get error { "errorCode": "PMS_DEVICE_ERROR_010", "message": "Given device details are not in pending for approval status." } | I224: Pass
A225: MOSIP-34944 | B225: Device Provider Services: API POST/admin//devicedetail/{id}/approval | C225: TC_12 | E225: Device approve with sbi mapping as a Admin | F225: Device approve with SBI mapping when invalid device details id is given | G225: 1. Go to parter management swagger 2. Navigate to "Approve device and activate device mapping to sbi" API 3. Execute API by giving invalid device details id | H225: user should get error { "errorCode": "PMS_DEVICE_ERROR_006", "message": "Device do not exists." } | I225: Pass
A226: MOSIP-34944 | B226: Device Provider Services: API POST/admin//devicedetail/{id}/approval | C226: TC_13 | E226: Device approve with sbi mapping as a Admin | F226: Approve device for SBI when invalid SBI id is given | G226: 1. Go to parter management swagger 2. Navigate to "Approve device and activate device mapping to sbi" API 3. Execute API by giving invalid SBI ID | H226: user should get error { "errorCode": "PMS_DEVICE_ERROR_005", "message": "SBI do not exists." } | I226: Pass
... A228: MOSIP-34944 | B228: Device Provider Services: API POST/admin//devicedetail/{id}/approval | C228: TC_15 | E228: Approve device as device provider | F228: Approve device for sbi when logeed in as device provider | G228: 1. Go to parter management swagger 2. Navigate to "Approve device and activate device mapping to sbi" API 3. Execute Api when logged in as device provider | H228: { "errorCode": "KER-ATH-403", "message": "Forbidden" } | I228: Pass
A229: MOSIP-34944 | B229: Device Provider Services: API POST/admin/approve-mapping-device-to-sbi() | C229: TC_16 | F229: Approve device for SBI when SBI is expired | G229: 1. Go to parter management swagger 2. Navigate to "Approve device and activate device mapping to sbi" API 3. Execute API by when SBI is expired after mapping | H229: { "errorCode": "PMS_DEVICE_ERROR_029", "message": "Unable to process the request as the associated SBI is deactivated" } | I229: Pass
A230: MOSIP-34944 | B230: Device Provider Services: API POST/admin//devicedetail/{id}/approval | C230: TC_17 | E230: Approve device as device provider | F230: Approve device for SBI when SBI is rejected | G230: 1. Go to parter management swagger 2. Navigate to "Approve device and activate device mapping to sbi" API 3. Execute API by when SBI is rejected after mapping | H230: { "errorCode": "PMS_DEVICE_ERROR_009", "message": "SBI for which device is being added is either not approved or deactivated." } | I230: Pass
A231: MOSIP-34944 | B231: Device Provider Services: API POST/admin//devicedetail/{id}/approval | C231: TC_18 | E231: Approve device as device provider | F231: Approve device under pending for approval | G231: 1. Go to parter management swagger 2. Navigate to "Approve device and activate device mapping to sbi" API 3. Execute API by when SBI is in pending for approval | H231: { "errorCode": "PMS_DEVICE_ERROR_009", "message": "Unable to add device because the associated SBI is not approved. } | I231: Pass
A232: MOSIP-34944 | B232: Device Provider Services: API POST/admin//devicedetail/{id}/approval | C232: TC_19 | E232: Approve device as device provider | F232: Approve device under deactivated SBI | G232: 1. Go to parter management swagger 2. Navigate to "Approve device and activate device mapping to sbi" API 3. Execute API by when SBI is deactiavted after mapping | H232: User should get appropriate error message | I232: Pass
A233: MOSIP_34935 | B233: Device Provider Services: API GET /securebiometricinterface/sbi-devices/{sbiId} | C233: TC_01 | E233: Fetch devices list | F233: Fetch devices mapped to SBI without authentication | G233: 1. Go to parter management swagger 2. Navigate to "Get all device list mapped with SBI." API 3. Execute API without authentication | H233: { "errorCode": "KER-ATH-401", "message": "Authentication Failed" } | I233: Pass
A234: MOSIP_34935 | B234: Device Provider Services: API GET /securebiometricinterface/sbi-devices/{sbiId} | C234: TC_02 | E234: Fetch devices list | F234: Fetch devices mapped to SBI as a admin | G234: 1. Go to parter management swagger 2. Navigate to "Get all device list mapped with SBI." API 3. Authenticate as admin and execute | H234: user should be able to fetch devices list for the given SBI | I234: Pass
A235: MOSIP_34935 | B235: Device Provider Services: API GET /securebiometricinterface/sbi-devices/{sbiId} | C235: TC_03 | E235: Fetch devices list | F235: fetch devices mapped to SBI as a device provider | G235: 1. Go to parter management swagger 2. Navigate to "Get all device list mapped with SBI." API 3. Authenticate as device provider and execute | H235: User should be able to fetch devices mapped to given SBI | I235: Pass
A236: MOSIP_34935 | B236: Device Provider Services: API GET /securebiometricinterface/sbi-devices/{sbiId} | C236: TC_04 | E236: Fetch devices list | F236: fetch devices mapped to SBI when SBI given is different from the authentiacted device provider | G236: 1. Go to parter management swagger 2. Navigate to "Get all device list mapped with SBI." API 3. Authenticate as device provider, provide SBI from different partner | H236: User should get appropraite error | I236: Pass
A237: MOSIP_34935 | B237: Device Provider Services: API GET /securebiometricinterface/sbi-devices/{sbiId} | C237: TC_05 | E237: Fetch devices list | F237: fetch devices mapped when invalid SBI is given | G237: 1. Go to parter management swagger 2. Navigate to "Get all device list mapped with SBI." API 3. Authenticate as device provider, provide Invalid SBI | H237: { "errorCode": "PMS_DEVICE_ERROR_005", "message": "SBI do not exists." } | I237: Pass
A238: MOSIP-35560 | B238: FTM Chip Provider Services: API GET //partners/v3?status=approved&partnerType=FTM_Provider() | C238: TC_35560_01 | E238: FTM Chip Provider Services: API GET //partners/v3?status=approved&partnerType=FTM_Provider() | F238: Verify the response without authorization token | G238: 1. Go to parter management swagger 2. Navigate to "approved-ftm-provider-ids" API. 3. Click on Execute. | H238: Valid error message should be displayed, { "errorCode": "KER-ATH-401", "message": "Authentication Failed" } | I238: Pass
A239: MOSIP-35560 | B239: FTM Chip Provider Services: API GET //partners/v3?status=approved&partnerType=FTM_Provider() | C239: TC_35560_02 | E239: FTM Chip Provider Services: API GET //partners/v3?status=approved&partnerType=FTM_Provider() | F239: Verify the response with authorization token with FTM partner roles. | G239: 1. Go to parter management swagger 2. Navigate to "approved-ftm-provider-ids" API. 3. Click on Execute. | H239: User should get valid response with status code "200" | I239: Pass
A240: MOSIP-35560 | B240: FTM Chip Provider Services: API GET //partners/v3?status=approved&partnerType=FTM_Provider() | C240: TC_35560_03 | E240: FTM Chip Provider Services: API GET //partners/v3?status=approved&partnerType=FTM_Provider() | F240: Verify the response by not uploading CA certficates for Partner. | G240: 1. Go to parter management swagger 2. Navigate to "approved-ftm-provider-ids" API. 3. Execute API whos CA and SUB CA cert is not uploaded. 4. Click on Execute. | H240: User should get Empty array response, Ex: { "id": "mosip.pms.approved.ftm.provider.ids.get", "version": "1.0", "responseTime": "2024-09-17T07:30:08.611Z", "metadata": null, "response": [], "errors": [] } | I240: Pass
A241: MOSIP-35560 | B241: FTM Chip Provider Services: API GET //partners/v3?status=approved&partnerType=FTM_Provider() | C241: TC_35560_04 | E241: FTM Chip Provider Services: API GET //partners/v3?status=approved&partnerType=FTM_Provider() | F241: Verify the response by not uploading Partner certificates | G241: 1. Go to parter management swagger 2. Navigate to "approved-ftm-provider-ids" API. 3. Execute API whos Partner cert is not uploaded. 4. Click on Execute. | H241: User should get Empty array response, Ex: { "id": "mosip.pms.approved.ftm.provider.ids.get", "version": "1.0", "responseTime": "2024-09-17T07:30:08.611Z", "metadata": null, "response": [], "errors": [] } | I241: Pass
... A331: MOSIP-36506 | B331: Partners' details (Partner Admin) : API GET /admin-partners/{partnerId} | C331: TC_36506_03 | E331: Partners' details (Partner Admin) : API GET /partners/{partnerId}/v2 | F331: Verify the response by providing Invalid "partnerId" | G331: 1. Go to parter management swagger 2. Navigate to /admin-partners/{partnerId} API. 3. Provide Invalid partnerID in request body. Click on Execute. | H331: User should get error message, { "errorCode": "PMS_PRT_005", "message": "Partner does not exist" } | I331: Pass
A332: MOSIP-36506 | B332: Partners' details (Partner Admin) : API GET /partners/{partnerId}/v5 | C332: TC_36506_04 | F332: Verify the response by providing Empty "partnerId" | G332: 1. Go to parter management swagger 2. Navigate to "partners/{partnerId}/v2" API. 3. Provide Empty partnerID in request body. Click on Execute. | H332: User should get empty array | I332: NA | K332: Need to verify in postman but no postman collections will be provided and from Swagger we cannot check as execute button will not be executed
A333: MOSIP-36506 | B333: Partners' details (Partner Admin) : API GET /admin-partners/{partnerId} | C333: TC_36506_05 | E333: Partners' details (Partner Admin) : API GET /partners/{partnerId}/v2 | F333: Verify the response by providing invalid Access token. | G333: 1. Go to parter management swagger 2. Navigate to /admin-partners/{partnerId} API. 3. Execute API with Invalid access token. Click on Execute. | H333: User should get error message, { "errorCode": "KER-ATH-403", "message": "Forbidden" } | I333: Pass
A334: MOSIP-36506 | B334: Partners' details (Partner Admin) : API GET /admin-partners/{partnerId} | C334: TC_36506_06 | E334: Partners' details (Partner Admin) : API GET /partners/{partnerId}/v2 | F334: Verify the attributes in response by providing valid partnerID | G334: 1. Go to parter management swagger 2. Navigate to /admin-partners/{partnerId} API. 3. Provide valid partnerID in request body. Click on Execute. | H334: Below content should be displayed in response, "partnerId": " ", "approvalStatus": " ", "createdDateTime": " ", "partnerType": " ", "organizationName": " ", "contactNumber": " ", "policyGroupName": " ", "policyGroupDescription": " ", "emailId": " ", "certificateUploadDateTime": " ", "certificateExpiryDateTime": " ", "isCertificateAvailable": true/false, "isActive": true/false | I334: Pass
A335: MOSIP-36506 | B335: Partners' details (Partner Admin) : API GET /admin-partners/{partnerId} | C335: TC_36506_07 | E335: Partners' details (Partner Admin) : API GET /partners/{partnerId}/v2 | F335: Verify the response by providing Partner roles to user. | G335: 1. Go to parter management swagger 2. Navigate to /admin-partners/{partnerId} API. 3. Execute the API with Partners roles. 4. Click on Execute. | H335: User should get below error message, { "errorCode": "KER-ATH-403", "message": "Forbidden" } | I335: Pass
A336: MOSIP-36506 | B336: Partners' details (Partner Admin) : API GET /admin-partners/{partnerId} | C336: TC_36506_08 | E336: Partners' details (Partner Admin) : API GET /partners/{partnerId}/v2 | F336: Verify the response by without Admin roles | G336: 1. Go to parter management swagger 2. Navigate to /admin-partners/{partnerId} API. 3. Execute the API without Admin roles. 4. Click on Execute. | H336: User should get below error message, { "errorCode": "KER-ATH-403", "message": "Forbidden" } | I336: Pass
A337: MOSIP-37273 | B337: Partner-Policy Requests (Policy Manager): API GET /partners/partner-policy-requests | C337: TC_01 | E337: Get partner policy requests | F337: Execute API without Authentication | G337: 1. Go to partnermanagement swagger 2. Navigate to API partners/partner-policy-requests and excute | H337: Should get an error { "errorCode": "KER-ATH-401", "message": "Authentication Failed" } | I337: Pass
A338: MOSIP-37273 | B338: Partner-Policy Requests (Policy Manager): API GET /partners/partner-policy-requests | C338: TC_02 | E338: Get partner policy requests | F338: Execute API as an individual partner | G338: 1. Go to partnermanagement swagger 2. Navigate to API partners/partner-policy-requests and excute | H338: Should get an error{ "errorCode": "KER-ATH-403", "message": "Forbidden" } | I338: Pass
A339: MOSIP-37273 | B339: Partner-Policy Requests (Policy Manager): API GET /partners/partner-policy-requests | C339: TC_03 | E339: Get partner policy requests | F339: Execute API as Partner admin | G339: 1. Go to partnermanagement swagger 2. Navigate to API partners/partner-policy-requests and excute | H339: Should be able to get the list of all partner policy request by all partners by default with default page size | I339: Pass
A340: MOSIP-37273 | B340: Partner-Policy Requests (Policy Manager): API GET /partners/partner-policy-requests | C340: TC_04 | E340: Get partner policy requests | F340: Execute API when page size is specifed | G340: 1. Go to partnermanagement swagger 2. Navigate to API partners/partner-policy-requests and excute | H340: Response should have the entries as per the number given in page size | I340: Pass
A341: MOSIP-37273 | B341: Partner-Policy Requests (Policy Manager): API GET /partners/partner-policy-requests | C341: TC_05 | E341: Get partner policy requests | F341: Execute API with Negative page no | G341: 1. Go to partnermanagement swagger 2. Navigate to API partners/partner-policy-requests and excute | H341: Should get error as { "errorCode": "PMS_PRT_360", "message": "Invalid Page No" } | I341: Pass
A342: MOSIP-37273 | B342: Partner-Policy Requests (Policy Manager): API GET /partners/partner-policy-requests | C342: TC_06 | E342: Get partner policy requests | F342: Execute API with Negative page size | G342: 1. Go to partnermanagement swagger 2. Navigate to API partners/partner-policy-requests and excute | H342: Should get error as { "errorCode": "PMS_PRT_361", "message": "Invalid page size" } | I342: Pass
A343: MOSIP-37273 | B343: Partner-Policy Requests (Policy Manager): API GET /partners/partner-policy-requests | C343: TC_07 | E343: Get partner policy requests | F343: Execute API with with status as rejected | G343: 1. Go to partnermanagement swagger 2. Navigate to API partners/partner-policy-requests and excute | H343: Should be able to get the list of rejected partner policy requests with default page size | I343: Pass
A344: MOSIP-37273 | B344: Partner-Policy Requests (Policy Manager): API GET /partners/partner-policy-requests | C344: TC_08 | E344: Get partner policy requests | F344: Execute API with with status as Approved | G344: 1. Go to partnermanagement swagger 2. Navigate to API partners/partner-policy-requests and excute | H344: Should be able to get the list of Approved partner policy request with default page size | I344: Pass
... A565: MOSIP-40304 | B565: Notifications: API PATCH /v1/partnermanager/notifications/{notificationId} | C565: TC_23 | E565: Endpoint to update the status of the notification | F565: Verify the reposne with PARTNER roles. | G565: 1. Go to parter management swagger 2. Navigate to "notifications/{notificationId}" API. 3. Execute response with PARTNER Role. 4. Click on Execute. | H565: User should get error message, | I565: Pass
A566: MOSIP-40957 | B566: Notifications: API PUT /v1//partnermanager/users/{userId}/notifications-seen-timestamp | C566: TC_40957_01 | E566: Endpoint to update the status and timestamp of when the notifications were last viewed by the user in the PMS portal | F566: Verify the response without access token | G566: 1. Go to parter management swagger 2. Navigate to "/partnermanager/users/{userId}/notifications-seen-timestamp" API. 3. Execute response with invalid access token. 4. Click on Execute. | H566: Valid error message should be displayed, { "errorCode": "KER-ATH-401", "message": "Authentication Failed" } | I566: Pass | N566: TC_PMS_UpdateNotificationSeenTimestampNegativeScenarios_01
A567: MOSIP-40957 | C567: TC_40957_02 | E567: Endpoint to update the status and timestamp of when the notifications were last viewed by the user in the PMS portal | F567: Verify the response with access token | G567: 1. Go to parter management swagger 2. Navigate to "/partnermanager/users/{userId}/notifications-seen-timestamp" API. 3. Execute response with valid access token. 4. Click on Execute. | H567: 1. Admin should be able to get below response, { "userId": " ", "notificationsSeenDtimesDtimes": " " } 2. In UI red alert should disappear | I567: Pass | N567: TC_PMS_UpdateNotificationSeenTimestamp_01
A568: MOSIP-40957 | C568: TC_40957_03 | E568: Endpoint to update the status and timestamp of when the notifications were last viewed by the user in the PMS portal | F568: Verify the response with invalid "userId" | G568: 1. Go to parter management swagger 2. Navigate to "/partnermanager/users/{userId}/notifications-seen-timestamp" API. 3. Execute response with invalid userID 4. Click on Execute. | H568: User should get error message, { "errorCode": "PMS_CERTIFICATE_ERROR_002", "message": "User Id does not exists." } | I568: Pass | N568: TC_PMS_UpdateNotificationSeenTimestampNegativeScenarios_02
A569: MOSIP-40957 | C569: TC_40957_04 | E569: Endpoint to update the status and timestamp of when the notifications were last viewed by the user in the PMS portal | F569: Verify the response with nul "userId" | G569: 1. Go to parter management swagger 2. Navigate to "/partnermanager/users/{userId}/notifications-seen-timestamp" API. 3. Execute response with null userID 4. Click on Execute. | H569: User should get error message, { "errorCode": "PMS_CERTIFICATE_ERROR_002", "message": "User Id does not exists." } | I569: Pass | N569: TC_PMS_UpdateNotificationSeenTimestampNegativeScenarios_03
A570: MOSIP-40957 | C570: TC_40957_05 | E570: Endpoint to update the status and timestamp of when the notifications were last viewed by the user in the PMS portal | F570: Verify the response by providing invlaid request ID in request body, { "id": "invalid", "version": "1.0", "requestTime": "2025-03-27T09:27:51.413Z", "metadata": {}, "request": { "notificationsSeenDtimes": true } } | G570: 1. Go to parter management swagger 2. Navigate to "/partnermanager/users/{userId}/notifications-seen-timestamp" API. 3. Execute response by providing invalid request ID parameter in request body. 4. Click on Execute. | H570: User should get error message, { "errorCode": "PMS_REQUEST_ERROR_002", "message": "Invalid Request Id" } | I570: Pass | N570: TC_PMS_UpdateNotificationSeenTimestampNegativeScenarios_04
A571: MOSIP-40957 | C571: TC_40957_06 | E571: Endpoint to update the status and timestamp of when the notifications were last viewed by the user in the PMS portal | F571: Verify the response by providing without request ID in request body, { "version": "1.0", "requestTime": "2025-03-27T09:27:51.413Z", "metadata": {}, "request": { "notificationsSeenDtimes": true } } | G571: 1. Go to parter management swagger 2. Navigate to "/partnermanager/users/{userId}/notifications-seen-timestamp" API. 3. Execute response by providing without request ID parameter in request body. 4. Click on Execute. | H571: User should get error message, { "errorCode": "PMS_REQUEST_ERROR_002", "message": "Invalid Request Id" } | I571: Pass | N571: TC_PMS_UpdateNotificationSeenTimestampNegativeScenarios_05
A572: MOSIP-40957 | C572: TC_40957_07 | E572: Endpoint to update the status and timestamp of when the notifications were last viewed by the user in the PMS portal | F572: Verify the response by providing Null request ID in request body, { "id": NULL "version": "1.0", "requestTime": "2025-03-27T09:27:51.413Z", "metadata": {}, "request": { "notificationsSeenDtimes": true } } | G572: 1. Go to parter management swagger 2. Navigate to "/partnermanager/users/{userId}/notifications-seen-timestamp" API. 3. Execute response by providing NULL request ID parameter in request body. 4. Click on Execute. | H572: User should get error message, { "errorCode": "PMS_REQUEST_ERROR_002", "message": "Invalid Request Id" } | I572: Pass | N572: TC_PMS_UpdateNotificationSeenTimestampNegativeScenarios_06
A573: MOSIP-40957 | C573: TC_40957_08 | E573: Endpoint to update the status and timestamp of when the notifications were last viewed by the user in the PMS portal | F573: Verify the response by providing Empty request ID in request body, { "id": EMPTY "version": "1.0", "requestTime": "2025-03-27T09:27:51.413Z", "metadata": {}, "request": { "notificationsSeenDtimes": true } } | G573: 1. Go to parter management swagger 2. Navigate to "/partnermanager/users/{userId}/notifications-seen-timestamp" API. 3. Execute response by providing EMPTY request ID parameter in request body. 4. Click on Execute. | H573: User should get error message, { "errorCode": "PMS_REQUEST_ERROR_002", "message": "Invalid Request Id" } | I573: Pass | N573: TC_PMS_UpdateNotificationSeenTimestampNegativeScenarios_07
A574: MOSIP-40957 | C574: TC_40957_09 | E574: Endpoint to update the status and timestamp of when the notifications were last viewed by the user in the PMS portal | F574: Verify the response by providing without version paramter in request body, { "id": " " "requestTime": "2025-03-27T09:27:51.413Z", "metadata": {}, "request": { "notificationsSeenDtimes": true } } | G574: 1. Go to parter management swagger 2. Navigate to "/partnermanager/users/{userId}/notifications-seen-timestamp" API. 3. Execute response by providing without VERSION paramter in request body. 4. Click on Execute. | H574: User should get error message, { "errorCode": "PMS_REQUEST_ERROR_003", "message": "Request version is invalid" } | I574: Pass | N574: TC_PMS_UpdateNotificationSeenTimestampNegativeScenarios_08
A575: MOSIP-40957 | C575: TC_40957_10 | E575: Endpoint to update the status and timestamp of when the notifications were last viewed by the user in the PMS portal | F575: Verify the response by providing NULL value in version paramter in request body, { "id": "", "version": "NULL", "requestTime": "2025-03-27T09:27:51.413Z", "metadata": {}, "request": { "notificationsSeenDtimes": true } } | G575: 1. Go to parter management swagger 2. Navigate to "/partnermanager/users/{userId}/notifications-seen-timestamp" API. 3. Execute response by providing VERSION paramter as NULL in request body. 4. Click on Execute. | H575: User should get error message, { "errorCode": "PMS_REQUEST_ERROR_003", "message": "Request version is invalid" } | I575: Pass | N575: TC_PMS_UpdateNotificationSeenTimestampNegativeScenarios_09
A576: MOSIP-40957 | C576: TC_40957_11 | E576: Endpoint to update the status and timestamp of when the notifications were last viewed by the user in the PMS portal | F576: Verify the response by providing INVALID value in version paramter in request body, { "id": "", "version": "INVALID", "requestTime": "2025-03-27T09:27:51.413Z", "metadata": {}, "request": { "notificationsSeenDtimes": true } } | G576: 1. Go to parter management swagger 2. Navigate to "/partnermanager/users/{userId}/notifications-seen-timestamp" API. 3. Execute response by providing Invalid VERSION paramter in request body. 4. Click on Execute. | H576: User should get error message, { "errorCode": "PMS_REQUEST_ERROR_003", "message": "Request version is invalid" } | I576: Pass | N576: TC_PMS_UpdateNotificationSeenTimestampNegativeScenarios_10
A577: MOSIP-40957 | C577: TC_40957_12 | E577: Endpoint to update the status and timestamp of when the notifications were last viewed by the user in the PMS portal | F577: Verify the response by providing version value as "1" in version paramter in request body, { "id": "", "version": "1", "requestTime": "2025-03-27T09:27:51.413Z", "metadata": {}, "request": { "notificationsSeenDtimes": true } } | G577: 1. Go to parter management swagger 2. Navigate to "/partnermanager/users/{userId}/notifications-seen-timestamp" API. 3. Execute response by providing VERSION value as "1" paramter in request body. 4. Click on Execute. | H577: User should get error message, { "errorCode": "PMS_REQUEST_ERROR_003", "message": "Request version is invalid" } | I577: Pass | N577: TC_PMS_UpdateNotificationSeenTimestampNegativeScenarios_11
A578: MOSIP-40957 | C578: TC_40957_13 | E578: Endpoint to update the status and timestamp of when the notifications were last viewed by the user in the PMS portal | F578: Verify the response by providing version value as "0" in version paramter in request body, { "id": "", "version": "0", "requestTime": "2025-03-27T09:27:51.413Z", "metadata": {}, "request": { "notificationsSeenDtimes": } } | G578: 1. Go to parter management swagger 2. Navigate to "/partnermanager/users/{userId}/notifications-seen-timestamp" API. 3. Execute response by providing VERSION value as "0" paramter in request body. 4. Click on Execute. | H578: User should get error message, { "errorCode": "PMS_REQUEST_ERROR_003", "message": "Request version is invalid" } | I578: Pass | N578: TC_PMS_UpdateNotificationSeenTimestampNegativeScenarios_12
... A581: MOSIP-40957 | C581: TC_40957_16 | E581: Endpoint to update the status and timestamp of when the notifications were last viewed by the user in the PMS portal | F581: Verify the response by without OBJECT Body paramter in request body, { "id" : " ", "version" : "1.0", "requestTime" : " " "metadata": {}, "request": { } } | G581: 1. Go to parter management swagger 2. Navigate to "/partnermanager/users/{userId}/notifications-seen-timestamp" API. 3. Execute response without OBJECT parameter in request body. 4. Click on Execute. | H581: User should get error message, { "errorCode": "PMS_NOTIFICATION_ERROR_002", "message": "Invalid notification seen timestamp" } | I581: Pass | N581: TC_PMS_UpdateNotificationSeenTimestampNegativeScenarios_15
A582: MOSIP-40957 | C582: TC_40957_17 | E582: Endpoint to update the status and timestamp of when the notifications were last viewed by the user in the PMS portal | F582: Verify the response by providing different time format in "notificationsSeenDtimes" value paramter in request body, { "id" : " ", "version" : "1.0", "requestTime" : " " "metadata": {}, "request": { "notificationsSeenDtimes" : } } | G582: 1. Go to parter management swagger 2. Navigate to "/partnermanager/users/{userId}/notifications-seen-timestamp" API. 3. Execute response by providing "notificationSeen" as different format parameter in request body. 4. Click on Execute. | H582: User should get error message, Error: Bad Request | I582: Pass
A583: MOSIP-40957 | C583: TC_40957_18 | E583: Endpoint to update the status and timestamp of when the notifications were last viewed by the user in the PMS portal | F583: Verify the response by providing Empty value in "notificationsSeenDtimes" value paramter in request body, { "id" : " ", "version" : "1.0", "requestTime" : " " "metadata": {}, "request": { "notificationsSeenDtimes" : EMPTY } } | G583: 1. Go to parter management swagger 2. Navigate to "/partnermanager/users/{userId}/notifications-seen-timestamp" API. 3. Execute response by providing "notificationSeen" as EMPTY parameter in request body. 4. Click on Execute. | H583: User should get error message, { "errorCode": "PMS_NOTIFICATION_ERROR_002", "message": "Invalid notification seen timestamp" } | I583: Pass | N583: TC_PMS_UpdateNotificationSeenTimestampNegativeScenarios_16
A584: MOSIP-40957 | C584: TC_40957_29 | E584: Endpoint to update the status and timestamp of when the notifications were last viewed by the user in the PMS portal | F584: Verify the reposne without PARTNER_ADMIN roles. | G584: 1. Go to parter management swagger 2. Navigate to "/partnermanager/users/{userId}/notifications-seen-timestamp" API. 3. Execute response without PARTNER_ADMIN. 4. Click on Execute. | H584: User should get error message, { "errorCode": "KER-ATH-403", "message": "Forbidden" } | I584: Pass | N584: TC_PMS_UpdateNotificationSeenTimestampNegativeScenarios_17
A585: MOSIP-40957 | C585: TC_40957_20 | E585: Endpoint to update the status and timestamp of when the notifications were last viewed by the user in the PMS portal | F585: Verify the reposne with PARTNER roles. | G585: 1. Go to parter management swagger 2. Navigate to "/partnermanager/users/{userId}/notifications-seen-timestamp" API. 3. Execute response with PARTNER Role. 4. Click on Execute. | H585: User should be able to get below response, "response": { "userId": "base-ftm", "notificationsSeenDtimes": "2025-04-04T15:30:00" }, | I585: Pass | N585: TC_PMS_UpdateNotificationSeenTimestampNegativeScenarios_18
A586: MOSIP-39833 | B586: Notifications: API GET /notifications | C586: TC_39833_01 | E586: Notifications: API GET /notifications | F586: Verify the response of the notification for notification type as root/intermediate/partner and weekly with the partner token | G586: 1.Open partner manager swagger 2.Select https://api-internal.qa-base.mosip.net/v1/partnermanager/notifications endpoint 3.Execute | H586: Should get the response as "errorCode": "PMS_NOTIFICATION_ERROR_006", "message": "Partner Admin will only get notifications for root/intermediate certificate expiry and the weekly summary." } | I586: Pass | N586: TC_PMS_GetAllNotifications_13
A587: MOSIP-39833 | B587: Notifications: API GET /notifications | C587: TC_39833_02 | E587: Notifications: API GET /notifications | F587: Verify the response of the notification for notification type as root/intermediate/partner and weekly with the partner admin token | G587: 1.Open partner manager swagger 2.Select https://api-internal.qa-base.mosip.net/v1/partnermanager/notifications endpoint 3.Execute | H587: Should give response of below details for that logged in admin only "notiifcationId": "notificationpartnerId: "notificationtype: "notificationstatus": "notificationDetails": "certificate details":[ { certificate id: issued by: issuedto: partnerid: partner domain: expirydatetime: expiryperiod: certificatetype: | I587: Pass | N587: TC_PMS_GetAllNotifications_01
A588: MOSIP-39833 | B588: Notifications: API GET /notifications | C588: TC_39833_03 | E588: Notifications: API GET /notifications | F588: Verify the response of the notification without selecting any notification type with the partner admin token | G588: 1.Open partner manager swagger 2.Select https://api-internal.qa-base.mosip.net/v1/partnermanager/notifications endpoint 3.Execute | H588: By default it should display the total number of notification details { "id": "mosip.pms.notifications.get", "version": "1.0", "responseTime": "2025-04-09T09:48:15.953Z", "metadata": null, "response": { "pageNo": , "pageSize": , "totalResults": , "data": [ | I588: Pass | N588: TC_PMS_GetAllNotifications_01
A589: MOSIP-39833 | B589: Notifications: API GET /notifications | C589: TC_39833_04 | E589: Notifications: API GET /notifications | F589: Verfiy the resopnse is reflecting in the notiifation panel and notification page | G589: 1.Open partner manager swagger 2.Select https://api-internal.qaplan.mosip.net/v1/partnermanager/notifications endpoint 3.Execute | H589: Endpoint should get the notifications to be displayed in the Notification Panel as well as in the View All Notifications page. | I589: Pass
A590: MOSIP-39833 | B590: Notifications: API GET /notifications | C590: TC_39833_05 | E590: Notifications: API GET /notifications | F590: Verfiy the resopnse is reflecting the same in UI | G590: 1.Open partner manager swagger 2.Select https://api-internal.qaplan.mosip.net/v1/partnermanager/notifications endpoint 3.Execute | H590: The notifications should display the same in UI | I590: Pass
A591: MOSIP-39833 | B591: Notifications: API GET /notifications | C591: TC_39833_06 | E591: Notifications: API GET /notifications | F591: Verify the response by filtering page size | G591: 1.Open partner manager swagger 2.Select https://api-internal.qaplan.mosip.net/v1/partnermanager/notifications endpoint 3.Execute | H591: By default it should fetch four records per page | I591: Pass | N591: TC_PMS_GetAllNotifications_01
A592: MOSIP-39833 | B592: Notifications: API GET /notifications | C592: TC_39833_07 | E592: Notifications: API GET /notifications | F592: Verify the response by filtering for different page size Eg: Add page size 5,6 ,7 etc | G592: 1.Open partner manager swagger 2.Select https://api-internal.qaplan.mosip.net/v1/partnermanager/notifications endpoint 3.Execute | H592: It should fetch records as per the page size entered in the request | I592: Pass | N592: TC_PMS_GetAllNotifications_02
...

Sheet Known Issues
A1: Issue key | B1: Summary | C1: Issue Type | D1: Severity
A2: MOSIP-42553 | B2: PMS-Revamp - Wrong error message displayed for OIDC client name length limit. | C2: Bug | D2: Minor
A3: MOSIP-41719 | B3: PMS-Revamp-1.2.2.0_with_1.1.5 - When user attributes are missing from Keycloak, the profile section displays these fields as "Not available" without any actionable suggestion for the user. | C3: Bug | D3: Minor
A4: MOSIP-41408 | B4: PMS Revamp- Alignment Issue in List of NotificationÂ Â screen in Tablet device | C4: Bug | D4: Minor
A5: MOSIP-41261 | B5: PMS-Revamp - The partner is still able to access the PMS portal even after the MOSIP-signed certificate has expired, Partner is able to create Policies, OIDC Client and API Key. | C5: Bug | D5: Major
A6: MOSIP-41208 | B6: PMS-Revamp-1.2.2.0_with_1.1.5 - The user's first and last name are not displayed in the User Profile or on the Dashboard | C6: Bug | D6: Minor
A7: MOSIP-39893 | B7: PMS Revamp - (IDA Issue) Authentication is still Active from IDA even after deactivating the API key from the Partner Portal | C7: Bug | D7: Major
A8: MOSIP-39630 | B8: PMS-Revamp: Tablet - The "List of FTM Chip details," "List of Devices," and "List of Policies" columns are getting truncated when no FTM, Policies & Devices are present. | C8: Bug | D8: Minor
A9: MOSIP-39380 | B9: PMS-Revamp - Multiple issues have occurred with the translation of words, where English terms are not being properly translated into Arabic and French. | C9: Bug | D9: Minor
A10: MOSIP-39228 | B10: PMS-Revamp - (KeyManager issue) "Certificate Dates are not valid." error message is displayed when uploading a Partner certificate with an expiration period of less than one year. | C10: Bug | D10: Minor
A11: MOSIP-39226 | B11: PMS-Revamp - (KeyManager issue) The error message displayed is incorrect when an Intermediate certificate is uploaded after the Root certificate has expired. | C11: Bug | D11: Minor
A12: MOSIP-39065 | B12: PMS-Revamp - The "Upload Trust Certificate" text is incorrectly being translated as "Download Trust Certificate" in Arabic and French languages. | C12: Bug | D12: Minor
... A54: MOSIP-34109 | B54: PMP Revamp: (ESignet issue) Client name data length validations are not working properly | C54: Bug | D54: Major

Sheet Feature Health
B2: Feature list (UI Based) | C2: Result | D2: Pass | E2: Fail
B3: Authentication Partner | C3: Pass | D3: 810 | E3: 4
B4: Device Partner | C4: Pass | D4: 450 | E4: 1
B5: FTM Partner | C5: Pass | D5: 325 | E5: 6
B6: Certificate Trust Store | C6: Pass | D6: 360 | E6: 0
B7: Partners | C7: Pass | D7: 238 | E7: 2
B8: Policies | C8: Pass | D8: 467 | E8: 3
B9: Partner-Policy Linking | C9: Pass | D9: 389 | E9: 0
B10: SBI-Device | C10: Pass | D10: 310 | E10: 0
B11: FTM Chip | C11: Pass | D11: 310 | E11: 0
B12: Authentication Services | C12: Pass | D12: 378 | E12: 0
B13: Dashboard | C13: Pass | D13: 35 | E13: 0
B14: Multi Language (Eng, Ara and Fra) with cross browser | C14: Pass | D14: 129 | E14: 0
... B23: MISP Partner | C23: Pass | D23: 674 | E23: 2

Sheet NL Android test cases
A1: TestCase_No | B1: Feature | C1: Scenario | D1: Result

Sheet NL ios test cases
A1: TestCase_No | B1: Feature | C1: Scenario | D1: Result

Sheet Bug tracker - Android
B2: Bug tracker
B3: TICKET# | C3: Bug Title | D3: Status | E3: Severity | F3: Notes
B4: https://github.com/mosip/inji/issues/135 | C4: Unable to download credential displayed invalid input Parameter - mobileNumber | D4: OPEN | E4: Blocker
B5: https://github.com/mosip/inji/issues/134 | C5: Unable to download credential displayed UIN not available in Database | D5: OPEN | E5: Blocker
B6: https://github.com/mosip/inji/issues/137 | C6: mpartner-default-mobile partner details is missing in kernel default properties | D6: OPEN | E6: Blocker
B7: https://github.com/mosip/inji/issues/157 | C7: Get UIN/VID text box has a not working question mark | D7: closed
B8: https://github.com/mosip/inji/issues/137 | C8: mpartner-default-mobile partner details is missing in kernel default properties | D8: closed
B9: https://github.com/mosip/inji/issues/135 | C9: Unable to download credential displayed invalid input Parameter - mobileNumber | D9: closed
B10: https://github.com/mosip/inji/issues/178 | C10: Unable to download VC | D10: OPEN | E10: Blocker
B11: https://github.com/mosip/inji/issues/159 | C11: To turn on the bluetooth "Go to setting" button is not working | D11: OPEN
B12: https://github.com/mosip/inji/issues/158 | C12: Get UIN/VID text box has a question mark | D12: OPEN
B13: https://github.com/mosip/inji/issues/155 | C13: VC's border is not round edged properly | D13: OPEN
B14: https://github.com/mosip/inji/issues/153 | C14: Reason for sharing getting over layed out of the VC details | D14: OPEN
B15: https://github.com/mosip/inji/issues/148 | C15: Edit tag option making changes in UIN values in the home screen | D15: OPEN
B16: https://github.com/mosip/inji/issues/147 | C16: full name atribute taking the place of ID type in VC | D16: OPEN
B17: https://github.com/mosip/inji/issues/146 | C17: ID type feild is empty in the downloaded VC | D17: OPEN
B18: https://github.com/mosip/inji/issues/143 | C18: VC address values getting overlaped | D18: OPEN
B19: https://github.com/mosip/inji/issues/142 | C19: MOSIP logo trimed in VC card | D19: OPEN
B20: https://github.com/mosip/inji/issues/140 | C20: VC stuck at loading state in Mobile ID app | D20: OPEN
B21: https://github.com/mosip/inji/issues/196 | C21: Unable to download VC with arabic language UIN | D21: OPEN | E21: Blocker
B22: https://github.com/mosip/inji/issues/197 | C22: RTL is not handled in inji app | D22: OPEN
B23: https://github.com/mosip/inji/issues/199 | C23: The full name attribute is missing in the VC detailed view | D23: OPEN
B24: https://github.com/mosip/inji/issues/200 | C24: VC detailed layout is not ocupying the spaces properly | D24: OPEN
B25: https://github.com/mosip/inji/issues/201 | C25: The android app is not fully capable with diffrent language filters | D25: OPEN
B26: https://github.com/mosip/inji/issues/202 | C26: When the VC card is downloading it has two id type's attribute | D26: OPEN
B27: https://github.com/mosip/inji/issues/228 | C27: Mobile-id mail's where been looped | D27: Open

Sheet Bug tracker - ios
C3: Bug tracker
C4: JIRA # | D4: Bug Title | E4: Status | F4: Notes | H4: new apk
C5: https://github.com/mosip/inji/issues/191 | D5: Application ID text box has a question mark. | E5: Open
C6: https://github.com/mosip/inji/issues/193 | D6: VC's border is not round edged properly | E6: Open
C7: https://github.com/mosip/inji/issues/195 | D7: Renaming VC replacing UIN number in the home screen | E7: Open
