Workbook

Sheet Verification - Summary
B2: Details | C2: Stories Tested | D2: Test Cases | K2: API Based Testing | P2: UI Based Testing | V2: Devices Used For Testing | X2: Tested with Components on esqa2 env | Y2: Tested with Components on qa-base env
C3: Total | D3: Total | E3: With Stories | F3: w/o Stories | G3: Pass | H3: Fail | I3: Skip | K3: Story | L3: Test Results | P3: Story | Q3: Test Results | V3: Redmi 6A with Android 9 BLE 4.2 | X3: docker.io/mosipid/captcha-validation-service:0.1.0-beta.1 | Y3: docker.io/mosipid/admin-ui:1.2.0.1
B4: =K2 -> API Based Testing | C4: {=COUNTA(_xludf.UNIQUE(_xlws.FILTER('eSignet API - Test Cases'!A2:A2489, 'eSignet API - Test Cases'!A2:A2489 <> "")))} -> 1 | D4: =COUNTA('eSignet API - Test Cases'!C2:C4506) -> 2192 | E4: =SUM(L4:L19) -> 1537 | F4: =D4-E4 -> 655 | G4: =COUNTIF('eSignet API - Test Cases'!I2:I4506, "Pass") -> 2129 | H4: =COUNTIF('eSignet API - Test Cases'!I2:I4472, "Fail") -> 28 | I4: =D4-G4-H4 -> 35 | K4: =IFERROR(__xludf.DUMMYFUNCTION("UNIQUE(FILTER('eSignet API - Test Cases'!A2:A4491, ('eSignet API - Test Cases'!A2:A4491 <> """")))"),"MOSIP-22715") -> MOSIP-22715 | L4: =COUNTIFS('eSignet API - Test Cases'!A2:A4474,K4,'eSignet API - Test Cases'!C2:C4474,"<>"&"") -> 70 | M4: =COUNTIFS('eSignet API - Test Cases'!A2:A4474,K4,'eSignet API - Test Cases'!C2:C4474,"<>"&"",'eSignet API - Test Cases'!I2:I4474,"Pass") -> 70 | N4: =COUNTIFS('eSignet API - Test Cases'!A2:A4474,K4,'eSignet API - Test Cases'!C2:C4474,"<>"&"",'eSignet API - Test Cases'!I2:I4474,"Fail") -> 0 | O4: =L4-M4-N4 -> 0 | P4: =IFERROR(__xludf.DUMMYFUNCTION("UNIQUE(FILTER('eSignet UI - Test Cases'!A2:A4889, ('eSignet UI - Test Cases'!A2:A4889 <> """")))"),"ES-391") -> ES-391 | Q4: =COUNTIFS('eSignet UI - Test Cases'!A2:A4882,P4,'eSignet UI - Test Cases'!C2:C4882,"<>"&"") -> 144 | R4: =COUNTIFS('eSignet UI - Test Cases'!A2:A4882,P4,'eSignet UI - Test Cases'!C2:C4882,"<>"&"",'eSignet UI - Test Cases'!I2:I4882,"Pass") -> 144 | S4: =COUNTIFS('eSignet UI - Test Cases'!A2:A4882,P4,'eSignet UI - Test Cases'!C2:C4882,"<>"&"",'eSignet UI - Test Cases'!I2:I4882,"Fail") -> 0 | T4: =Q4-R4-S4 -> 0 | V4: redmi 7A with Android BLE 4.2 | X4: docker.io/mosipid/kafka:3.2.1-debian-11-r9 | Y4: docker.io/mosipid/apitest-auth:1.2.1.1-beta.1
B5: =P2 -> UI Based Testing | C5: {=COUNTA(_xludf.UNIQUE(_xlws.FILTER('eSignet UI - Test Cases'!A2:A3880, 'eSignet UI - Test Cases'!A2:A3880 <> "")))} -> 1 | D5: =COUNTA('eSignet UI - Test Cases'!C2:C2882) -> 1251 | E5: =SUM(Q4:Q24) -> 595 | F5: =D5-E5 -> 656 | G5: =COUNTIF('eSignet UI - Test Cases'!I2:I2883, "Pass") -> 1228 | H5: =COUNTIF('eSignet UI - Test Cases'!I2:I2883, "Fail") -> 23 | I5: =D5-G5-H5 -> 0 | K5: =IFERROR(__xludf.DUMMYFUNCTION("""COMPUTED_VALUE"""),"MOSIP-22717") -> MOSIP-22717 | L5: =COUNTIFS('eSignet API - Test Cases'!A3:A4475,K5,'eSignet API - Test Cases'!C3:C4475,"<>"&"") -> 186 | M5: =COUNTIFS('eSignet API - Test Cases'!A3:A4475,K5,'eSignet API - Test Cases'!C3:C4475,"<>"&"",'eSignet API - Test Cases'!I3:I4475,"Pass") -> 186 | N5: =COUNTIFS('eSignet API - Test Cases'!A3:A4475,K5,'eSignet API - Test Cases'!C3:C4475,"<>"&"",'eSignet API - Test Cases'!I3:I4475,"Fail") -> 0 | O5: =L5-M5-N5 -> 0 | P5: =IFERROR(__xludf.DUMMYFUNCTION("""COMPUTED_VALUE"""),"ES-393") -> ES-393 | Q5: =COUNTIFS('eSignet UI - Test Cases'!A3:A4883,P5,'eSignet UI - Test Cases'!C3:C4883,"<>"&"") -> 98 | R5: =COUNTIFS('eSignet UI - Test Cases'!A3:A4883,P5,'eSignet UI - Test Cases'!C3:C4883,"<>"&"",'eSignet UI - Test Cases'!I3:I4883,"Pass") -> 97 | S5: =COUNTIFS('eSignet UI - Test Cases'!A3:A4883,P5,'eSignet UI - Test Cases'!C3:C4883,"<>"&"",'eSignet UI - Test Cases'!I3:I4883,"Fail") -> 1 | T5: =Q5-R5-S5 -> 0 | V5: Redmi note lite with Android BLE 5.0 | X5: docker.io/mosipid/keycloak-init:1.2.0.1 | Y5: docker.io/mosipid/apitest-idrepo:1.2.2.2
K6: =IFERROR(__xludf.DUMMYFUNCTION("""COMPUTED_VALUE"""),"MOSIP-24753") -> MOSIP-24753 | L6: =COUNTIFS('eSignet API - Test Cases'!A4:A4476,K6,'eSignet API - Test Cases'!C4:C4476,"<>"&"") -> 10 | M6: =COUNTIFS('eSignet API - Test Cases'!A4:A4476,K6,'eSignet API - Test Cases'!C4:C4476,"<>"&"",'eSignet API - Test Cases'!I4:I4476,"Pass") -> 10 | N6: =COUNTIFS('eSignet API - Test Cases'!A4:A4476,K6,'eSignet API - Test Cases'!C4:C4476,"<>"&"",'eSignet API - Test Cases'!I4:I4476,"Fail") -> 0 | O6: =L6-M6-N6 -> 0 | P6: =IFERROR(__xludf.DUMMYFUNCTION("""COMPUTED_VALUE"""),"ES-414") -> ES-414 | Q6: =COUNTIFS('eSignet UI - Test Cases'!A4:A4884,P6,'eSignet UI - Test Cases'!C4:C4884,"<>"&"") -> 104 | R6: =COUNTIFS('eSignet UI - Test Cases'!A4:A4884,P6,'eSignet UI - Test Cases'!C4:C4884,"<>"&"",'eSignet UI - Test Cases'!I4:I4884,"Pass") -> 104 | S6: =COUNTIFS('eSignet UI - Test Cases'!A4:A4884,P6,'eSignet UI - Test Cases'!C4:C4884,"<>"&"",'eSignet UI - Test Cases'!I4:I4884,"Fail") -> 0 | T6: =Q6-R6-S6 -> 0 | V6: Vivo Y73 with Android 1BLE 5.0 | X6: docker.io/mosipid/kibana:7.17.2-debian-10-r0 | Y6: docker.io/mosipid/apitest-masterdata:1.2.1.2
B7: Total: | C7: =SUM(C4:C6) -> 2 | D7: =SUM(D4:D6) -> 3443 | E7: =SUM(E4:E6) -> 2132 | F7: =SUM(F4:F6) -> 1311 | G7: =SUM(G4:G6) -> 3357 | H7: =SUM(H4:H6) -> 51 | I7: =SUM(I4:I6) -> 35 | K7: =IFERROR(__xludf.DUMMYFUNCTION("""COMPUTED_VALUE"""),"MOSIP-24923") -> MOSIP-24923 | L7: =COUNTIFS('eSignet API - Test Cases'!A5:A4477,K7,'eSignet API - Test Cases'!C5:C4477,"<>"&"") -> 100 | M7: =COUNTIFS('eSignet API - Test Cases'!A5:A4477,K7,'eSignet API - Test Cases'!C5:C4477,"<>"&"",'eSignet API - Test Cases'!I5:I4477,"Pass") -> 100 | N7: =COUNTIFS('eSignet API - Test Cases'!A5:A4477,K7,'eSignet API - Test Cases'!C5:C4477,"<>"&"",'eSignet API - Test Cases'!I5:I4477,"Fail") -> 0 | O7: =L7-M7-N7 -> 0 | P7: =IFERROR(__xludf.DUMMYFUNCTION("""COMPUTED_VALUE"""),"MOSIP-22717") -> MOSIP-22717 | Q7: =COUNTIFS('eSignet UI - Test Cases'!A5:A4885,P7,'eSignet UI - Test Cases'!C5:C4885,"<>"&"") -> 44 | R7: =COUNTIFS('eSignet UI - Test Cases'!A5:A4885,P7,'eSignet UI - Test Cases'!C5:C4885,"<>"&"",'eSignet UI - Test Cases'!I5:I4885,"Pass") -> 44 | S7: =COUNTIFS('eSignet UI - Test Cases'!A5:A4885,P7,'eSignet UI - Test Cases'!C5:C4885,"<>"&"",'eSignet UI - Test Cases'!I5:I4885,"Fail") -> 0 | T7: =Q7-R7-S7 -> 0 | V7: SS Galaxy A03 core with Android 1BLE 4.2 | X7: docker.io/mosipid/mosip-artemis-keycloak:1.2.0.1 | Y7: docker.io/mosipid/apitest-pms:1.2.2.2
K8: =IFERROR(__xludf.DUMMYFUNCTION("""COMPUTED_VALUE"""),"MOSIP-22705") -> MOSIP-22705 | L8: =COUNTIFS('eSignet API - Test Cases'!A6:A4478,K8,'eSignet API - Test Cases'!C6:C4478,"<>"&"") -> 55 | M8: =COUNTIFS('eSignet API - Test Cases'!A6:A4478,K8,'eSignet API - Test Cases'!C6:C4478,"<>"&"",'eSignet API - Test Cases'!I6:I4478,"Pass") -> 53 | N8: =COUNTIFS('eSignet API - Test Cases'!A6:A4478,K8,'eSignet API - Test Cases'!C6:C4478,"<>"&"",'eSignet API - Test Cases'!I6:I4478,"Fail") -> 2 | P8: =IFERROR(__xludf.DUMMYFUNCTION("""COMPUTED_VALUE"""),"MOSIP-22715") -> MOSIP-22715 | Q8: =COUNTIFS('eSignet UI - Test Cases'!A6:A4886,P8,'eSignet UI - Test Cases'!C6:C4886,"<>"&"") -> 1 | R8: =COUNTIFS('eSignet UI - Test Cases'!A6:A4886,P8,'eSignet UI - Test Cases'!C6:C4886,"<>"&"",'eSignet UI - Test Cases'!I6:I4886,"Pass") -> 1 | S8: =COUNTIFS('eSignet UI - Test Cases'!A6:A4886,P8,'eSignet UI - Test Cases'!C6:C4886,"<>"&"",'eSignet UI - Test Cases'!I6:I4886,"Fail") -> 0 | T8: =Q8-R8-S8 -> 0 | V8: Redmi K20 pro with Android 1BLE 5.0 | X8: docker.io/mosipid/os-shell:12-debian-12-r46 | Y8: docker.io/mosipid/apitest-prereg:1.2.0.2
K9: =IFERROR(__xludf.DUMMYFUNCTION("""COMPUTED_VALUE"""),"MOSIP-22709") -> MOSIP-22709 | L9: =COUNTIFS('eSignet API - Test Cases'!A7:A4479,K9,'eSignet API - Test Cases'!C7:C4479,"<>"&"") -> 18 | M9: =COUNTIFS('eSignet API - Test Cases'!A7:A4479,K9,'eSignet API - Test Cases'!C7:C4479,"<>"&"",'eSignet API - Test Cases'!I7:I4479,"Pass") -> 14 | N9: =COUNTIFS('eSignet API - Test Cases'!A7:A4479,K9,'eSignet API - Test Cases'!C7:C4479,"<>"&"",'eSignet API - Test Cases'!I7:I4479,"Fail") -> 4 | O9: =L9-M9-N9 -> 0 | P9: =IFERROR(__xludf.DUMMYFUNCTION("""COMPUTED_VALUE"""),"MOSIP-24002") -> MOSIP-24002 | Q9: =COUNTIFS('eSignet UI - Test Cases'!A7:A4887,P9,'eSignet UI - Test Cases'!C7:C4887,"<>"&"") -> 14 | R9: =COUNTIFS('eSignet UI - Test Cases'!A7:A4887,P9,'eSignet UI - Test Cases'!C7:C4887,"<>"&"",'eSignet UI - Test Cases'!I7:I4887,"Pass") -> 14 | S9: =COUNTIFS('eSignet UI - Test Cases'!A7:A4887,P9,'eSignet UI - Test Cases'!C7:C4887,"<>"&"",'eSignet UI - Test Cases'!I7:I4887,"Fail") -> 0 | T9: =Q9-R9-S9 -> 0 | V9: iPhone 1with iPhone 1BLE 5.0 | X9: docker.io/mosipid/partner-management-service:1.2.2.2 | Y9: docker.io/mosipid/apitest-resident:1.2.1.2
B10: ="Functional Testing - Stories Verified : " & C7 -> Functional Testing - Stories Verified : 2 | K10: =IFERROR(__xludf.DUMMYFUNCTION("""COMPUTED_VALUE"""),"MOSIP-22731") -> MOSIP-22731 | L10: =COUNTIFS('eSignet API - Test Cases'!A8:A4480,K10,'eSignet API - Test Cases'!C8:C4480,"<>"&"") -> 66 | M10: =COUNTIFS('eSignet API - Test Cases'!A8:A4480,K10,'eSignet API - Test Cases'!C8:C4480,"<>"&"",'eSignet API - Test Cases'!I8:I4480,"Pass") -> 66 | N10: =COUNTIFS('eSignet API - Test Cases'!A8:A4480,K10,'eSignet API - Test Cases'!C8:C4480,"<>"&"",'eSignet API - Test Cases'!I8:I4480,"Fail") -> 0 | O10: =L10-M10-N10 -> 0 | P10: =IFERROR(__xludf.DUMMYFUNCTION("""COMPUTED_VALUE"""),"MOSIP-22719") -> MOSIP-22719 | Q10: =COUNTIFS('eSignet UI - Test Cases'!A8:A4888,P10,'eSignet UI - Test Cases'!C8:C4888,"<>"&"") -> 11 | R10: =COUNTIFS('eSignet UI - Test Cases'!A8:A4888,P10,'eSignet UI - Test Cases'!C8:C4888,"<>"&"",'eSignet UI - Test Cases'!I8:I4888,"Pass") -> 11 | S10: =COUNTIFS('eSignet UI - Test Cases'!A8:A4888,P10,'eSignet UI - Test Cases'!C8:C4888,"<>"&"",'eSignet UI - Test Cases'!I8:I4888,"Fail") -> 0 | T10: =Q10-R10-S10 -> 0 | V10: iPhone with iphone 1BLE 5.0 | X10: docker.io/mosipid/policy-management-service:1.2.2.2 | Y10: docker.io/mosipid/artifactory-server:1.2.0.2
B11: ="Test cases : " & D7 & " Passed : "& G7 & " Failed : " & H7 & " Skipped : " & I7 -> Test cases : 3443 Passed : 3357 Failed : 51 Skipped : 35 | K11: =IFERROR(__xludf.DUMMYFUNCTION("""COMPUTED_VALUE"""),"MOSIP-24755") -> MOSIP-24755 | L11: =COUNTIFS('eSignet API - Test Cases'!A9:A4481,K11,'eSignet API - Test Cases'!C9:C4481,"<>"&"") -> 157 | M11: =COUNTIFS('eSignet API - Test Cases'!A9:A4481,K11,'eSignet API - Test Cases'!C9:C4481,"<>"&"",'eSignet API - Test Cases'!I9:I4481,"Pass") -> 157 | N11: =COUNTIFS('eSignet API - Test Cases'!A9:A4481,K11,'eSignet API - Test Cases'!C9:C4481,"<>"&"",'eSignet API - Test Cases'!I9:I4481,"Fail") -> 0 | O11: =L11-M11-N11 -> 0 | P11: =IFERROR(__xludf.DUMMYFUNCTION("""COMPUTED_VALUE"""),"MOSIP-22718") -> MOSIP-22718 | Q11: =COUNTIFS('eSignet UI - Test Cases'!A9:A4889,P11,'eSignet UI - Test Cases'!C9:C4889,"<>"&"") -> 29 | R11: =COUNTIFS('eSignet UI - Test Cases'!A9:A4889,P11,'eSignet UI - Test Cases'!C9:C4889,"<>"&"",'eSignet UI - Test Cases'!I9:I4889,"Pass") -> 29 | S11: =COUNTIFS('eSignet UI - Test Cases'!A9:A4889,P11,'eSignet UI - Test Cases'!C9:C4889,"<>"&"",'eSignet UI - Test Cases'!I9:I4889,"Fail") -> 0 | T11: =Q11-R11-S11 -> 0 | V11: iPhone with iphone 15.BLE 4.2 | X11: docker.io/mosipid/postgresql:14.2.0-debian-10-r70 | Y11: docker.io/mosipid/artifactory-server:1.3.0-beta.1
B12: ="Test Rate : " & INT((((G7+H7)/D7)*100)) & "% With Pass Rate : " & INT((G7/(G7+H7))*100) & "%" -> Test Rate : 98% With Pass Rate : 98% | K12: =IFERROR(__xludf.DUMMYFUNCTION("""COMPUTED_VALUE"""),"ES-3") -> ES-3 | L12: =COUNTIFS('eSignet API - Test Cases'!A10:A4482,K12,'eSignet API - Test Cases'!C10:C4482,"<>"&"") -> 32 | M12: =COUNTIFS('eSignet API - Test Cases'!A10:A4482,K12,'eSignet API - Test Cases'!C10:C4482,"<>"&"",'eSignet API - Test Cases'!I10:I4482,"Pass") -> 32 | N12: =COUNTIFS('eSignet API - Test Cases'!A10:A4482,K12,'eSignet API - Test Cases'!C10:C4482,"<>"&"",'eSignet API - Test Cases'!I10:I4482,"Fail") -> 0 | O12: =L12-M12-N12 -> 0 | P12: =IFERROR(__xludf.DUMMYFUNCTION("""COMPUTED_VALUE"""),"Multiple IDP Instance") -> Multiple IDP Instance | Q12: =COUNTIFS('eSignet UI - Test Cases'!A10:A4890,P12,'eSignet UI - Test Cases'!C10:C4890,"<>"&"") -> 16 | R12: =COUNTIFS('eSignet UI - Test Cases'!A10:A4890,P12,'eSignet UI - Test Cases'!C10:C4890,"<>"&"",'eSignet UI - Test Cases'!I10:I4890,"Pass") -> 16 | S12: =COUNTIFS('eSignet UI - Test Cases'!A10:A4890,P12,'eSignet UI - Test Cases'!C10:C4890,"<>"&"",'eSignet UI - Test Cases'!I10:I4890,"Fail") -> 0 | T12: =Q12-R12-S12 -> 0 | X12: docker.io/mosipid/postgresql:16.0.0-debian-11-r13 | Y12: docker.io/mosipid/artifactory-server:1.4.1-ES
K13: =IFERROR(__xludf.DUMMYFUNCTION("""COMPUTED_VALUE"""),"ES-34") -> ES-34 | L13: =COUNTIFS('eSignet API - Test Cases'!A11:A4483,K13,'eSignet API - Test Cases'!C11:C4483,"<>"&"") -> 28 | M13: =COUNTIFS('eSignet API - Test Cases'!A11:A4483,K13,'eSignet API - Test Cases'!C11:C4483,"<>"&"",'eSignet API - Test Cases'!I11:I4483,"Pass") -> 28 | N13: =COUNTIFS('eSignet API - Test Cases'!A11:A4483,K13,'eSignet API - Test Cases'!C11:C4483,"<>"&"",'eSignet API - Test Cases'!I11:I4483,"Fail") -> 0 | O13: =L13-M13-N13 -> 0 | P13: =IFERROR(__xludf.DUMMYFUNCTION("""COMPUTED_VALUE"""),"IDP Cross browser Testing") -> IDP Cross browser Testing | Q13: =COUNTIFS('eSignet UI - Test Cases'!A11:A4891,P13,'eSignet UI - Test Cases'!C11:C4891,"<>"&"") -> 1 | R13: =COUNTIFS('eSignet UI - Test Cases'!A11:A4891,P13,'eSignet UI - Test Cases'!C11:C4891,"<>"&"",'eSignet UI - Test Cases'!I11:I4891,"Pass") -> 1 | S13: =COUNTIFS('eSignet UI - Test Cases'!A11:A4891,P13,'eSignet UI - Test Cases'!C11:C4891,"<>"&"",'eSignet UI - Test Cases'!I11:I4891,"Fail") -> 0 | T13: =Q13-R13-S13 -> 0 | X13: docker.io/mosipid/redis:7.0.5-debian-11-r25 | Y13: docker.io/mosipid/biosdk-server:1.2.0.1
K14: =IFERROR(__xludf.DUMMYFUNCTION("""COMPUTED_VALUE"""),"ES-35") -> ES-35 | L14: =COUNTIFS('eSignet API - Test Cases'!A12:A4484,K14,'eSignet API - Test Cases'!C12:C4484,"<>"&"") -> 15 | M14: =COUNTIFS('eSignet API - Test Cases'!A12:A4484,K14,'eSignet API - Test Cases'!C12:C4484,"<>"&"",'eSignet API - Test Cases'!I12:I4484,"Pass") -> 15 | N14: =COUNTIFS('eSignet API - Test Cases'!A12:A4484,K14,'eSignet API - Test Cases'!C12:C4484,"<>"&"",'eSignet API - Test Cases'!I12:I4484,"Fail") -> 0 | O14: =L14-M14-N14 -> 0 | P14: =IFERROR(__xludf.DUMMYFUNCTION("""COMPUTED_VALUE"""),"MOSIP-24755") -> MOSIP-24755 | Q14: =COUNTIFS('eSignet UI - Test Cases'!A12:A4892,P14,'eSignet UI - Test Cases'!C12:C4892,"<>"&"") -> 26 | R14: =COUNTIFS('eSignet UI - Test Cases'!A12:A4892,P14,'eSignet UI - Test Cases'!C12:C4892,"<>"&"",'eSignet UI - Test Cases'!I12:I4892,"Pass") -> 26 | S14: =COUNTIFS('eSignet UI - Test Cases'!A12:A4892,P14,'eSignet UI - Test Cases'!C12:C4892,"<>"&"",'eSignet UI - Test Cases'!I12:I4892,"Fail") -> 0 | T14: =Q14-R14-S14 -> 0 | X14: docker.io/mosipid/softhsm:v2 | Y14: docker.io/mosipid/commons-packet-service:1.2.0.3
K15: =IFERROR(__xludf.DUMMYFUNCTION("""COMPUTED_VALUE"""),"ES-491") -> ES-491 | L15: =COUNTIFS('eSignet API - Test Cases'!A13:A4485,K15,'eSignet API - Test Cases'!C13:C4485,"<>"&"") -> 558 | M15: =COUNTIFS('eSignet API - Test Cases'!A13:A4485,K15,'eSignet API - Test Cases'!C13:C4485,"<>"&"",'eSignet API - Test Cases'!I13:I4485,"Pass") -> 551 | N15: =COUNTIFS('eSignet API - Test Cases'!A13:A4485,K15,'eSignet API - Test Cases'!C13:C4485,"<>"&"",'eSignet API - Test Cases'!I13:I4485,"Fail") -> 7 | O15: =L15-M15-N15 -> 0 | P15: =IFERROR(__xludf.DUMMYFUNCTION("""COMPUTED_VALUE"""),"MOSIP-25869") -> MOSIP-25869 | Q15: =COUNTIFS('eSignet UI - Test Cases'!A13:A4893,P15,'eSignet UI - Test Cases'!C13:C4893,"<>"&"") -> 10 | R15: =COUNTIFS('eSignet UI - Test Cases'!A13:A4893,P15,'eSignet UI - Test Cases'!C13:C4893,"<>"&"",'eSignet UI - Test Cases'!I13:I4893,"Pass") -> 10 | S15: =COUNTIFS('eSignet UI - Test Cases'!A13:A4893,P15,'eSignet UI - Test Cases'!C13:C4893,"<>"&"",'eSignet UI - Test Cases'!I13:I4893,"Fail") -> 0 | T15: =Q15-R15-S15 -> 0 | X15: docker.io/mosipid/zookeeper:3.8.0-debian-11-r30 | Y15: docker.io/mosipid/config-server:1.1.2
K16: =IFERROR(__xludf.DUMMYFUNCTION("""COMPUTED_VALUE"""),"ES-496") -> ES-496 | L16: =COUNTIFS('eSignet API - Test Cases'!A14:A4486,K16,'eSignet API - Test Cases'!C14:C4486,"<>"&"") -> 112 | M16: =COUNTIFS('eSignet API - Test Cases'!A14:A4486,K16,'eSignet API - Test Cases'!C14:C4486,"<>"&"",'eSignet API - Test Cases'!I14:I4486,"Pass") -> 112 | N16: =COUNTIFS('eSignet API - Test Cases'!A14:A4486,K16,'eSignet API - Test Cases'!C14:C4486,"<>"&"",'eSignet API - Test Cases'!I14:I4486,"Fail") -> 0 | O16: =L16-M16-N16 -> 0 | P16: =IFERROR(__xludf.DUMMYFUNCTION("""COMPUTED_VALUE"""),"MOSIP-24813") -> MOSIP-24813 | Q16: =COUNTIFS('eSignet UI - Test Cases'!A14:A4894,P16,'eSignet UI - Test Cases'!C14:C4894,"<>"&"") -> 20 | R16: =COUNTIFS('eSignet UI - Test Cases'!A14:A4894,P16,'eSignet UI - Test Cases'!C14:C4894,"<>"&"",'eSignet UI - Test Cases'!I14:I4894,"Pass") -> 20 | S16: =COUNTIFS('eSignet UI - Test Cases'!A14:A4894,P16,'eSignet UI - Test Cases'!C14:C4894,"<>"&"",'eSignet UI - Test Cases'!I14:I4894,"Fail") -> 0 | T16: =Q16-R16-S16 -> 0 | X16: docker.io/mosipint/elasticsearch:7.17.2-debian-10-r4 | Y16: docker.io/mosipid/consolidator-websub-service:1.2.0.1
K17: =IFERROR(__xludf.DUMMYFUNCTION("""COMPUTED_VALUE"""),"MOSIP-22732") -> MOSIP-22732 | L17: =COUNTIFS('eSignet API - Test Cases'!A15:A4487,K17,'eSignet API - Test Cases'!C15:C4487,"<>"&"") -> 26 | M17: =COUNTIFS('eSignet API - Test Cases'!A15:A4487,K17,'eSignet API - Test Cases'!C15:C4487,"<>"&"",'eSignet API - Test Cases'!I15:I4487,"Pass") -> 26 | N17: =COUNTIFS('eSignet API - Test Cases'!A15:A4487,K17,'eSignet API - Test Cases'!C15:C4487,"<>"&"",'eSignet API - Test Cases'!I15:I4487,"Fail") -> 0 | O17: =L17-M17-N17 -> 0 | P17: =IFERROR(__xludf.DUMMYFUNCTION("""COMPUTED_VALUE"""),"MOSIP-25868") -> MOSIP-25868 | Q17: =COUNTIFS('eSignet UI - Test Cases'!A15:A4895,P17,'eSignet UI - Test Cases'!C15:C4895,"<>"&"") -> 6 | R17: =COUNTIFS('eSignet UI - Test Cases'!A15:A4895,P17,'eSignet UI - Test Cases'!C15:C4895,"<>"&"",'eSignet UI - Test Cases'!I15:I4895,"Pass") -> 6 | S17: =COUNTIFS('eSignet UI - Test Cases'!A15:A4895,P17,'eSignet UI - Test Cases'!C15:C4895,"<>"&"",'eSignet UI - Test Cases'!I15:I4895,"Fail") -> 0 | T17: =Q17-R17-S17 -> 0 | X17: docker.io/mosipqa/apitest-esignet-signup:1.3.x | Y17: docker.io/mosipid/data-share-service:1.2.0.1
K18: =IFERROR(__xludf.DUMMYFUNCTION("""COMPUTED_VALUE"""),"ES-186") -> ES-186 | L18: =COUNTIFS('eSignet API - Test Cases'!A16:A4488,K18,'eSignet API - Test Cases'!C16:C4488,"<>"&"") -> 66 | M18: =COUNTIFS('eSignet API - Test Cases'!A16:A4488,K18,'eSignet API - Test Cases'!C16:C4488,"<>"&"",'eSignet API - Test Cases'!I16:I4488,"Pass") -> 66 | N18: =COUNTIFS('eSignet API - Test Cases'!A16:A4488,K18,'eSignet API - Test Cases'!C16:C4488,"<>"&"",'eSignet API - Test Cases'!I16:I4488,"Fail") -> 0 | O18: =L18-M18-N18 -> 0 | P18: =IFERROR(__xludf.DUMMYFUNCTION("""COMPUTED_VALUE"""),"ES-3") -> ES-3 | Q18: =COUNTIFS('eSignet UI - Test Cases'!A16:A4896,P18,'eSignet UI - Test Cases'!C16:C4896,"<>"&"") -> 12 | R18: =COUNTIFS('eSignet UI - Test Cases'!A16:A4896,P18,'eSignet UI - Test Cases'!C16:C4896,"<>"&"",'eSignet UI - Test Cases'!I16:I4896,"Pass") -> 12 | S18: =COUNTIFS('eSignet UI - Test Cases'!A16:A4896,P18,'eSignet UI - Test Cases'!C16:C4896,"<>"&"",'eSignet UI - Test Cases'!I16:I4896,"Fail") -> 0 | T18: =Q18-R18-S18 -> 0 | X18: docker.io/mosipqa/apitest-esignet:1.7.x | Y18: docker.io/mosipid/data-share-service:1.3.0-beta.2
K19: =IFERROR(__xludf.DUMMYFUNCTION("""COMPUTED_VALUE"""),"ES-1053") -> ES-1053 | L19: =COUNTIFS('eSignet API - Test Cases'!A17:A4489,K19,'eSignet API - Test Cases'!C17:C4489,"<>"&"") -> 38 | M19: =COUNTIFS('eSignet API - Test Cases'!A17:A4489,K19,'eSignet API - Test Cases'!C17:C4489,"<>"&"",'eSignet API - Test Cases'!I17:I4489,"Pass") -> 38 | N19: =COUNTIFS('eSignet API - Test Cases'!A17:A4489,K19,'eSignet API - Test Cases'!C17:C4489,"<>"&"",'eSignet API - Test Cases'!I17:I4489,"Fail") -> 0 | O19: =L19-M19-N19 -> 0 | P19: =IFERROR(__xludf.DUMMYFUNCTION("""COMPUTED_VALUE"""),"ES-92") -> ES-92 | Q19: =COUNTIFS('eSignet UI - Test Cases'!A17:A4897,P19,'eSignet UI - Test Cases'!C17:C4897,"<>"&"") -> 22 | R19: =COUNTIFS('eSignet UI - Test Cases'!A17:A4897,P19,'eSignet UI - Test Cases'!C17:C4897,"<>"&"",'eSignet UI - Test Cases'!I17:I4897,"Pass") -> 22 | S19: =COUNTIFS('eSignet UI - Test Cases'!A17:A4897,P19,'eSignet UI - Test Cases'!C17:C4897,"<>"&"",'eSignet UI - Test Cases'!I17:I4897,"Fail") -> 0 | T19: =Q19-R19-S19 -> 0 | X19: docker.io/mosipqa/config-server:1.1.2 | Y19: docker.io/mosipid/digital-card-service:1.2.0.1
K20: =IFERROR(__xludf.DUMMYFUNCTION("""COMPUTED_VALUE"""),"ES-1043") -> ES-1043 | L20: =COUNTIFS('eSignet API - Test Cases'!A18:A4490,K20,'eSignet API - Test Cases'!C18:C4490,"<>"&"") -> 41 | M20: =COUNTIFS('eSignet API - Test Cases'!A18:A4490,K20,'eSignet API - Test Cases'!C18:C4490,"<>"&"",'eSignet API - Test Cases'!I18:I4490,"Pass") -> 41 | N20: =COUNTIFS('eSignet API - Test Cases'!A18:A4490,K20,'eSignet API - Test Cases'!C18:C4490,"<>"&"",'eSignet API - Test Cases'!I18:I4490,"Fail") -> 0 | O20: =L20-M20-N20 -> 0 | P20: =IFERROR(__xludf.DUMMYFUNCTION("""COMPUTED_VALUE"""),"ES-36") -> ES-36 | Q20: =COUNTIFS('eSignet UI - Test Cases'!A18:A4898,P20,'eSignet UI - Test Cases'!C18:C4898,"<>"&"") -> 4 | R20: =COUNTIFS('eSignet UI - Test Cases'!A18:A4898,P20,'eSignet UI - Test Cases'!C18:C4898,"<>"&"",'eSignet UI - Test Cases'!I18:I4898,"Pass") -> 4 | S20: =COUNTIFS('eSignet UI - Test Cases'!A18:A4898,P20,'eSignet UI - Test Cases'!C18:C4898,"<>"&"",'eSignet UI - Test Cases'!I18:I4898,"Fail") -> 0 | T20: =Q20-R20-S20 -> 0 | X20: docker.io/mosipqa/esignet-with-plugins:1.7.x | Y20: docker.io/mosipid/dsl-orchestrator:1.2.1.0
K21: =IFERROR(__xludf.DUMMYFUNCTION("""COMPUTED_VALUE"""),"ES-1066") -> ES-1066 | L21: =COUNTIFS('eSignet API - Test Cases'!A19:A4491,K21,'eSignet API - Test Cases'!C19:C4491,"<>"&"") -> 82 | M21: =COUNTIFS('eSignet API - Test Cases'!A19:A4491,K21,'eSignet API - Test Cases'!C19:C4491,"<>"&"",'eSignet API - Test Cases'!I19:I4491,"Pass") -> 59 | N21: =COUNTIFS('eSignet API - Test Cases'!A19:A4491,K21,'eSignet API - Test Cases'!C19:C4491,"<>"&"",'eSignet API - Test Cases'!I19:I4491,"Fail") -> 1 | O21: =L21-M21-N21 -> 22 | P21: =IFERROR(__xludf.DUMMYFUNCTION("""COMPUTED_VALUE"""),"ES-97") -> ES-97 | Q21: =COUNTIFS('eSignet UI - Test Cases'!A19:A4899,P21,'eSignet UI - Test Cases'!C19:C4899,"<>"&"") -> 19 | R21: =COUNTIFS('eSignet UI - Test Cases'!A19:A4899,P21,'eSignet UI - Test Cases'!C19:C4899,"<>"&"",'eSignet UI - Test Cases'!I19:I4899,"Pass") -> 19 | S21: =COUNTIFS('eSignet UI - Test Cases'!A19:A4899,P21,'eSignet UI - Test Cases'!C19:C4899,"<>"&"",'eSignet UI - Test Cases'!I19:I4899,"Fail") -> 0 | T21: =Q21-R21-S21 -> 0 | X21: docker.io/mosipqa/keycloak-init:develop | Y21: docker.io/mosipid/dsl-packetcreator:1.2.0.1
K22: =IFERROR(__xludf.DUMMYFUNCTION("""COMPUTED_VALUE"""),"ES-1373") -> ES-1373 | L22: =COUNTIFS('eSignet API - Test Cases'!A20:A4492,K22,'eSignet API - Test Cases'!C20:C4492,"<>"&"") -> 25 | M22: =COUNTIFS('eSignet API - Test Cases'!A20:A4492,K22,'eSignet API - Test Cases'!C20:C4492,"<>"&"",'eSignet API - Test Cases'!I20:I4492,"Pass") -> 23 | N22: =COUNTIFS('eSignet API - Test Cases'!A20:A4492,K22,'eSignet API - Test Cases'!C20:C4492,"<>"&"",'eSignet API - Test Cases'!I20:I4492,"Fail") -> 1 | O22: =L22-M22-N22 -> 1 | P22: =IFERROR(__xludf.DUMMYFUNCTION("""COMPUTED_VALUE"""),"ES-124") -> ES-124 | Q22: =COUNTIFS('eSignet UI - Test Cases'!A20:A4900,P22,'eSignet UI - Test Cases'!C20:C4900,"<>"&"") -> 6 | R22: =COUNTIFS('eSignet UI - Test Cases'!A20:A4900,P22,'eSignet UI - Test Cases'!C20:C4900,"<>"&"",'eSignet UI - Test Cases'!I20:I4900,"Pass") -> 6 | S22: =COUNTIFS('eSignet UI - Test Cases'!A20:A4900,P22,'eSignet UI - Test Cases'!C20:C4900,"<>"&"",'eSignet UI - Test Cases'!I20:I4900,"Fail") -> 0 | T22: =Q22-R22-S22 -> 0 | X22: docker.io/mosipqa/mock-identity-system:0.12.x | Y22: docker.io/mosipid/dsl-packetcreator:1.2.1.0
K23: =IFERROR(__xludf.DUMMYFUNCTION("""COMPUTED_VALUE"""),"ES-1065") -> ES-1065 | L23: =COUNTIFS('eSignet API - Test Cases'!A21:A4493,K23,'eSignet API - Test Cases'!C21:C4493,"<>"&"") -> 61 | M23: =COUNTIFS('eSignet API - Test Cases'!A21:A4493,K23,'eSignet API - Test Cases'!C21:C4493,"<>"&"",'eSignet API - Test Cases'!I21:I4493,"Pass") -> 59 | N23: =COUNTIFS('eSignet API - Test Cases'!A21:A4493,K23,'eSignet API - Test Cases'!C21:C4493,"<>"&"",'eSignet API - Test Cases'!I21:I4493,"Fail") -> 0 | O23: =L23-M23-N23 -> 2 | P23: =IFERROR(__xludf.DUMMYFUNCTION("""COMPUTED_VALUE"""),"MOSIP-26238") -> MOSIP-26238 | Q23: =COUNTIFS('eSignet UI - Test Cases'!A21:A4901,P23,'eSignet UI - Test Cases'!C21:C4901,"<>"&"") -> 5 | R23: =COUNTIFS('eSignet UI - Test Cases'!A21:A4901,P23,'eSignet UI - Test Cases'!C21:C4901,"<>"&"",'eSignet UI - Test Cases'!I21:I4901,"Pass") -> 5 | S23: =COUNTIFS('eSignet UI - Test Cases'!A21:A4901,P23,'eSignet UI - Test Cases'!C21:C4901,"<>"&"",'eSignet UI - Test Cases'!I21:I4901,"Fail") -> 0 | T23: =Q23-R23-S23 -> 0 | X23: docker.io/mosipqa/mock-relying-party-service:0.12.x | Y23: docker.io/mosipid/esignet:1.4.1
K24: =IFERROR(__xludf.DUMMYFUNCTION("""COMPUTED_VALUE"""),"ES-1784") -> ES-1784 | L24: =COUNTIFS('eSignet API - Test Cases'!A22:A4494,K24,'eSignet API - Test Cases'!C22:C4494,"<>"&"") -> 67 | M24: =COUNTIFS('eSignet API - Test Cases'!A22:A4494,K24,'eSignet API - Test Cases'!C22:C4494,"<>"&"",'eSignet API - Test Cases'!I22:I4494,"Pass") -> 67 | N24: =COUNTIFS('eSignet API - Test Cases'!A22:A4494,K24,'eSignet API - Test Cases'!C22:C4494,"<>"&"",'eSignet API - Test Cases'!I22:I4494,"Fail") -> 0 | O24: =L24-M24-N24 -> 0 | P24: =IFERROR(__xludf.DUMMYFUNCTION("""COMPUTED_VALUE"""),"ES-35") -> ES-35 | Q24: =COUNTIFS('eSignet UI - Test Cases'!A22:A4902,P24,'eSignet UI - Test Cases'!C22:C4902,"<>"&"") -> 3 | R24: =COUNTIFS('eSignet UI - Test Cases'!A22:A4902,P24,'eSignet UI - Test Cases'!C22:C4902,"<>"&"",'eSignet UI - Test Cases'!I22:I4902,"Pass") -> 3 | S24: =COUNTIFS('eSignet UI - Test Cases'!A22:A4902,P24,'eSignet UI - Test Cases'!C22:C4902,"<>"&"",'eSignet UI - Test Cases'!I22:I4902,"Fail") -> 0 | T24: =Q24-R24-S24 -> 0 | X24: docker.io/mosipqa/mock-relying-party-ui:0.12.x | Y24: docker.io/mosipid/kernel-auditmanager-service:1.2.0.1
K25: =IFERROR(__xludf.DUMMYFUNCTION("""COMPUTED_VALUE"""),"ES-1794") -> ES-1794 | L25: =COUNTIFS('eSignet API - Test Cases'!A23:A4495,K25,'eSignet API - Test Cases'!C23:C4495,"<>"&"") -> 16 | M25: =COUNTIFS('eSignet API - Test Cases'!A23:A4495,K25,'eSignet API - Test Cases'!C23:C4495,"<>"&"",'eSignet API - Test Cases'!I23:I4495,"Pass") -> 15 | N25: =COUNTIFS('eSignet API - Test Cases'!A23:A4495,K25,'eSignet API - Test Cases'!C23:C4495,"<>"&"",'eSignet API - Test Cases'!I23:I4495,"Fail") -> 0 | O25: =L25-M25-N25 -> 1 | P25: =IFERROR(__xludf.DUMMYFUNCTION("""COMPUTED_VALUE"""),"ES-206") -> ES-206 | Q25: =COUNTIFS('eSignet UI - Test Cases'!A23:A4903,P25,'eSignet UI - Test Cases'!C23:C4903,"<>"&"") -> 16 | R25: =COUNTIFS('eSignet UI - Test Cases'!A23:A4903,P25,'eSignet UI - Test Cases'!C23:C4903,"<>"&"",'eSignet UI - Test Cases'!I23:I4903,"Pass") -> 16 | S25: =COUNTIFS('eSignet UI - Test Cases'!A23:A4903,P25,'eSignet UI - Test Cases'!C23:C4903,"<>"&"",'eSignet UI - Test Cases'!I23:I4903,"Fail") -> 0 | T25: =Q25-R25-S25 -> 0 | X25: docker.io/mosipqa/oidc-ui:1.7.x | Y25: docker.io/mosipid/kernel-auth-service:1.2.0.1
K26: =IFERROR(__xludf.DUMMYFUNCTION("""COMPUTED_VALUE"""),"ES-1064") -> ES-1064 | L26: =COUNTIFS('eSignet API - Test Cases'!A24:A4496,K26,'eSignet API - Test Cases'!C24:C4496,"<>"&"") -> 51 | M26: =COUNTIFS('eSignet API - Test Cases'!A24:A4496,K26,'eSignet API - Test Cases'!C24:C4496,"<>"&"",'eSignet API - Test Cases'!I24:I4496,"Pass") -> 51 | N26: =COUNTIFS('eSignet API - Test Cases'!A24:A4496,K26,'eSignet API - Test Cases'!C24:C4496,"<>"&"",'eSignet API - Test Cases'!I24:I4496,"Fail") -> 0 | P26: =IFERROR(__xludf.DUMMYFUNCTION("""COMPUTED_VALUE"""),"ES-21") -> ES-21 | Q26: =COUNTIFS('eSignet UI - Test Cases'!A24:A4904,P26,'eSignet UI - Test Cases'!C24:C4904,"<>"&"") -> 4 | R26: =COUNTIFS('eSignet UI - Test Cases'!A24:A4904,P26,'eSignet UI - Test Cases'!C24:C4904,"<>"&"",'eSignet UI - Test Cases'!I24:I4904,"Pass") -> 4 | S26: =COUNTIFS('eSignet UI - Test Cases'!A24:A4904,P26,'eSignet UI - Test Cases'!C24:C4904,"<>"&"",'eSignet UI - Test Cases'!I24:I4904,"Fail") -> 0 | T26: =Q26-R26-S26 -> 0 | X26: docker.io/mosipqa/postgres-init:develop | Y26: docker.io/mosipid/kernel-idgenerator-service:1.2.0.1
K27: =IFERROR(__xludf.DUMMYFUNCTION("""COMPUTED_VALUE"""),"ES-1033") -> ES-1033 | L27: =COUNTIFS('eSignet API - Test Cases'!A25:A4497,K27,'eSignet API - Test Cases'!C25:C4497,"<>"&"") -> 53 | M27: =COUNTIFS('eSignet API - Test Cases'!A25:A4497,K27,'eSignet API - Test Cases'!C25:C4497,"<>"&"",'eSignet API - Test Cases'!I25:I4497,"Pass") -> 52 | N27: =COUNTIFS('eSignet API - Test Cases'!A25:A4497,K27,'eSignet API - Test Cases'!C25:C4497,"<>"&"",'eSignet API - Test Cases'!I25:I4497,"Fail") -> 1 | O27: =L27-M27-N27 -> 0 | P27: =IFERROR(__xludf.DUMMYFUNCTION("""COMPUTED_VALUE"""),"ES-254") -> ES-254 | Q27: =COUNTIFS('eSignet UI - Test Cases'!A25:A4905,P27,'eSignet UI - Test Cases'!C25:C4905,"<>"&"") -> 7 | R27: =COUNTIFS('eSignet UI - Test Cases'!A25:A4905,P27,'eSignet UI - Test Cases'!C25:C4905,"<>"&"",'eSignet UI - Test Cases'!I25:I4905,"Pass") -> 7 | S27: =COUNTIFS('eSignet UI - Test Cases'!A25:A4905,P27,'eSignet UI - Test Cases'!C25:C4905,"<>"&"",'eSignet UI - Test Cases'!I25:I4905,"Fail") -> 0 | T27: =Q27-R27-S27 -> 0 | X27: docker.io/mosipqa/signup-ui:1.3.x | Y27: docker.io/mosipid/kernel-keymanager-service:1.2.1.0
K28: =IFERROR(__xludf.DUMMYFUNCTION("""COMPUTED_VALUE"""),"ES-2280") -> ES-2280 | L28: =COUNTIFS('eSignet API - Test Cases'!A26:A4498,K28,'eSignet API - Test Cases'!C26:C4498,"<>"&"") -> 9 | M28: =COUNTIFS('eSignet API - Test Cases'!A26:A4498,K28,'eSignet API - Test Cases'!C26:C4498,"<>"&"",'eSignet API - Test Cases'!I26:I4498,"Pass") -> 0 | N28: =COUNTIFS('eSignet API - Test Cases'!A26:A4498,K28,'eSignet API - Test Cases'!C26:C4498,"<>"&"",'eSignet API - Test Cases'!I26:I4498,"Fail") -> 0 | O28: =L28-M28-N28 -> 9 | P28: =IFERROR(__xludf.DUMMYFUNCTION("""COMPUTED_VALUE"""),"ES-501") -> ES-501 | Q28: =COUNTIFS('eSignet UI - Test Cases'!A26:A4906,P28,'eSignet UI - Test Cases'!C26:C4906,"<>"&"") -> 34 | R28: =COUNTIFS('eSignet UI - Test Cases'!A26:A4906,P28,'eSignet UI - Test Cases'!C26:C4906,"<>"&"",'eSignet UI - Test Cases'!I26:I4906,"Pass") -> 34 | S28: =COUNTIFS('eSignet UI - Test Cases'!A26:A4906,P28,'eSignet UI - Test Cases'!C26:C4906,"<>"&"",'eSignet UI - Test Cases'!I26:I4906,"Fail") -> 0 | T28: =Q28-R28-S28 -> 0 | X28: docker.io/mosipqa/signup-with-plugins:1.3.x | Y28: docker.io/mosipid/kernel-notification-service:1.2.0.1
K29: =IFERROR(__xludf.DUMMYFUNCTION("""COMPUTED_VALUE"""),"ES-1655") -> ES-1655 | L29: =COUNTIFS('eSignet API - Test Cases'!A27:A4499,K29,'eSignet API - Test Cases'!C27:C4499,"<>"&"") -> 72 | M29: =COUNTIFS('eSignet API - Test Cases'!A27:A4499,K29,'eSignet API - Test Cases'!C27:C4499,"<>"&"",'eSignet API - Test Cases'!I27:I4499,"Pass") -> 71 | N29: =COUNTIFS('eSignet API - Test Cases'!A27:A4499,K29,'eSignet API - Test Cases'!C27:C4499,"<>"&"",'eSignet API - Test Cases'!I27:I4499,"Fail") -> 1 | O29: =L29-M29-N29 -> 0 | P29: =IFERROR(__xludf.DUMMYFUNCTION("""COMPUTED_VALUE"""),"ES-1115") -> ES-1115 | Q29: =COUNTIFS('eSignet UI - Test Cases'!A27:A4907,P29,'eSignet UI - Test Cases'!C27:C4907,"<>"&"") -> 34 | R29: =COUNTIFS('eSignet UI - Test Cases'!A27:A4907,P29,'eSignet UI - Test Cases'!C27:C4907,"<>"&"",'eSignet UI - Test Cases'!I27:I4907,"Pass") -> 32 | S29: =COUNTIFS('eSignet UI - Test Cases'!A27:A4907,P29,'eSignet UI - Test Cases'!C27:C4907,"<>"&"",'eSignet UI - Test Cases'!I27:I4907,"Fail") -> 2 | T29: =Q29-R29-S29 -> 0 | X29: mosipqa/apitest-esignet:1.7.x | Y29: docker.io/mosipid/kernel-otpmanager-service:1.2.0.1
K30: =IFERROR(__xludf.DUMMYFUNCTION("""COMPUTED_VALUE"""),"ES-2379") -> ES-2379 | L30: =COUNTIFS('eSignet API - Test Cases'!A28:A4500,K30,'eSignet API - Test Cases'!C28:C4500,"<>"&"") -> 2 | M30: =COUNTIFS('eSignet API - Test Cases'!A28:A4500,K30,'eSignet API - Test Cases'!C28:C4500,"<>"&"",'eSignet API - Test Cases'!I28:I4500,"Pass") -> 2 | N30: =COUNTIFS('eSignet API - Test Cases'!A28:A4500,K30,'eSignet API - Test Cases'!C28:C4500,"<>"&"",'eSignet API - Test Cases'!I28:I4500,"Fail") -> 0 | O30: =L30-M30-N30 -> 0 | P30: =IFERROR(__xludf.DUMMYFUNCTION("""COMPUTED_VALUE"""),"ES-808") -> ES-808 | Q30: =COUNTIFS('eSignet UI - Test Cases'!A28:A4908,P30,'eSignet UI - Test Cases'!C28:C4908,"<>"&"") -> 18 | R30: =COUNTIFS('eSignet UI - Test Cases'!A28:A4908,P30,'eSignet UI - Test Cases'!C28:C4908,"<>"&"",'eSignet UI - Test Cases'!I28:I4908,"Pass") -> 18 | S30: =COUNTIFS('eSignet UI - Test Cases'!A28:A4908,P30,'eSignet UI - Test Cases'!C28:C4908,"<>"&"",'eSignet UI - Test Cases'!I28:I4908,"Fail") -> 0 | T30: =Q30-R30-S30 -> 0 | X30: mosipqa/apitest-esignet-signup:1.3.x | Y30: docker.io/mosipid/kernel-pridgenerator-service:1.2.0.1
K31: =IFERROR(__xludf.DUMMYFUNCTION("""COMPUTED_VALUE"""),"ES-2297") -> ES-2297 | L31: =COUNTIFS('eSignet API - Test Cases'!A29:A4501,K31,'eSignet API - Test Cases'!C29:C4501,"<>"&"") -> 58 | M31: =COUNTIFS('eSignet API - Test Cases'!A29:A4501,K31,'eSignet API - Test Cases'!C29:C4501,"<>"&"",'eSignet API - Test Cases'!I29:I4501,"Pass") -> 52 | N31: =COUNTIFS('eSignet API - Test Cases'!A29:A4501,K31,'eSignet API - Test Cases'!C29:C4501,"<>"&"",'eSignet API - Test Cases'!I29:I4501,"Fail") -> 6 | O31: =L31-M31-N31 -> 0 | P31: =IFERROR(__xludf.DUMMYFUNCTION("""COMPUTED_VALUE"""),"ES-993") -> ES-993 | Q31: =COUNTIFS('eSignet UI - Test Cases'!A29:A4909,P31,'eSignet UI - Test Cases'!C29:C4909,"<>"&"") -> 36 | R31: =COUNTIFS('eSignet UI - Test Cases'!A29:A4909,P31,'eSignet UI - Test Cases'!C29:C4909,"<>"&"",'eSignet UI - Test Cases'!I29:I4909,"Pass") -> 36 | S31: =COUNTIFS('eSignet UI - Test Cases'!A29:A4909,P31,'eSignet UI - Test Cases'!C29:C4909,"<>"&"",'eSignet UI - Test Cases'!I29:I4909,"Fail") -> 0 | T31: =Q31-R31-S31 -> 0 | X31: mosipid/keycloak-init:1.2.0.1 | Y31: docker.io/mosipid/kernel-ridgenerator-service:1.2.0.1
K32: =IFERROR(__xludf.DUMMYFUNCTION("""COMPUTED_VALUE"""),"ES-2333") -> ES-2333 | L32: =COUNTIFS('eSignet API - Test Cases'!A30:A4502,K32,'eSignet API - Test Cases'!C30:C4502,"<>"&"") -> 24 | M32: =COUNTIFS('eSignet API - Test Cases'!A30:A4502,K32,'eSignet API - Test Cases'!C30:C4502,"<>"&"",'eSignet API - Test Cases'!I30:I4502,"Pass") -> 22 | N32: =COUNTIFS('eSignet API - Test Cases'!A30:A4502,K32,'eSignet API - Test Cases'!C30:C4502,"<>"&"",'eSignet API - Test Cases'!I30:I4502,"Fail") -> 2 | O32: =L32-M32-N32 -> 0 | P32: =IFERROR(__xludf.DUMMYFUNCTION("""COMPUTED_VALUE"""),"ES-958") -> ES-958 | Q32: =COUNTIFS('eSignet UI - Test Cases'!A30:A4910,P32,'eSignet UI - Test Cases'!C30:C4910,"<>"&"") -> 35 | R32: =COUNTIFS('eSignet UI - Test Cases'!A30:A4910,P32,'eSignet UI - Test Cases'!C30:C4910,"<>"&"",'eSignet UI - Test Cases'!I30:I4910,"Pass") -> 35 | S32: =COUNTIFS('eSignet UI - Test Cases'!A30:A4910,P32,'eSignet UI - Test Cases'!C30:C4910,"<>"&"",'eSignet UI - Test Cases'!I30:I4910,"Fail") -> 0 | T32: =Q32-R32-S32 -> 0 | X32: mosipid/softhsm:v2 | Y32: docker.io/mosipid/keycloak-init:1.2.0.1
K33: =IFERROR(__xludf.DUMMYFUNCTION("""COMPUTED_VALUE"""),"ES-2589") -> ES-2589 | L33: =COUNTIFS('eSignet API - Test Cases'!A31:A4503,K33,'eSignet API - Test Cases'!C31:C4503,"<>"&"") -> 38 | M33: =COUNTIFS('eSignet API - Test Cases'!A31:A4503,K33,'eSignet API - Test Cases'!C31:C4503,"<>"&"",'eSignet API - Test Cases'!I31:I4503,"Pass") -> 35 | N33: =COUNTIFS('eSignet API - Test Cases'!A31:A4503,K33,'eSignet API - Test Cases'!C31:C4503,"<>"&"",'eSignet API - Test Cases'!I31:I4503,"Fail") -> 3 | O33: =L33-M33-N33 -> 0 | P33: =IFERROR(__xludf.DUMMYFUNCTION("""COMPUTED_VALUE"""),"ES-983") -> ES-983 | Q33: =COUNTIFS('eSignet UI - Test Cases'!A31:A4911,P33,'eSignet UI - Test Cases'!C31:C4911,"<>"&"") -> 29 | R33: =COUNTIFS('eSignet UI - Test Cases'!A31:A4911,P33,'eSignet UI - Test Cases'!C31:C4911,"<>"&"",'eSignet UI - Test Cases'!I31:I4911,"Pass") -> 29 | S33: =COUNTIFS('eSignet UI - Test Cases'!A31:A4911,P33,'eSignet UI - Test Cases'!C31:C4911,"<>"&"",'eSignet UI - Test Cases'!I31:I4911,"Fail") -> 0 | T33: =Q33-R33-S33 -> 0 | X33: mosipqa/apitest-esignet-signup:1.3.x | Y33: docker.io/mosipid/keys-generator:1.3.0-beta.2
K34: =IFERROR(__xludf.DUMMYFUNCTION("""COMPUTED_VALUE"""),"ES-2296") -> ES-2296 | L34: =COUNTIFS('eSignet API - Test Cases'!A32:A4504,K34,'eSignet API - Test Cases'!C32:C4504,"<>"&"") -> 53 | M34: =COUNTIFS('eSignet API - Test Cases'!A32:A4504,K34,'eSignet API - Test Cases'!C32:C4504,"<>"&"",'eSignet API - Test Cases'!I32:I4504,"Pass") -> 53 | N34: =COUNTIFS('eSignet API - Test Cases'!A32:A4504,K34,'eSignet API - Test Cases'!C32:C4504,"<>"&"",'eSignet API - Test Cases'!I32:I4504,"Fail") -> 0 | O34: =L34-M34-N34 -> 0 | P34: =IFERROR(__xludf.DUMMYFUNCTION("""COMPUTED_VALUE"""),"ES-675") -> ES-675 | Q34: =COUNTIFS('eSignet UI - Test Cases'!A32:A4912,P34,'eSignet UI - Test Cases'!C32:C4912,"<>"&"") -> 37 | R34: =COUNTIFS('eSignet UI - Test Cases'!A32:A4912,P34,'eSignet UI - Test Cases'!C32:C4912,"<>"&"",'eSignet UI - Test Cases'!I32:I4912,"Pass") -> 37 | S34: =COUNTIFS('eSignet UI - Test Cases'!A32:A4912,P34,'eSignet UI - Test Cases'!C32:C4912,"<>"&"",'eSignet UI - Test Cases'!I32:I4912,"Fail") -> 0 | T34: =Q34-R34-S34 -> 0 | X34: mosipqa/apitest-esignet:1.7.x | Y34: docker.io/mosipid/mimoto:0.13.0
M35: =COUNTIFS('eSignet API - Test Cases'!A48:A1520,K35,'eSignet API - Test Cases'!C48:C1520,"<>"&"",'eSignet API - Test Cases'!I48:I1520,"Pass") -> 0 | N35: =COUNTIFS('eSignet API - Test Cases'!A33:A4505,K35,'eSignet API - Test Cases'!C33:C4505,"<>"&"",'eSignet API - Test Cases'!I33:I4505,"Fail") -> 0 | O35: =L35-M35-N35 -> 0 | P35: =IFERROR(__xludf.DUMMYFUNCTION("""COMPUTED_VALUE"""),"ES-676") -> ES-676 | Q35: =COUNTIFS('eSignet UI - Test Cases'!A33:A4913,P35,'eSignet UI - Test Cases'!C33:C4913,"<>"&"") -> 2 | R35: =COUNTIFS('eSignet UI - Test Cases'!A33:A4913,P35,'eSignet UI - Test Cases'!C33:C4913,"<>"&"",'eSignet UI - Test Cases'!I33:I4913,"Pass") -> 2 | S35: =COUNTIFS('eSignet UI - Test Cases'!A33:A4913,P35,'eSignet UI - Test Cases'!C33:C4913,"<>"&"",'eSignet UI - Test Cases'!I33:I4913,"Fail") -> 0 | T35: =Q35-R35-S35 -> 0 | X35: mosipqa/config-server:1.1.2 | Y35: docker.io/mosipid/mimoto:0.19.2
M36: =COUNTIFS('eSignet API - Test Cases'!A50:A1522,K36,'eSignet API - Test Cases'!C50:C1522,"<>"&"",'eSignet API - Test Cases'!I50:I1522,"Pass") -> 0 | N36: =COUNTIFS('eSignet API - Test Cases'!A34:A4506,K36,'eSignet API - Test Cases'!C34:C4506,"<>"&"",'eSignet API - Test Cases'!I34:I4506,"Fail") -> 0 | O36: =L36-M36-N36 -> 0 | P36: =IFERROR(__xludf.DUMMYFUNCTION("""COMPUTED_VALUE"""),"ES-1013") -> ES-1013 | Q36: =COUNTIFS('eSignet UI - Test Cases'!A34:A4914,P36,'eSignet UI - Test Cases'!C34:C4914,"<>"&"") -> 33 | R36: =COUNTIFS('eSignet UI - Test Cases'!A34:A4914,P36,'eSignet UI - Test Cases'!C34:C4914,"<>"&"",'eSignet UI - Test Cases'!I34:I4914,"Pass") -> 33 | S36: =COUNTIFS('eSignet UI - Test Cases'!A34:A4914,P36,'eSignet UI - Test Cases'!C34:C4914,"<>"&"",'eSignet UI - Test Cases'!I34:I4914,"Fail") -> 0 | T36: =Q36-R36-S36 -> 0 | X36: mosipqa/keycloak-init:develop | Y36: docker.io/mosipid/mock-abis:1.2.0.1
N37: =COUNTIFS('eSignet API - Test Cases'!A35:A4507,K37,'eSignet API - Test Cases'!C35:C4507,"<>"&"",'eSignet API - Test Cases'!I35:I4507,"Fail") -> 0 | P37: =IFERROR(__xludf.DUMMYFUNCTION("""COMPUTED_VALUE"""),"ES-1260") -> ES-1260 | Q37: =COUNTIFS('eSignet UI - Test Cases'!A35:A4915,P37,'eSignet UI - Test Cases'!C35:C4915,"<>"&"") -> 27 | R37: =COUNTIFS('eSignet UI - Test Cases'!A35:A4915,P37,'eSignet UI - Test Cases'!C35:C4915,"<>"&"",'eSignet UI - Test Cases'!I35:I4915,"Pass") -> 27 | S37: =COUNTIFS('eSignet UI - Test Cases'!A35:A4915,P37,'eSignet UI - Test Cases'!C35:C4915,"<>"&"",'eSignet UI - Test Cases'!I35:I4915,"Fail") -> 0 | T37: =Q37-R37-S37 -> 0 | X37: mosipqa/postgres-init:develop | Y37: docker.io/mosipid/mock-identity-system:0.9.3
N38: =COUNTIFS('eSignet API - Test Cases'!A36:A4508,K38,'eSignet API - Test Cases'!C36:C4508,"<>"&"",'eSignet API - Test Cases'!I36:I4508,"Fail") -> 0 | P38: =IFERROR(__xludf.DUMMYFUNCTION("""COMPUTED_VALUE"""),"ES-973") -> ES-973 | Q38: =COUNTIFS('eSignet UI - Test Cases'!A36:A4916,P38,'eSignet UI - Test Cases'!C36:C4916,"<>"&"") -> 37 | R38: =COUNTIFS('eSignet UI - Test Cases'!A36:A4916,P38,'eSignet UI - Test Cases'!C36:C4916,"<>"&"",'eSignet UI - Test Cases'!I36:I4916,"Pass") -> 37 | S38: =COUNTIFS('eSignet UI - Test Cases'!A36:A4916,P38,'eSignet UI - Test Cases'!C36:C4916,"<>"&"",'eSignet UI - Test Cases'!I36:I4916,"Fail") -> 0 | T38: =Q38-R38-S38 -> 0 | Y38: docker.io/mosipid/mock-mv:1.2.0.1
N39: =COUNTIFS('eSignet API - Test Cases'!A37:A4509,K39,'eSignet API - Test Cases'!C37:C4509,"<>"&"",'eSignet API - Test Cases'!I37:I4509,"Fail") -> 0 | P39: =IFERROR(__xludf.DUMMYFUNCTION("""COMPUTED_VALUE"""),"ES-1003") -> ES-1003 | Q39: =COUNTIFS('eSignet UI - Test Cases'!A37:A4917,P39,'eSignet UI - Test Cases'!C37:C4917,"<>"&"") -> 23 | R39: =COUNTIFS('eSignet UI - Test Cases'!A37:A4917,P39,'eSignet UI - Test Cases'!C37:C4917,"<>"&"",'eSignet UI - Test Cases'!I37:I4917,"Pass") -> 15 | S39: =COUNTIFS('eSignet UI - Test Cases'!A37:A4917,P39,'eSignet UI - Test Cases'!C37:C4917,"<>"&"",'eSignet UI - Test Cases'!I37:I4917,"Fail") -> 8 | T39: =Q39-R39-S39 -> 0 | Y39: docker.io/mosipid/mock-relying-party-service:0.9.3
N40: =COUNTIFS('eSignet API - Test Cases'!A38:A4510,K40,'eSignet API - Test Cases'!C38:C4510,"<>"&"",'eSignet API - Test Cases'!I38:I4510,"Fail") -> 0 | P40: =IFERROR(__xludf.DUMMYFUNCTION("""COMPUTED_VALUE"""),"ES-1665") -> ES-1665 | Q40: =COUNTIFS('eSignet UI - Test Cases'!A38:A4918,P40,'eSignet UI - Test Cases'!C38:C4918,"<>"&"") -> 72 | R40: =COUNTIFS('eSignet UI - Test Cases'!A38:A4918,P40,'eSignet UI - Test Cases'!C38:C4918,"<>"&"",'eSignet UI - Test Cases'!I38:I4918,"Pass") -> 65 | S40: =COUNTIFS('eSignet UI - Test Cases'!A38:A4918,P40,'eSignet UI - Test Cases'!C38:C4918,"<>"&"",'eSignet UI - Test Cases'!I38:I4918,"Fail") -> 7 | T40: =Q40-R40-S40 -> 0 | Y40: docker.io/mosipid/mock-relying-party-ui:0.9.3
N41: =COUNTIFS('eSignet API - Test Cases'!A39:A4511,K41,'eSignet API - Test Cases'!C39:C4511,"<>"&"",'eSignet API - Test Cases'!I39:I4511,"Fail") -> 0 | P41: =IFERROR(__xludf.DUMMYFUNCTION("""COMPUTED_VALUE"""),"ES-1601") -> ES-1601 | Q41: =COUNTIFS('eSignet UI - Test Cases'!A39:A4919,P41,'eSignet UI - Test Cases'!C39:C4919,"<>"&"") -> 5 | R41: =COUNTIFS('eSignet UI - Test Cases'!A39:A4919,P41,'eSignet UI - Test Cases'!C39:C4919,"<>"&"",'eSignet UI - Test Cases'!I39:I4919,"Pass") -> 5 | S41: =COUNTIFS('eSignet UI - Test Cases'!A39:A4919,P41,'eSignet UI - Test Cases'!C39:C4919,"<>"&"",'eSignet UI - Test Cases'!I39:I4919,"Fail") -> 0 | T41: =Q41-R41-S41 -> 0 | Y41: docker.io/mosipid/mock-smtp:1.0.0
N42: =COUNTIFS('eSignet API - Test Cases'!A40:A4512,K42,'eSignet API - Test Cases'!C40:C4512,"<>"&"",'eSignet API - Test Cases'!I40:I4512,"Fail") -> 0 | P42: =IFERROR(__xludf.DUMMYFUNCTION("""COMPUTED_VALUE"""),"ES-216") -> ES-216 | Q42: =COUNTIFS('eSignet UI - Test Cases'!A40:A4920,P42,'eSignet UI - Test Cases'!C40:C4920,"<>"&"") -> 21 | R42: =COUNTIFS('eSignet UI - Test Cases'!A40:A4920,P42,'eSignet UI - Test Cases'!C40:C4920,"<>"&"",'eSignet UI - Test Cases'!I40:I4920,"Pass") -> 21 | S42: =COUNTIFS('eSignet UI - Test Cases'!A40:A4920,P42,'eSignet UI - Test Cases'!C40:C4920,"<>"&"",'eSignet UI - Test Cases'!I40:I4920,"Fail") -> 0 | T42: =Q42-R42-S42 -> 0 | Y42: docker.io/mosipid/mosip-file-server:1.2.0.1
N43: =COUNTIFS('eSignet API - Test Cases'!A41:A4513,K43,'eSignet API - Test Cases'!C41:C4513,"<>"&"",'eSignet API - Test Cases'!I41:I4513,"Fail") -> 0 | P43: =IFERROR(__xludf.DUMMYFUNCTION("""COMPUTED_VALUE"""),"MOSIP-40529") -> MOSIP-40529 | Q43: =COUNTIFS('eSignet UI - Test Cases'!A41:A4921,P43,'eSignet UI - Test Cases'!C41:C4921,"<>"&"") -> 94 | R43: =COUNTIFS('eSignet UI - Test Cases'!A41:A4921,P43,'eSignet UI - Test Cases'!C41:C4921,"<>"&"",'eSignet UI - Test Cases'!I41:I4921,"Pass") -> 94 | S43: =COUNTIFS('eSignet UI - Test Cases'!A41:A4921,P43,'eSignet UI - Test Cases'!C41:C4921,"<>"&"",'eSignet UI - Test Cases'!I41:I4921,"Fail") -> 0 | Y43: docker.io/mosipid/oidc-ui:1.4.1
P44: =IFERROR(__xludf.DUMMYFUNCTION("""COMPUTED_VALUE"""),"ES-2058") -> ES-2058 | Q44: =COUNTIFS('eSignet UI - Test Cases'!A42:A4922,P44,'eSignet UI - Test Cases'!C42:C4922,"<>"&"") -> 23 | R44: =COUNTIFS('eSignet UI - Test Cases'!A42:A4922,P44,'eSignet UI - Test Cases'!C42:C4922,"<>"&"",'eSignet UI - Test Cases'!I42:I4922,"Pass") -> 21 | S44: =COUNTIFS('eSignet UI - Test Cases'!A42:A4922,P44,'eSignet UI - Test Cases'!C42:C4922,"<>"&"",'eSignet UI - Test Cases'!I42:I4922,"Fail") -> 2 | Y44: docker.io/mosipid/partner-management-service:1.2.2.1
P45: =IFERROR(__xludf.DUMMYFUNCTION("""COMPUTED_VALUE"""),"ES-2429") -> ES-2429 | Q45: =COUNTIFS('eSignet UI - Test Cases'!A43:A4923,P45,'eSignet UI - Test Cases'!C43:C4923,"<>"&"") -> 15 | R45: =COUNTIFS('eSignet UI - Test Cases'!A43:A4923,P45,'eSignet UI - Test Cases'!C43:C4923,"<>"&"",'eSignet UI - Test Cases'!I43:I4923,"Pass") -> 12 | S45: =COUNTIFS('eSignet UI - Test Cases'!A43:A4923,P45,'eSignet UI - Test Cases'!C43:C4923,"<>"&"",'eSignet UI - Test Cases'!I43:I4923,"Fail") -> 3 | Y45: docker.io/mosipid/partner-onboarder:1.2.0.1
P46: =IFERROR(__xludf.DUMMYFUNCTION("""COMPUTED_VALUE"""),"ES-1644") -> ES-1644 | Q46: =COUNTIFS('eSignet UI - Test Cases'!A44:A4924,P46,'eSignet UI - Test Cases'!C44:C4924,"<>"&"") -> 47 | R46: =COUNTIFS('eSignet UI - Test Cases'!A44:A4924,P46,'eSignet UI - Test Cases'!C44:C4924,"<>"&"",'eSignet UI - Test Cases'!I44:I4924,"Pass") -> 47 | S46: =COUNTIFS('eSignet UI - Test Cases'!A44:A4924,P46,'eSignet UI - Test Cases'!C44:C4924,"<>"&"",'eSignet UI - Test Cases'!I44:I4924,"Fail") -> 0 | Y46: docker.io/mosipid/pmp-revamp-ui:1.2.2.1
R47: =COUNTIFS('eSignet UI - Test Cases'!A45:A4925,P47,'eSignet UI - Test Cases'!C45:C4925,"<>"&"",'eSignet UI - Test Cases'!I45:I4925,"Pass") -> 0 | S47: =COUNTIFS('eSignet UI - Test Cases'!A45:A4925,P47,'eSignet UI - Test Cases'!C45:C4925,"<>"&"",'eSignet UI - Test Cases'!I45:I4925,"Fail") -> 0 | Y47: docker.io/mosipid/policy-management-service:1.2.2.1
Y48: 1docker.io/mosipid/postgres-init:1.2.0.1
Y49: docker.io/mosipid/postgres-init:1.2.0.2
Y50: docker.io/mosipid/pre-registration-application-service:1.2.0.1
Y51: docker.io/mosipid/pre-registration-batchjob:1.2.0.1
Y52: docker.io/mosipid/pre-registration-booking-service:1.2.0.1
Y53: docker.io/mosipid/pre-registration-captcha-service:1.2.0.1
Y54: docker.io/mosipid/pre-registration-datasync-service:1.2.0.1
Y55: docker.io/mosipid/pre-registration-ui:1.2.0.1
Y56: docker.io/mosipid/print:1.2.0.1
Y57: docker.io/mosipid/registration-client:1.2.0.2
Y58: docker.io/mosipid/registration-processor-common-camel-bridge:1.2.1.1
Y59: docker.io/mosipid/registration-processor-dmz-packet-server:1.2.1.1
... Y124: 10 docker.io/mosipdev2/dsl-orchestrator:release-1.3.x

Sheet eSignet - API Testing
C2: MOSIP-CRE Env | D2: # Test Cases
D3: Total | E3: Failed | F3: Passed | G3: Skipped | H3: Ignored | I3: Known Issues
C4: eSignet | D4: 1273 | E4: 8 | F4: 1091 | G4: 8 | H4: 166 | I4: 0
C5: signup | D5: 665 | E5: 53 | F5: 405 | G5: 190 | H5: 17 | I5: 0
C7: Total | D7: =SUM(D4:D6) -> 1938 | E7: =SUM(E4:E6) -> 61 | F7: =SUM(F4:F6) -> 1496 | G7: =SUM(G4:G6) -> 198 | H7: =SUM(H4:H6) -> 183 | I7: 0
C10: MOSIP qa-base Env | D10: # Test Cases
D11: Total | E11: Failed | F11: Passed | G11: Skipped | H11: Ignored | I11: Known Issues
C12: eSignet | D12: 1273 | E12: 0 | F12: 1107 | G12: 0 | H12: 166 | I12: 0
C13: signup | D13: 665 | E13: 0 | F13: 648 | G13: 0 | H13: 17 | I13: 0
C15: Total | D15: =SUM(D12:D14) -> 1938 | E15: =SUM(E12:E14) -> 0 | F15: =SUM(F12:F14) -> 1755 | G15: =SUM(G12:G14) -> 0 | H15: =SUM(H12:H14) -> 183 | I15: 0
C18: Mock ID | D18: # Test Cases
D19: Total | E19: Failed | F19: Passed | G19: Skipped | H19: Ignored | I19: Known Issues
C20: eSignet | D20: 1273 | E20: 0 | F20: 729 | G20: 0 | H20: 544 | I20: 0
C21: signup | D21: 665 | E21: 0 | F21: 635 | G21: 0 | H21: 30 | I21: 0
C23: Total | D23: =SUM(D20:D22) -> 1938 | E23: =SUM(E20:E22) -> 0 | F23: =SUM(F20:F22) -> 1364 | G23: =SUM(G20:G22) -> 0 | H23: =SUM(H20:H22) -> 574 | I23: 0
C26: Sunbird | D26: # Test Cases
D27: Total | E27: Failed | F27: Passed | G27: Skipped | H27: Ignored | I27: Known Issues
C28: eSignet | D28: 1273 | E28: 0 | F28: 93 | G28: 0 | H28: 1180 | I28: 0
C30: Total | D30: 1273 | E30: =SUM(E28) -> 0 | F30: 93 | G30: =SUM(G28) -> 0 | H30: 1180 | I30: 0

Sheet eSignet API - Test Cases
A1: Story id | B1: Story Title | C1: TestCase_No | D1: pre requisite | E1: Feature | F1: Scenario | G1: Test case step | H1: Expected Result | I1: Mosipid_Test Result | J1: MockId_test results | K1: Remarks | L1: Automated | M1: status
A2: MOSIP-22715 | B2: IdP: Build new internal API for OIDC client creation and update | C2: TC_22715_01 | D2: Step 1: The resource owner wants the client to use the identity from the authorization server. Step 2: Client redirects the browser to the authorization server. Step 3: The authorization server redirects back to the client. Step 4: Client Accesses Protected data on Resource Server. | E2: Create OIDC Client | F2: Verify Relying party able to create OIDC client for itself from PMP | G2: 1.hit http://localhost:3000 /client-mgmt/oidc-client API. 2. Enter | H2: IDP should accept client registration request from PMP and client creation should happen in IDP | I2: Pass | L2: Yes
A3: MOSIP-22715 | B3: IdP: Build new internal API for OIDC client creation and update | C3: TC_22715_02 | F3: Verify One Relying party able to create multiple clients from PMP | G3: 1.hit http://localhost:3000 /client-mgmt/oidc-client API. 2. Enter Valid data in the client registration form and execute. | H3: IDP should accept client registration request and client creation should happen in IDP | I3: Pass | L3: Yes
A4: MOSIP-22715 | B4: IdP: Build new internal API for OIDC client creation and update | C4: TC_22715_03 | F4: Verify IDP should accept client registartion request from PMP only with valid authorization token i,e in the scope token should be "add_oidc_client". | G4: 1.hit http://localhost:3000 /client-mgmt/oidc-client API. 2. Enter Valid data in the client registration form and execute. | H4: IDP should accept client registration request from PMP and client creation should happen in IDP with ACTIVE status with valid authorization token. Note: Expected scope in the token is add_oidc_client. | I4: Pass | L4: Yes
A5: MOSIP-22715 | B5: IdP: Build new internal API for OIDC client creation and update | C5: TC_22715_04 | F5: Verify IDP shouldnot accept client registartion request from PMP with invalid authorization token i,e in the scope mention invalid token like"xyz". | G5: 1.hit http://localhost:3000 /client-mgmt/oidc-client API. 2. Enter Valid data in the client registration form and execute. | H5: IDP should not accept client registartion request from PMP and should throw 40Unauthorized error | I5: Pass | L5: Yes
A6: MOSIP-22715 | B6: IdP: Build new internal API for OIDC client creation and update | C6: TC_22715_05 | E6: Create OIDC Client request body validation | F6: check with valid OIDC client id (Case-Sensitive) as an input of clientId in the request body. Example: client id like "e-health-service" / it should be UID | G6: 1.hit http://localhost:3000 /client-mgmt/oidc-client API | H6: client id we have to get as UID | I6: Pass | L6: Yes
A7: MOSIP-22715 | B7: IdP: Build new internal API for OIDC client creation and update | C7: TC_22715_06 | F7: check with invalid OIDC client id as an input of clientId in the request body. Example: client id like "???><::}:" | G7: 1.hit http://localhost:3000 /client-mgmt/oidc-client API | H7: ErrorCodes we should get when we pass client id "invalid_client_id" | I7: Pass | L7: Yes
A8: MOSIP-22715 | B8: IdP: Build new internal API for OIDC client creation and update | C8: TC_22715_07 | F8: check with existing OIDC client id as an input of clientId in the request body. If duplicates found, request will be rejected. | G8: 1.hit http://localhost:3000 /client-mgmt/oidc-client API | H8: ErrorCodes we should get duplicate_client_id | I8: Pass | L8: Yes
A9: MOSIP-22715 | B9: IdP: Build new internal API for OIDC client creation and update | C9: TC_22715_08 | F9: check client id field value with the mentioned range (i,e >= characters <= 50 characters) | G9: 1.hit http://localhost:3000 /client-mgmt/oidc-client API | H9: client id should create with ACTIVE status | I9: Pass | L9: Yes
A10: MOSIP-22715 | B10: IdP: Build new internal API for OIDC client creation and update | C10: TC_22715_09 | F10: check with crossing the maximum characters in client id field(i,e >= characters <= 50 characters) | G10: 1.hit http://localhost:3000 /client-mgmt/oidc-client API | H10: it should give error as invalid_client_id | I10: Pass | L10: Yes
A11: MOSIP-22715 | B11: IdP: Build new internal API for OIDC client creation and update | C11: TC_22715_10 | F11: check Name of OIDC client comes in the below range >= characters <= 25character as an input of clientName in the request body. Example: Health Service | G11: 1.hit http://localhost:3000 /client-mgmt/oidc-client API | H11: client id should create with ACTIVE status | I11: Pass | L11: Yes
A12: MOSIP-22715 | B12: IdP: Build new internal API for OIDC client creation and update | C12: TC_22715_11 | F12: check Name of OIDC client exceed the below range >= characters <= 25character as an input of clientName in the request body. Example: Health Service | G12: 1.hit http://localhost:3000 /client-mgmt/oidc-client API | H12: it shouuld give error as invalid_client_name | I12: Pass | L12: Yes
A13: MOSIP-22715 | B13: IdP: Build new internal API for OIDC client creation and update | C13: TC_22715_12 | F13: check Name of OIDC client in case sensitive format as an input of clientName in the request body. | G13: 1.hit http://localhost:3000 /client-mgmt/oidc-client API | H13: client id should create with ACTIVE status | I13: Pass | L13: Yes
A14: MOSIP-22715 | B14: IdP: Build new internal API for OIDC client creation and update | C14: TC_22715_14 | F14: check once relying party is registed from PMS use the same id as relyingPartyId in Create OIDC Client request body. Note: This we can use further to fetch KYC from IDA servers. Example: bharathi-inc | G14: 1.hit http://localhost:3000 /client-mgmt/oidc-client API | H14: client id should create with ACTIVE status | I14: Pass | L14: Yes
A15: MOSIP-22715 | B15: IdP: Build new internal API for OIDC client creation and update | C15: TC_22715_15 | F15: check relying partyid should be in the below mentioned range >= characters <= 50 characters as an input of relyingpartyid in the request body. : Example:bharathi-inc | G15: 1.hit http://localhost:3000 /client-mgmt/oidc-client API | H15: client id should create with ACTIVE status | I15: Pass | L15: Yes
A16: MOSIP-22715 | B16: IdP: Build new internal API for OIDC client creation and update | C16: TC_22715_16 | F16: check relying partyid accepts alphanumeric as an input of relyingpartyid in the request body. | G16: 1.hit http://localhost:3000 /client-mgmt/oidc-client API | H16: it should accepts Alphanumeric for relying party | I16: Pass | L16: Yes
A17: MOSIP-22715 | B17: IdP: Build new internal API for OIDC client creation and update | C17: TC_22715_17 | F17: check with crossing the maximum characters of relying partyid should throw an error. | G17: 1.hit http://localhost:3000 /client-mgmt/oidc-client API | H17: it should give error as invalid_rp_id | I17: Pass | L17: Yes
A18: MOSIP-22715 | B18: IdP: Build new internal API for OIDC client creation and update | C18: TC_22715_18 | F18: check with invalid relying partyid which is not registered in the IDP server. | G18: 1.hit http://localhost:3000 /client-mgmt/oidc-client API | H18: it should give error as invalid_rp_id | I18: Pass | L18: N/A
... A42: MOSIP-22715 | B42: IdP: Build new internal API for OIDC client creation and update | C42: TC_22715_44 | F42: verify with invalid data passing in clientAuthMethods as an input provided in the request body | G42: 1.hit http://localhost:3000 /client-mgmt/oidc-client API | H42: error we should get like invalid_client_auth | I42: Pass | L42: Yes
A43: MOSIP-22715 | B43: IdP: Build new internal API for OIDC client creation and update | C43: TC_22715_45 | E43: Status of Client ID in the response body | F43: Creation of OIDC client is successfull , the status should get like ACTIVE in the response body | G43: 1.hit http://localhost:3000 /client-mgmt/oidc-client API | H43: status should be ACTIVE in the response | I43: Pass | L43: Yes
A44: MOSIP-22715 | B44: IdP: Build new internal API for OIDC client creation and update | C44: TC_22715_46 | E44: Update OIDC Client Endpoint | F44: Verify IDP should accept OIDC-Client update from PMP only with valid authorization token i,e in the scope token should be "update_oidc_client". Authentication & Authorization: Scope based. | G44: 1.Hit http://localhost:3000 /client-mgmt/oidc-client/{client_id} | H44: IDP should accept client registration request from PMP and client creation should happen in IDP | I44: Pass | L44: Yes
A45: MOSIP-22715 | B45: IdP: Build new internal API for OIDC client creation and update | C45: TC_22715_47 | F45: verify with invalid OIDC-Client id passing in the Update OIDC Client Endpoint | G45: 1.Hit http://localhost:3000 /client-mgmt/oidc-client/{client_id} | H45: Error we should get invalid_client_id | I45: Pass | L45: Yes
A46: MOSIP-22715 | B46: IdP: Build new internal API for OIDC client creation and update | C46: TC_22715_48 | F46: check with Authentication & Authorization: Scope based. | G46: 1.Hit http://localhost:3000 /client-mgmt/oidc-client/{client_id} | H46: IDP should accept client registration request from PMP and client creation should happen in IDP | I46: Pass | L46: Yes
A47: MOSIP-22715 | B47: IdP: Build new internal API for OIDC client creation and update | C47: TC_22715_50 | E47: Update OIDC Client request body validation | F47: check Name of OIDC client comes in the below range >= characters <= 25character as an input of clientName in the request body. Example: Health Service | G47: 1.Hit http://localhost:3000 /client-mgmt/oidc-client/{client_id} | H47: client id has to update with ACTIVE status | I47: Pass | L47: Yes
A48: MOSIP-22715 | B48: IdP: Build new internal API for OIDC client creation and update | C48: TC_22715_51 | F48: check Name of OIDC client exceed the below range >= characters <= 25character as an input of clientName in the request body. Example: Health Service | G48: 1.Hit http://localhost:3000 /client-mgmt/oidc-client/{client_id} | H48: error we should get invalid client name | I48: Pass | L48: Yes
A49: MOSIP-22715 | B49: IdP: Build new internal API for OIDC client creation and update | C49: TC_22715_52 | F49: Check Name of OIDC client in case sensitive format as an input of clientName in the request body. | G49: 1.Hit http://localhost:3000 /client-mgmt/oidc-client/{client_id} | H49: client id should create with ACTIVE status | I49: Pass | L49: Yes
A50: MOSIP-22715 | B50: IdP: Build new internal API for OIDC client creation and update | C50: TC_22715_54 | F50: The status allowed types like ACTIVE or INACTIVE as an input of status in the Update OIDC client request | G50: 1.Hit http://localhost:3000 /client-mgmt/oidc-client/{client_id} | H50: Status of the OIDC Client should update in IdP servers. | I50: Pass | L50: Yes
A51: MOSIP-22715 | B51: IdP: Build new internal API for OIDC client creation and update | C51: TC_22715_55 | F51: The status other than allowed types like ACTIVE or INACTIVE as an input of status in the Update OIDC client request | G51: 1.Hit http://localhost:3000 /client-mgmt/oidc-client/{client_id} | H51: error we should get and it should not update in the IDP server. | I51: Pass | L51: Yes
A52: MOSIP-22715 | B52: IdP: Build new internal API for OIDC client creation and update | C52: TC_22715_57 | F52: check Relying party logo URI which will used to display logo in OIDC login and consent pages as an input of logoUri in the request body. | G52: 1.Hit http://localhost:3000 /client-mgmt/oidc-client/{client_id} | H52: client id should create with ACTIVE status | I52: Pass | L52: Yes
A53: MOSIP-22715 | B53: IdP: Build new internal API for OIDC client creation and update | C53: TC_22715_58 | F53: check logoUri should be in the below mentioned >= characters <= 102characters as an input of logoUri in the request body. | G53: 1.Hit http://localhost:3000 /client-mgmt/oidc-client/{client_id} | H53: client id should create with ACTIVE status | I53: Pass | L53: Yes
A54: MOSIP-22715 | B54: IdP: Build new internal API for OIDC client creation and update | C54: TC_22715_59 | F54: check with crossing the maximum characters as an input of logoUri in the request body. | G54: 1.Hit http://localhost:3000 /client-mgmt/oidc-client/{client_id} | H54: error we should get invalid URI | I54: Pass | L54: Yes
A55: MOSIP-22715 | B55: IdP: Build new internal API for OIDC client creation and update | C55: TC_22715_60 | F55: Check by providing valid redirectUris in the request body. Note:Uri to where the response with authorization_code to be redirected. This will be cross verified with the redirect_uri query parameter sent in the authorize request. | G55: 1.Hit http://localhost:3000 /client-mgmt/oidc-client/{client_id} | H55: Client redirects the browser to the authorization server | I55: Pass | L55: Yes
A56: MOSIP-22715 | B56: IdP: Build new internal API for OIDC client creation and update | C56: TC_22715_61 | F56: chech by providing invalid redirectUris in the request body | G56: 1.Hit http://localhost:3000 /client-mgmt/oidc-client/{client_id} | H56: Error we should get invalid_redirect_uri | I56: Pass | L56: Yes
A57: MOSIP-22715 | B57: IdP: Build new internal API for OIDC client creation and update | C57: TC_22715_62 | F57: check only allowed user details can we provide as an input for userClaims Allowed values like below: "userClaims": [ "name", "given_name", "email", "gender", "birthdate", "phone_number", "profile_photo", "address", "locale", "individual_id" ] | G57: 1.Hit http://localhost:3000 /client-mgmt/oidc-client/{client_id} | H57: client id should create with ACTIVE status | I57: Pass | L57: Yes
A58: MOSIP-22715 | B58: IdP: Build new internal API for OIDC client creation and update | C58: TC_22715_63 | F58: check Allowed user info claims should be >= items | G58: 1.Hit http://localhost:3000 /client-mgmt/oidc-client/{client_id} | H58: client id should create with ACTIVE status | I58: Pass | L58: Yes
A59: MOSIP-22715 | B59: IdP: Build new internal API for OIDC client creation and update | C59: TC_22715_64 | F59: check with invalid allowed user details as an input of userClaims | G59: 1.Hit http://localhost:3000 /client-mgmt/oidc-client/{client_id} | H59: error we should get invalid_claim | I59: Pass | L59: Yes
... A71: MOSIP-22715 | B71: IdP: Build new internal API for OIDC client creation and update | C71: TC_22715_76 | F71: verify with invalid data passing in clientAuthMethods as an input provided in the request body | G71: 1.Hit http://localhost:3000 /client-mgmt/oidc-client/{client_id} | H71: error we should get like invalid_client_auth | I71: Pass | L71: Yes
A72: MOSIP-22717 | B72: IdP: Build new API for authorize and oauth-details | C72: TC_02 | D72: 1. Relying Party who wants to use openId authentication based login 2. Relying Party application should be registered as OIDC client in IDP 3.The Relying party application wants its user to sign in using mosip 4. Relying Party application redirect to the authorization Endpoint. | F72: Verify response once authorization endpoint is redirected | G72: Hit the below url with valid/invalid query parameters: https://idp.qa-121.mosip.net/authorize OR, https://idp.qa-121.mosip.net/authorize?clientId=TestArkAllClm&scope=openid profile&redirectUri=https://example.com/OTP/TestArk&responseType=code 2.Click on send | H72: User should get Response as "OK" with correct response body with 200 status code [Steps involved to check HTML Response and status code in browser: 1.Hit the url 2.Navigate to Network in dev tool 3.Click on authorize endpoint which is automatically loaded left side in dev tools 4.Navigate to headers and verify the status code 5.Navigate to response tab and check the HTML] | I72: Pass | L72: Yes
A73: MOSIP-22717 | B73: IdP: Build new API for authorize and oauth-details | C73: TC_03 | D73: 1. Relying Party who wants to use openId authentication based login 2. Relying Party application should be registered as OIDC client in IDP 3.The Relying party application wants its user to sign in using mosip 4. Relying Party application redirect to the authorization Endpoint. | F73: Verify response body if valid parameters are provided | G73: Hit the url with valid parameters: https://idp.qa-121.mosip.net/authorize?clientId=TestArkAllClm&scope=openid profile&redirectUri=https://example.com/OTP/TestArk&responseType=code | H73: User should get Response as "OK" with correct HTML response body with 200 status code Note:User should be redirected to IDP single page application(UI) | I73: Pass | L73: Yes
A74: MOSIP-22717 | B74: IdP: Build new API for authorize and oauth-details | C74: TC_06 | D74: 1. Relying Party who wants to use openId authentication based login 2. Relying Party application should be registered as OIDC client in IDP 3.The Relying party application wants its user to sign in using mosip 4. Relying Party application redirect to the authorization Endpoint. | E74: Endpoint: Oauth-details Method: POST Request body parameters validation: "Client-id"(Mandatory)parameter validation. | F74: Verify the response with valid clientId in request body along with all valid parameters | G74: 1.Hithttps://api.qa-1201-b2.mosip.net/v1/esignet/authorization/oauth-details 2.Provide valid request body with all valid mandatory and optional parameters 3.Click on send | H74: User should get Response as "OK" with correct response body with 200 status code | I74: Pass | L74: Yes
A75: MOSIP-22717 | B75: IdP: Build new API for authorize and oauth-details | C75: TC_07 | D75: 1. Relying Party who wants to use openId authentication based login 2. Relying Party application should be registered as OIDC client in IDP 3.The Relying party application wants its user to sign in using mosip 4. Relying Party application redirect to the authorization Endpoint. | F75: Verify the response by providing client_id which has not been registered on IDP Server(Mosip) or provide some random clientId. | G75: 1.Hithttps://api.qa-1201-b2.mosip.net/v1/esignet/authorization/oauth-details 2.Provide valid request body with invalid client id parameters 3.Click on send | H75: Valid error message with valid error code(invalid_client_id) should be displayed in Response body | I75: Pass | L75: Yes
A76: MOSIP-22717 | B76: IdP: Build new API for authorize and oauth-details | C76: TC_08 | D76: 1. Relying Party who wants to use openId authentication based login 2. Relying Party application should be registered as OIDC client in IDP 3.The Relying party application wants its user to sign in using mosip 4. Relying Party application redirect to the authorization Endpoint. | F76: Verify the response by not providing client_id in request body or Send number of characters for client_id is <character in request body. | G76: 1.Hithttps://api.qa-1201-b2.mosip.net/v1/esignet/authorization/oauth-details 2.Provide valid request body without client id parameters 3.Click on send | H76: Valid error message with valid error code(invalid_client_id) should be displayed in Response body | I76: Pass | L76: Yes
A77: MOSIP-22717 | B77: IdP: Build new API for authorize and oauth-details | C77: TC_09 | D77: 1. Relying Party who wants to use openId authentication based login 2. Relying Party application should be registered as OIDC client in IDP 3.The Relying party application wants its user to sign in using mosip 4. Relying Party application redirect to the authorization Endpoint. | F77: Verify the response by not providing client_id value in request body. Eg: clientId: "" | G77: 1.Hithttps://api.qa-1201-b2.mosip.net/v1/esignet/authorization/oauth-details 2.Provide valid request body with client id as null/empty 3.Click on send | H77: Valid error message with valid error code(invalid_client_id) should be displayed in Response body | I77: Pass | L77: Yes
A78: MOSIP-22717 | B78: IdP: Build new API for authorize and oauth-details | C78: TC_10 | D78: 1. Relying Party who wants to use openId authentication based login 2. Relying Party application should be registered as OIDC client in IDP 3.The Relying party application wants its user to sign in using mosip 4. Relying Party application redirect to the authorization Endpoint. | E78: Endpoint: Oauth-details Method: POST Request body parameters validation: "redirectUri"(Mandatory)parameter validation. | F78: Verify the response by providing redirectUri other than redirectionURI used while creating/registering the client in request body. | G78: 1.Hithttps://api.qa-1201-b2.mosip.net/v1/esignet/authorization/oauth-details 2.Provide valid request body with invalid redirect uri 3.Click on send | H78: Valid error message with valid error code(invalid_redirect_uri) should be displayed in Response body | I78: Pass | L78: Yes
A79: MOSIP-22717 | B79: IdP: Build new API for authorize and oauth-details | C79: TC_11 | D79: 1. Relying Party who wants to use openId authentication based login 2. Relying Party application should be registered as OIDC client in IDP 3.The Relying party application wants its user to sign in using mosip 4. Relying Party application redirect to the authorization Endpoint. | F79: Verify by not providing redirectUris value in request body | G79: 1.Hithttps://api.qa-1201-b2.mosip.net/v1/esignet/authorization/oauth-details 2.Provide valid request body by not providing redirect uri value 3.Click on send | H79: Valid error message with valid error code(invalid_redirect_uri) should be displayed in Response body | I79: Pass | L79: Yes
A80: MOSIP-22717 | B80: IdP: Build new API for authorize and oauth-details | C80: TC_12 | D80: 1. Relying Party who wants to use openId authentication based login 2. Relying Party application should be registered as OIDC client in IDP 3.The Relying party application wants its user to sign in using mosip 4. Relying Party application redirect to the authorization Endpoint. | F80: Verify without providing redirectUris in request body | G80: 1.Hithttps://api.qa-1201-b2.mosip.net/v1/esignet/authorization/oauth-details 2.Provide valid request body without without redirect uri 3.Click on send | H80: Valid error message with valid error code(invalid_redirect_uri) should be displayed in Response body | I80: Pass | L80: Yes
A81: MOSIP-22717 | B81: IdP: Build new API for authorize and oauth-details | C81: TC_13 | D81: 1. Relying Party who wants to use openId authentication based login 2. Relying Party application should be registered as OIDC client in IDP 3.The Relying party application wants its user to sign in using mosip 4. Relying Party application redirect to the authorization Endpoint. | E81: Endpoint: Oauth-details Method: POST Request body parameters validation: "response_type"(Mandatory)parameter validation. | F81: Verify the response by providing response_type which is not registered. Eg: Allowed value should be other than "code" | G81: 1.Hithttps://api.qa-1201-b2.mosip.net/v1/esignet/authorization/oauth-details 2.Provide valid request body with invalid response type 3.Click on send | H81: Valid error message with valid error code(invalid_response_type) should be displayed in Response body | I81: Pass | L81: Yes
A82: MOSIP-22717 | B82: IdP: Build new API for authorize and oauth-details | C82: TC_14 | D82: 1. Relying Party who wants to use openId authentication based login 2. Relying Party application should be registered as OIDC client in IDP 3.The Relying party application wants its user to sign in using mosip 4. Relying Party application redirect to the authorization Endpoint. | F82: Verify by providing NULL/EMPTY as response_type in request body | G82: 1.Hithttps://api.qa-1201-b2.mosip.net/v1/esignet/authorization/oauth-details 2.Provide valid request body with Null/empty in response type 3.Click on send | H82: Valid error message with valid error code(invalid_response_type) should be displayed in Response body | I82: Pass | L82: Yes
A83: MOSIP-22717 | B83: IdP: Build new API for authorize and oauth-details | C83: TC_15 | D83: 1. Relying Party who wants to use openId authentication based login 2. Relying Party application should be registered as OIDC client in IDP 3.The Relying party application wants its user to sign in using mosip 4. Relying Party application redirect to the authorization Endpoint. | F83: Verify without providing response_type in request body | G83: 1.Hithttps://api.qa-1201-b2.mosip.net/v1/esignet/authorization/oauth-details 2.Provide valid request body without response type 3.Click on send | H83: Valid error message with valid error code(invalid_response_type) should be displayed in Response body | I83: Pass | L83: Yes
A84: MOSIP-22717 | B84: IdP: Build new API for authorize and oauth-details | C84: TC_16 | D84: 1. Relying Party who wants to use openId authentication based login 2. Relying Party application should be registered as OIDC client in IDP 3.The Relying party application wants its user to sign in using mosip 4. Relying Party application redirect to the authorization Endpoint. | E84: Endpoint: Oauth-details Method: POST Request body parameters validation: "scope"(Mandatory)parameter validation. | F84: Verify the response by providing scopes without "openId" Eg: email,phone,email | G84: 1.Hithttps://api.qa-1201-b2.mosip.net/v1/esignet/authorization/oauth-details 2.Provide valid request body with invalid scope 3.Click on send | H84: Valid error message with valid error code(invalid_scope) should be displayed in Response body | I84: Pass | L84: Yes
A85: MOSIP-22717 | B85: IdP: Build new API for authorize and oauth-details | C85: TC_17 | D85: 1. Relying Party who wants to use openId authentication based login 2. Relying Party application should be registered as OIDC client in IDP 3.The Relying party application wants its user to sign in using mosip 4. Relying Party application redirect to the authorization Endpoint. | F85: Verify the response by providing multiple scopes without space separated in request body. eg: openidemail, openidemailaddressphone | G85: 1.Hithttps://api.qa-1201-b2.mosip.net/v1/esignet/authorization/oauth-details 2.Provide valid request body with invalid scope 3.Click on send | H85: Valid error message with valid error code(invalid_scope) should be displayed in Response body | I85: Pass | L85: Yes
A86: MOSIP-22717 | B86: IdP: Build new API for authorize and oauth-details | C86: TC_18 | D86: 1. Relying Party who wants to use openId authentication based login 2. Relying Party application should be registered as OIDC client in IDP 3.The Relying party application wants its user to sign in using mosip 4. Relying Party application redirect to the authorization Endpoint. | F86: Verify response by providing multiple spaces between scopes. Eg: "openid email", " openid email address phone " | G86: 1.Hithttps://api.qa-1201-b2.mosip.net/v1/esignet/authorization/oauth-details 2.Provide valid request body with invalid scope 3.Click on send | H86: User should get successful response. Note:Need to ignore extra spaces | I86: Pass | L86: Yes
A87: MOSIP-22717 | B87: IdP: Build new API for authorize and oauth-details | C87: TC_19 | D87: 1. Relying Party who wants to use openId authentication based login 2. Relying Party application should be registered as OIDC client in IDP 3.The Relying party application wants its user to sign in using mosip 4. Relying Party application redirect to the authorization Endpoint. | F87: Verify without providing scope in request body | G87: 1.Hithttps://api.qa-1201-b2.mosip.net/v1/esignet/authorization/oauth-details 2.Provide valid request body without scope parameter 3.Click on send | H87: Valid error message with valid error code(invalid_scope) should be displayed in Response body | I87: Pass | L87: Yes
A88: MOSIP-22717 | B88: IdP: Build new API for authorize and oauth-details | C88: TC_20 | D88: 1. Relying Party who wants to use openId authentication based login 2. Relying Party application should be registered as OIDC client in IDP 3.The Relying party application wants its user to sign in using mosip 4. Relying Party application redirect to the authorization Endpoint. | F88: Verify by providing NULL/EMPTY as scope in request body | G88: 1.Hithttps://api.qa-1201-b2.mosip.net/v1/esignet/authorization/oauth-details 2.Provide valid request body with scope as NULL/EMPTY 3.Click on send | H88: Valid error message with valid error code(invalid_scope) should be displayed in Response body | I88: Pass | L88: Yes
A89: MOSIP-22717 | B89: IdP: Build new API for authorize and oauth-details | C89: TC_21 | D89: 1. Relying Party who wants to use openId authentication based login 2. Relying Party application should be registered as OIDC client in IDP 3.The Relying party application wants its user to sign in using mosip 4. Relying Party application redirect to the authorization Endpoint. | E89: Endpoint: Oauth-details Method: POST Request body parameters validation: "acr_values"(Optional)parameter validation. [Note: Authentication Context Class Reference values] | F89: Verify the response by providing acr values which are not registered . EG- Registered acr-values: mosip:idp:acr:static-code - PIN mosip:idp:acr:generated-code - OTP || TOTP mosip:idp:acr:linked-wallet - Inji mosip:idp:acr:biometrics - L1-bio-device mosip:idp:acr:biometrics-generated-code - L1-bio-device && OTP mosip:idp:acr:linked-wallet-static-code - Inji && PIN | G89: 1.Hithttps://api.qa-1201-b2.mosip.net/v1/esignet/authorization/oauth-details 2.Provide valid request body with invalid acr_values 3.Click on send | H89: User should get success response without error message since its optional parameter. Note: Default acr_values taken which has been registered during creating client. | I89: Pass | L89: Yes
A90: MOSIP-22717 | B90: IdP: Build new API for authorize and oauth-details | C90: TC_22 | D90: 1. Relying Party who wants to use openId authentication based login 2. Relying Party application should be registered as OIDC client in IDP 3.The Relying party application wants its user to sign in using mosip 4. Relying Party application redirect to the authorization Endpoint. | F90: Verify without providing "acr_values" in the request body. Note:Provide all valid mandatory parameter | G90: 1.Hithttps://api.qa-1201-b2.mosip.net/v1/esignet/authorization/oauth-details 2.Provide valid request body without acr_values 3.Click on send | H90: User should get success response without error message since its optional parameter. Note: Default acr_values taken which has been registered during creating client. | I90: Pass | L90: Yes
A91: MOSIP-22717 | B91: IdP: Build new API for authorize and oauth-details | C91: TC_23 | D91: 1. Relying Party who wants to use openId authentication based login 2. Relying Party application should be registered as OIDC client in IDP 3.The Relying party application wants its user to sign in using mosip 4. Relying Party application redirect to the authorization Endpoint. | F91: Verify by providing NULL/EMPTY as acr_values in request body Note:Provide all valid mandatory parameter | G91: 1.Hithttps://api.qa-1201-b2.mosip.net/v1/esignet/authorization/oauth-details 2.Provide valid request body with NULL/EMPTY as acr_values 3.Click on send | H91: User should get success response without error message since its optional parameter. Note: Default acr_values taken which has been registered during creating client. | I91: Pass | L91: Yes
A92: MOSIP-22717 | B92: IdP: Build new API for authorize and oauth-details | C92: TC_24 | D92: 1. Relying Party who wants to use openId authentication based login 2. Relying Party application should be registered as OIDC client in IDP 3.The Relying party application wants its user to sign in using mosip 4. Relying Party application redirect to the authorization Endpoint. | F92: Check by providing acr_values in incorrect format. Eg: mosip:idp/acr:static?:code or should not be space separated correct format- "mosip:idp:acr:static-code mosip:idp:acr:generated-code" | G92: 1.Hithttps://api.qa-1201-b2.mosip.net/v1/esignet/authorization/oauth-details 2.Provide valid request body with invalid acr_value 3.Click on send | H92: User should get success response without error message since its optional parameter. Note: Default acr_values taken which has been registered during creating client. | I92: Pass | L92: Yes
A93: MOSIP-22717 | B93: IdP: Build new API for authorize and oauth-details | C93: TC_25 | D93: 1. Relying Party who wants to use openId authentication based login 2. Relying Party application should be registered as OIDC client in IDP 3.The Relying party application wants its user to sign in using mosip 4. Relying Party application redirect to the authorization Endpoint. | E93: Endpoint: Oauth-details Method: POST Request body parameters validation: "claims"(Optional)parameter validation. [Note: This parameter is used to request that specific Claims be returned] | F93: Verify response without providing "claims" as parameter in the request body. Note:Provide all valid mandatory parameters | G93: 1.Hit https://qa-1201-b2.mosip.net/v1/idp/authorization/oauth-details 2.Provide valid request body without claims parameters 3.Click on send | H93: User should get success response without error message since its optional parameter. Note: By default claim should be used from scope parameter provided In the request body and claims defined while creating client. | I93: Pass | L93: Yes
A94: MOSIP-22717 | B94: IdP: Build new API for authorize and oauth-details | C94: TC_26 | D94: 1. Relying Party who wants to use openId authentication based login 2. Relying Party application should be registered as OIDC client in IDP 3.The Relying party application wants its user to sign in using mosip 4. Relying Party application redirect to the authorization Endpoint. | F94: Check whether claims provided while creating client displayed as Voluntary claim in response if claims parameter is not provided at all in request body. | G94: 1.Hithttps://api.qa-1201-b2.mosip.net/v1/esignet/authorization/oauth-details 2.Provide valid request body without claims parameters 3.Click on send | H94: User should get success response without error message since its optional parameter. Note: By default claim should be used from scope parameter provided In the request body and claims defined while creating client. | I94: Pass | L94: Yes
A95: MOSIP-22717 | B95: IdP: Build new API for authorize and oauth-details | C95: TC_27 | D95: 1. Relying Party who wants to use openId authentication based login 2. Relying Party application should be registered as OIDC client in IDP 3.The Relying party application wants its user to sign in using mosip 4. Relying Party application redirect to the authorization Endpoint. | F95: Check by providing NULL to the member of the claims Ex: phone: Null or email=Null | G95: 1.Hithttps://api.qa-1201-b2.mosip.net/v1/esignet/authorization/oauth-details 2.Provide valid request body with various parameters 3.Click on send | H95: Claims members should be displayed in Voluntary Claim section of response body. Note: By default claim should be used from scope parameter provided In the request body and claims defined while creating client. | I95: Pass | L95: Yes
A96: MOSIP-22717 | B96: IdP: Build new API for authorize and oauth-details | C96: TC_28 | D96: 1. Relying Party who wants to use openId authentication based login 2. Relying Party application should be registered as OIDC client in IDP 3.The Relying party application wants its user to sign in using mosip 4. Relying Party application redirect to the authorization Endpoint. | F96: Check by providing Unknown claim names either in userinfo or id_token . Known Userinfo: name,given_name,gender,email,birthdate,phone_number,profile_photo,address,locale,individualId known id_token: name,acrs | G96: 1.Hithttps://api.qa-1201-b2.mosip.net/v1/esignet/authorization/oauth-details 2.Provide valid request body with unknown/unregistered claims 3.Click on send | H96: User should get success response without error message since its optional parameter. Note: By default claim should be used from scope parameter provided In the request body and claims defined while creating client. Unknown claim names in userinfo or in id_token should be ignored. | I96: Pass | L96: Yes
A97: MOSIP-22717 | B97: IdP: Build new API for authorize and oauth-details | C97: TC_29 | D97: 1. Relying Party who wants to use openId authentication based login 2. Relying Party application should be registered as OIDC client in IDP 3.The Relying party application wants its user to sign in using mosip 4. Relying Party application redirect to the authorization Endpoint. | E97: Endpoint: Oauth-details Method: POST Request body parameters validation: "claimsLocales"(Optional)parameter validation. [Note:End-User's preferred languages and scripts for Claims being returned] | F97: Verify response without providing "claimsLocales" as parameter in the request body. Note:Provide all valid mandatory parameters | G97: 1.Hithttps://api.qa-1201-b2.mosip.net/v1/esignet/authorization/oauth-details 2.Provide valid request body without claimsLocales parameters 3.Click on send | H97: User should get success response without error message since its optional parameter. Note: By default claimLocale should be used as "en" (english). | I97: Pass | L97: Yes
A98: MOSIP-22717 | B98: IdP: Build new API for authorize and oauth-details | C98: TC_30 | D98: 1. Relying Party who wants to use openId authentication based login 2. Relying Party application should be registered as OIDC client in IDP 3.The Relying party application wants its user to sign in using mosip 4. Relying Party application redirect to the authorization Endpoint. | F98: Verify claimsLocales by providing null/Empty in request body Note:Provide all valid mandatory parameters | G98: 1.Hithttps://api.qa-1201-b2.mosip.net/v1/esignet/authorization/oauth-details 2.Provide valid request body with various parameters 3.Click on send | H98: User should get success response without error message since its optional parameter. Note: By default claimLocale should be used as "en" (english). | I98: Pass | L98: Yes
A99: MOSIP-22717 | B99: IdP: Build new API for authorize and oauth-details | C99: TC_31 | D99: 1. Relying Party who wants to use openId authentication based login 2. Relying Party application should be registered as OIDC client in IDP 3.The Relying party application wants its user to sign in using mosip 4. Relying Party application redirect to the authorization Endpoint. | F99: Check by providing locales which are not supported by the OpenID Provider in request body. Supported Locales: en EG: provide hn,kn etc | G99: 1.Hithttps://api.qa-1201-b2.mosip.net/v1/esignet/authorization/oauth-details 2.Provide valid request body with various parameters 3.Click on send | H99: User should get success response without error message since its optional parameter. Note: By default claimLocale should be used as "en" (english). | I99: Pass | L99: Yes
A100: MOSIP-22717 | B100: IdP: Build new API for authorize and oauth-details | C100: TC_32 | D100: 1. Relying Party who wants to use openId authentication based login 2. Relying Party application should be registered as OIDC client in IDP 3.The Relying party application wants its user to sign in using mosip 4. Relying Party application redirect to the authorization Endpoint. | E100: Endpoint: Oauth-details Method: POST Request body parameters validation: "display"(Optional)parameter validation. [Note: It specifies specifies how the Authorization Server displays the authentication and consent user interface pages to the End-User] | F100: Verify response without providing display as parameter in the request body. Note:Provide all valid mandatory parameters | G100: 1.Hithttps://api.qa-1201-b2.mosip.net/v1/esignet/authorization/oauth-details 2.Provide valid request body without display parameter 3.Click on send | H100: User should get success response without error message since its optional parameter. | I100: Pass | L100: Yes
A101: MOSIP-22717 | B101: IdP: Build new API for authorize and oauth-details | C101: TC_33 | D101: 1. Relying Party who wants to use openId authentication based login 2. Relying Party application should be registered as OIDC client in IDP 3.The Relying party application wants its user to sign in using mosip 4. Relying Party application redirect to the authorization Endpoint. | F101: Verify the response with invalid displays ie,other than "page","touch","popup","wap" in request body. Eg: abc,screen etc Note:Provide all valid mandatory parameters | G101: 1.Hithttps://api.qa-1201-b2.mosip.net/v1/esignet/authorization/oauth-details 2.Provide valid request body with invalid display parameter 3.Click on send | H101: Valid error message with valid error code(invalid_display) should be displayed in Response body | I101: Pass | L101: Yes
A102: MOSIP-22717 | B102: IdP: Build new API for authorize and oauth-details | C102: TC_34 | D102: 1. Relying Party who wants to use openId authentication based login 2. Relying Party application should be registered as OIDC client in IDP 3.The Relying party application wants its user to sign in using mosip 4. Relying Party application redirect to the authorization Endpoint. | F102: Verify by providing space as display parameter value in request body | G102: 1.Hithttps://api.qa-1201-b2.mosip.net/v1/esignet/authorization/oauth-details 2.Provide valid request body with space in display parameter 3.Click on send | H102: User should get success response without error message since its optional parameter. | I102: Pass | L102: Yes
A103: MOSIP-22717 | B103: IdP: Build new API for authorize and oauth-details | C103: TC_35 | D103: 1. Relying Party who wants to use openId authentication based login 2. Relying Party application should be registered as OIDC client in IDP 3.The Relying party application wants its user to sign in using mosip 4. Relying Party application redirect to the authorization Endpoint. | E103: Endpoint: Oauth-details Method: POST Request body parameters validation: Validation for "prompt"(optional) parameter. [Note: Specifies whether the Authorization Server prompts the End-User for reauthentication and consent] | F103: Verify response without providing prompt parameter in the request body. Note:Provide all valid mandatory parameters | G103: 1.Hithttps://api.qa-1201-b2.mosip.net/v1/esignet/authorization/oauth-details 2.Provide valid request body without prompt parameter 3.Click on send | H103: User should get success response without error message since its optional parameter. | I103: Pass | L103: Yes
A104: MOSIP-22717 | B104: IdP: Build new API for authorize and oauth-details | C104: TC_36 | D104: 1. Relying Party who wants to use openId authentication based login 2. Relying Party application should be registered as OIDC client in IDP 3.The Relying party application wants its user to sign in using mosip 4. Relying Party application redirect to the authorization Endpoint. | F104: Verify the response with invalid prompt values in request body. Example: 1. Should not be space delimited-(select,account) , (select:account) etc 2.Provide other than allowed values Eg:abc,def, abc_def [Note: Allowed values: none,login,consent,select_account space delimited> space separated] Note:Provide all valid mandatory parameters | G104: 1.Hithttps://api.qa-1201-b2.mosip.net/v1/esignet/authorization/oauth-details 2.Provide valid request body with invalid prompt parameter 3.Click on send | H104: Valid error message with valid error code(invalid_prompt) should be displayed in Response body | I104: Pass | L104: Yes
A105: MOSIP-22717 | B105: IdP: Build new API for authorize and oauth-details | C105: TC_37 | D105: 1. Relying Party who wants to use openId authentication based login 2. Relying Party application should be registered as OIDC client in IDP 3.The Relying party application wants its user to sign in using mosip 4. Relying Party application redirect to the authorization Endpoint. | F105: Verify prompt by providing Empty in request body Note:Provide all valid mandatory parameters | G105: 1.Hithttps://api.qa-1201-b2.mosip.net/v1/esignet/authorization/oauth-details 2.Provide valid request body with space in prompt parameter values. 3.Click on send | H105: User should get success response without error message since its optional parameter. | I105: Pass | L105: Yes
A106: MOSIP-22717 | B106: IdP: Build new API for authorize and oauth-details | C106: TC_38 | D106: 1. Relying Party who wants to use openId authentication based login 2. Relying Party application should be registered as OIDC client in IDP 3.The Relying party application wants its user to sign in using mosip 4. Relying Party application redirect to the authorization Endpoint. | E106: Endpoint: Oauth-details Method: POST Request body parameters validation:Validation for "state"(optional) parameter. | F106: Verify response without providing state parameter in the request body. Note:Provide all mandatory parameters | G106: 1.Hithttps://api.qa-1201-b2.mosip.net/v1/esignet/authorization/oauth-details 2.Provide valid request body without state parameter 3.Click on send | H106: User should get success response without error message since its optional parameter. | I106: Pass | L106: Yes
A107: MOSIP-22717 | B107: IdP: Build new API for authorize and oauth-details | C107: TC_39 | D107: 1. Relying Party who wants to use openId authentication based login 2. Relying Party application should be registered as OIDC client in IDP 3.The Relying party application wants its user to sign in using mosip 4. Relying Party application redirect to the authorization Endpoint. | F107: Verify state by providing null/Empty or by providing state with number of character is <character or providing state with number of character is >25characters in request body | G107: 1.Hithttps://api.qa-1201-b2.mosip.net/v1/esignet/authorization/oauth-details 2.Provide valid request body with various parameters 3.Click on send | H107: User should get success response without error message since its optional parameter. | I107: Pass | L107: Yes
A108: MOSIP-22717 | B108: IdP: Build new API for authorize and oauth-details | C108: TC_40 | D108: 1. Relying Party who wants to use openId authentication based login 2. Relying Party application should be registered as OIDC client in IDP 3.The Relying party application wants its user to sign in using mosip 4. Relying Party application redirect to the authorization Endpoint. | E108: Endpoint: Oauth-details Method: POST Request body parameters validation: "nonce"(Optional)parameter validation. [Note: String value used to associate a Client session with an ID Token, and to mitigate replay attacks. The value is passed through unmodified from the Authentication Request to the ID Token.] | F108: Verify response without providing nonce parameter in the request body. Note:Provide all valid parameters | G108: 1.Hithttps://api.qa-1201-b2.mosip.net/v1/esignet/authorization/oauth-details 2.Provide valid request body with various parameters 3.Click on send | H108: User should get success response without error message since its optional parameter. | I108: Pass | L108: Yes
A109: MOSIP-22717 | B109: IdP: Build new API for authorize and oauth-details | C109: TC_41 | D109: 1. Relying Party who wants to use openId authentication based login 2. Relying Party application should be registered as OIDC client in IDP 3.The Relying party application wants its user to sign in using mosip 4. Relying Party application redirect to the authorization Endpoint. | F109: Verify by providing null/Empty as nonce in request body | G109: 1.Hithttps://api.qa-1201-b2.mosip.net/v1/esignet/authorization/oauth-details 2.Provide valid request body with various parameters 3.Click on send | H109: User should get success response without error message since its optional parameter. | I109: Pass | L109: Yes
A110: MOSIP-22717 | B110: IdP: Build new API for authorize and oauth-details | C110: TC_42 | D110: 1. Relying Party who wants to use openId authentication based login 2. Relying Party application should be registered as OIDC client in IDP 3.The Relying party application wants its user to sign in using mosip 4. Relying Party application redirect to the authorization Endpoint. | E110: Endpoint: Oauth-details Method: POST Some Response body parameters validation | F110: Verify that user get appropriate authFactor in response as per the acrValues passed in request body. Eg: mosip:idp:acr:static-code - PIN mosip:idp:acr:generated-code - OTP || TOTP mosip:idp:acr:linked-wallet - Inji mosip:idp:acr:biometrics - L1-bio-device mosip:idp:acr:biometrics-generated-code - L1-bio-device && OTP mosip:idp:acr:linked-wallet-static-code - Inji && PIN | G110: 1.Hithttps://api.qa-1201-b2.mosip.net/v1/esignet/authorization/oauth-details 2.Provide valid request body with various parameters 3.Click on send | H110: User should get appropriate response body. | I110: Pass | L110: Yes
A111: MOSIP-22717 | B111: IdP: Build new API for authorize and oauth-details | C111: TC_43 | D111: 1. Relying Party who wants to use openId authentication based login 2. Relying Party application should be registered as OIDC client in IDP 3.The Relying party application wants its user to sign in using mosip 4. Relying Party application redirect to the authorization Endpoint. | F111: Check whether user gets correct responseTime(Current date and time in mentioned format) in response body. | G111: 1.Hit https://api.qa-1201-b2.mosip.net/v1/esignet/authorization/oauth-details 2.Provide valid request body with various parameters 3.Click on send | H111: User should get appropriate response body. | I111: Pass | L111: Yes
A112: MOSIP-22717 | B112: IdP: Build new API for authorize and oauth-details | C112: TC_44 | D112: 1. Relying Party who wants to use openId authentication based login 2. Relying Party application should be registered as OIDC client in IDP 3.The Relying party application wants its user to sign in using mosip 4. Relying Party application redirect to the authorization Endpoint. | F112: Verify response by providing invalid values to two or more than two mandatory parameters in request body. | G112: 1.Hithttps://api.qa-1201-b2.mosip.net/v1/esignet/authorization/oauth-details 2.Provide valid request body with different invalid parameters 3.Click on send | H112: User should get different different error message for each parameter. Note:Error message for each parameters should not be duplicated. | I112: Pass | L112: Yes
A113: MOSIP-22717 | B113: IdP: Build new API for authorize and oauth-details | C113: TC_45 | D113: 1. Relying Party who wants to use openId authentication based login 2. Relying Party application should be registered as OIDC client in IDP 3.The Relying party application wants its user to sign in using mosip 4. Relying Party application redirect to the authorization Endpoint. | E113: Endpoint: Oauth-details Method: POST "requestTime" (Mandatory) parameter validation | F113: Verify response by providing requestTime value other than given format in request body. Format: yyyy-MM-dd'T'HH:mm:ss.SSS'Z' | G113: 1.Hithttps://api.qa-1201-b2.mosip.net/v1/esignet/authorization/oauth-details 2.Provide valid request body with invalid time format 3.Click on send | H113: User should get appropriate error message in response body. | I113: Pass | L113: Yes
A114: MOSIP-22717 | B114: IdP: Build new API for authorize and oauth-details | C114: TC_46 | D114: 1. Relying Party who wants to use openId authentication based login 2. Relying Party application should be registered as OIDC client in IDP 3.The Relying party application wants its user to sign in using mosip 4. Relying Party application redirect to the authorization Endpoint. | F114: Verify response by providing requestTime value other current date | G114: 1.Hithttps://api.qa-1201-b2.mosip.net/v1/esignet/authorization/oauth-details 2.Provide valid request body with invalid time. 3.Click on send | H114: User should get appropriate error message in response body. | I114: Pass | L114: Yes
A115: MOSIP-22717 | B115: IdP: Build new APIs for send OTP and user authentication | C115: TC_01 | D115: 1.Relying party sends the request to the Authorization Server. 2.Relaying Party redirect to the authorization Endpoint and displays IDP login page 3.User gets multiple option to login and user click to sign in with OTP and then send-otp endpoint is called. | E115: Endpoint: send-otp Method: POST Request body parameter validation: Validation for transactionId"(Mandatory)param. Note: oauth-details transactionId is used until the /token call WITH UIN | F115: Verify the response by providing valid transactionId in request body along with other valid mandatory parameters. | G115: 1.Hit https://api.qa-1201-b2.mosip.net/v1/esignet/authorization/send-otp 2.Provide valid request body with all valid mandatory parameters 3.Click on send | H115: User should get Response as "OK" with correct response body with 200 status code | I115: Pass | L115: Yes
A116: MOSIP-22717 | B116: IdP: Build new APIs for send OTP and user authentication | C116: TC_02 | D116: 1.Relying party sends the request to the Authorization Server. 2.Relaying Party redirect to the authorization Endpoint and displays IDP login page 3.User gets multiple option to login and user click to sign in with OTP and then send-otp endpoint is called. | F116: Verify the response by providing transactionId other than received from oauth details response. | G116: 1.Hit https://api.qa-1201-b2.mosip.net/v1/esignet/authorization/send-otp 2.Provide valid request body with invalid transactionId 3.Click on send | H116: Valid error message with valid error code(invalid_transactionId) should be displayed in Response body | I116: Pass | L116: Yes
A117: MOSIP-22717 | B117: IdP: Build new APIs for send OTP and user authentication | C117: TC_03 | D117: 1.Relying party sends the request to the Authorization Server. 2.Relaying Party redirect to the authorization Endpoint and displays IDP login page 3.User gets multiple option to login and user click to sign in with OTP and then send-otp endpoint is called. | F117: Verify the response by not providing transactionId in request body | G117: 1.Hit https://api.qa-1201-b2.mosip.net/v1/esignet/authorization/send-otp 2.Provide valid request body without providing transactionId in request body 3.Click on send | H117: Valid error message with valid error code(invalid_transactionId) should be displayed in Response body | I117: Pass | L117: Yes
A118: MOSIP-22717 | B118: IdP: Build new APIs for send OTP and user authentication | C118: TC_04 | D118: 1.Relying party sends the request to the Authorization Server. 2.Relaying Party redirect to the authorization Endpoint and displays IDP login page 3.User gets multiple option to login and user click to sign in with OTP and then send-otp endpoint is called. | F118: Verify the response by providing transactionId which is already completed | G118: 1.Hit https://api.qa-1201-b2.mosip.net/v1/esignet/authorization/send-otp 2.Provide valid request body without providing transactionId in request body 3.Click on send | H118: Valid error message with valid error code(invalid_transactionId) should be displayed in Response body | I118: Pass | L118: Yes
A119: MOSIP-22717 | B119: IdP: Build new APIs for send OTP and user authentication | C119: TC_05 | D119: 1.Relying party sends the request to the Authorization Server. 2.Relaying Party redirect to the authorization Endpoint and displays IDP login page 3.User gets multiple option to login and user click to sign in with OTP and then send-otp endpoint is called. | F119: Verify the response by providing transaction id after some delay. Note: mosip.idp.cache.expire-in-seconds={'preauthsessions': 300, 'authenticated' : 300, 'kyc': 300, 'clientdetails' : 86400 } | G119: 1.Hit https://api.qa-1201-b2.mosip.net/v1/esignet/authorization/send-otp 2.Provide valid request body without providing transactionId in request body 3.Click on send | H119: Valid error message with valid error code(invalid_transactionId) should be displayed in Response body | I119: Pass | L119: N/A
A120: MOSIP-22717 | B120: IdP: Build new APIs for send OTP and user authentication | C120: TC_06 | D120: 1.Relying party sends the request to the Authorization Server. 2.Relaying Party redirect to the authorization Endpoint and displays IDP login page 3.User gets multiple option to login and user click to sign in with OTP and then send-otp endpoint is called. | F120: Verify the response by providing NULL/empty as transactionId value in request body. | G120: 1.Hit https://api.qa-1201-b2.mosip.net/v1/esignet/authorization/send-otp 2.Provide valid request body with Null/Empty as transactionId parameter value 3.Click on send | H120: Valid error message with valid error code(invalid_transactionId) should be displayed in Response body | I120: Pass | L120: Yes
A121: MOSIP-22717 | B121: IdP: Build new APIs for send OTP and user authentication | C121: TC_07 | D121: 1.Relying party sends the request to the Authorization Server. 2.Relaying Party redirect to the authorization Endpoint and displays IDP login page 3.User gets multiple option to login and user click to sign in with OTP and then send-otp endpoint is called. | E121: Endpoint: send-otp Method: POST Request body parameter validation: Validation for transactionId"(Mandatory)param. Note: oauth-details transactionId is used until the /token call WITH VID | F121: Verify the response by providing valid transactionId in request body along with other valid mandatory parameters. | G121: 1.Hit https://api.qa-1201-b2.mosip.net/v1/esignet/authorization/send-otp 2.Provide valid request body with all valid mandatory parameters 3.Click on send | H121: User should get Response as "OK" with correct response body with 200 status code | I121: Pass | L121: Yes
A122: MOSIP-22717 | B122: IdP: Build new APIs for send OTP and user authentication | C122: TC_08 | D122: 1.Relying party sends the request to the Authorization Server. 2.Relaying Party redirect to the authorization Endpoint and displays IDP login page 3.User gets multiple option to login and user click to sign in with OTP and then send-otp endpoint is called. | F122: Verify the response by providing transactionId other than received from oauth details response. | G122: 1.Hit https://api.qa-1201-b2.mosip.net/v1/esignet/authorization/send-otp 2.Provide valid request body with invalid transactionId 3.Click on send | H122: Valid error message with valid error code(invalid_transactionId) should be displayed in Response body | I122: Pass | L122: Yes
A123: MOSIP-22717 | B123: IdP: Build new APIs for send OTP and user authentication | C123: TC_09 | D123: 1.Relying party sends the request to the Authorization Server. 2.Relaying Party redirect to the authorization Endpoint and displays IDP login page 3.User gets multiple option to login and user click to sign in with OTP and then send-otp endpoint is called. | F123: Verify the response by not providing transactionId in request body | G123: 1.Hit https://api.qa-1201-b2.mosip.net/v1/esignet/authorization/send-otp 2.Provide valid request body without providing transactionId in request body 3.Click on send | H123: Valid error message with valid error code(invalid_transactionId) should be displayed in Response body | I123: Pass | L123: Yes
A124: MOSIP-22717 | B124: IdP: Build new APIs for send OTP and user authentication | C124: TC_10 | D124: 1.Relying party sends the request to the Authorization Server. 2.Relaying Party redirect to the authorization Endpoint and displays IDP login page 3.User gets multiple option to login and user click to sign in with OTP and then send-otp endpoint is called. | F124: Verify the response by providing transactionId which is already completed | G124: 1.Hit https://api.qa-1201-b2.mosip.net/v1/esignet/authorization/send-otp 2.Provide valid request body without providing transactionId in request body 3.Click on send | H124: Valid error message with valid error code(invalid_transactionId) should be displayed in Response body | I124: Pass | L124: Yes
A125: MOSIP-22717 | B125: IdP: Build new APIs for send OTP and user authentication | C125: TC_11 | D125: 1.Relying party sends the request to the Authorization Server. 2.Relaying Party redirect to the authorization Endpoint and displays IDP login page 3.User gets multiple option to login and user click to sign in with OTP and then send-otp endpoint is called. | F125: Verify the response by providing transaction id after some delay. Note: mosip.idp.cache.expire-in-seconds={'preauthsessions': 300, 'authenticated' : 300, 'kyc': 300, 'clientdetails' : 86400 } | G125: 1.Hit https://api.qa-1201-b2.mosip.net/v1/esignet/authorization/send-otp 2.Provide valid request body without providing transactionId in request body 3.Click on send | H125: Valid error message with valid error code(invalid_transactionId) should be displayed in Response body | I125: Pass | L125: Yes
A126: MOSIP-22717 | B126: IdP: Build new APIs for send OTP and user authentication | C126: TC_12 | D126: 1.Relying party sends the request to the Authorization Server. 2.Relaying Party redirect to the authorization Endpoint and displays IDP login page 3.User gets multiple option to login and user click to sign in with OTP and then send-otp endpoint is called. | F126: Verify the response by providing NULL/empty as transactionId value in request body. | G126: 1.Hit https://api.qa-1201-b2.mosip.net/v1/esignet/authorization/send-otp 2.Provide valid request body with Null/Empty as transactionId parameter value 3.Click on send | H126: Valid error message with valid error code(invalid_transactionId) should be displayed in Response body | I126: Pass | L126: Yes
A127: MOSIP-22717 | B127: IdP: Build new APIs for send OTP and user authentication | C127: TC_13 | D127: 1.Relying party sends the request to the Authorization Server. 2.Relaying Party redirect to the authorization Endpoint and displays IDP login page 3.User gets multiple option to login and user click to sign in with OTP and then send-otp endpoint is called. | E127: Endpoint: send-otp Method: POST Request body parameters validation: Validation for " individualId"(Mandatory)parameter Note: Actual UIN or VID value of the authenticating enduser | F127: Verify the response by providing individualId other than UIN/VID in request body. | G127: 1.Hit https://api.qa-1201-b2.mosip.net/v1/esignet/authorization/send-otp 2.Provide valid request body with invalid individualId 3.Click on send | H127: Valid error message with valid error code(invalid_individualId) should be displayed in Response body | I127: Pass | L127: Yes
A128: MOSIP-22717 | B128: IdP: Build new APIs for send OTP and user authentication | C128: TC_14 | D128: 1.Relying party sends the request to the Authorization Server. 2.Relaying Party redirect to the authorization Endpoint and displays IDP login page 3.User gets multiple option to login and user click to sign in with OTP and then send-otp endpoint is called. | F128: Verify the response by providing VID as individualId in request body. | G128: 1.Hit https://api.qa-1201-b2.mosip.net/v1/esignet/authorization/send-otp 2.Provide valid request body with vid as individualId 3.Click on send | H128: User should get success response if allowedIdtype is selected as Vid in id-authentication default properties. | I128: Pass | L128: Yes
A129: MOSIP-22717 | B129: IdP: Build new APIs for send OTP and user authentication | C129: TC_15 | D129: 1.Relying party sends the request to the Authorization Server. 2.Relaying Party redirect to the authorization Endpoint and displays IDP login page 3.User gets multiple option to login and user click to sign in with OTP and then send-otp endpoint is called. | F129: Verify the response by providing UIN as individualId in request body | G129: 1.Hit https://api.qa-1201-b2.mosip.net/v1/esignet/authorization/send-otp 2.Provide valid request body with uin as individualId 3.Click on send | H129: User should get success response if allowedIdtype is selected as UIN in id-authentication default properties. | I129: Pass | L129: Yes
A130: MOSIP-22717 | B130: IdP: Build new APIs for send OTP and user authentication | C130: TC_16 | D130: 1.Relying party sends the request to the Authorization Server. 2.Relaying Party redirect to the authorization Endpoint and displays IDP login page 3.User gets multiple option to login and user click to sign in with OTP and then send-otp endpoint is called. | F130: Verify the response by not providing individualid in request body | G130: 1.Hit https://api.qa-1201-b2.mosip.net/v1/esignet/authorization/send-otp 2.Provide valid request body without individualId 3.Click on send | H130: Valid error message with valid error code(invalid_individualId) should be displayed in Response body | I130: Pass | L130: Yes
A131: MOSIP-22717 | B131: IdP: Build new APIs for send OTP and user authentication | C131: TC_17 | D131: 1.Relying party sends the request to the Authorization Server. 2.Relaying Party redirect to the authorization Endpoint and displays IDP login page 3.User gets multiple option to login and user click to sign in with OTP and then send-otp endpoint is called. | F131: Verify the response by providing empty as individualId value in request body. | G131: 1.Hit https://api.qa-1201-b2.mosip.net/v1/esignet/authorization/send-otp 2.Provide valid request body with Null/EMPTY as individualId value 3.Click on send | H131: Valid error message with valid error code(invalid_individualId) should be displayed in Response body | I131: Pass | L131: Yes
A132: MOSIP-22717 | B132: IdP: Build new APIs for send OTP and user authentication | C132: TC_18 | D132: 1.Relying party sends the request to the Authorization Server. 2.Relaying Party redirect to the authorization Endpoint and displays IDP login page 3.User gets multiple option to login and user click to sign in with OTP and then send-otp endpoint is called. | F132: Verify whether user getting Otp on registered channel when UIN is linked with both email and phone | G132: 1.Hit https://api.qa-1201-b2.mosip.net/v1/esignet/authorization/send-otp 2.Provide individualId as UIN which is linked with both email and mobile number 3.Keep otp channel as both email and phone 4.execute the request | H132: User should get successful response. | I132: Pass | L132: Yes
A133: MOSIP-22717 | B133: IdP: Build new APIs for send OTP and user authentication | C133: TC_19 | D133: 1.Relying party sends the request to the Authorization Server. 2.Relaying Party redirect to the authorization Endpoint and displays IDP login page 3.User gets multiple option to login and user click to sign in with OTP and then send-otp endpoint is called. | F133: Verify whether user getting Otp on registered email when UIN is linked with only email | G133: 1.Hit https://api.qa-1201-b2.mosip.net/v1/esignet/authorization/send-otp 2.Provide individualId as UIN which is only linked with email 3.Keep otp channel as both email and phone 4.execute the request | H133: User should get successful response. | I133: Pass | L133: Yes
A134: MOSIP-22717 | B134: IdP: Build new APIs for send OTP and user authentication | C134: TC_20 | D134: 1.Relying party sends the request to the Authorization Server. 2.Relaying Party redirect to the authorization Endpoint and displays IDP login page 3.User gets multiple option to login and user click to sign in with OTP and then send-otp endpoint is called. | F134: Verify whether user getting Otp on registered email when VID is linked with only email | G134: 1.Hit https://api.qa-1201-b2.mosip.net/v1/esignet/authorization/send-otp 2.Provide individualId as VID which is only linked with email 3.Keep otp channel as both email and phone 4.execute the request | H134: User should get successful response. | I134: Pass | L134: Yes
...

Sheet eSignet UI - Test Cases
A1: Story id | B1: Story Title | C1: TestCase_No | D1: pre requisite | E1: Feature | F1: Scenario | G1: Test case step | H1: Expected Result | I1: Mosipid_testresults | J1: MockId_test results | K1: Remarks
A2: ES-391 | B2: LUser Flow - Register with Mobile Number and Password using Unified Login Feature | C2: TC_camdgc_signup_01 | D2: 1. The relying party is registered as a partner in e-Signet and has a Client ID associated with defined policies and as an enabler of Lvs. Luser 2. The relying party has integrated with e-Signet / One-Login system 3. The relying party has made the necessary changes in it’s portal, to enable the end-user to login 4. The user has a valid mobile number | E2: Login button | F2: Verify the action when user clicks on Login button | G2: 1. click on login button in Relying party portal | H2: User should be redirected to login screen which has a option "Sign-Up with Unified Login". | I2: Pass
A3: ES-391 | B3: LUser Flow - Register with Mobile Number and Password using Unified Login Feature | C3: TC_camdgc_signup_02 | E3: Login button | F3: Verify the action when user clicks on hyperlink "Sign-Up with Unified Login" | G3: 1. click on login button in Relying party 2. click on "Sign-Up with Unified Login". | H3: User should land on Registration screen. | I3: Pass
A4: ES-391 | B4: LUser Flow - Register with Mobile Number and Password using Unified Login Feature | C4: TC_camdgc_signup_03 | E4: Login button | F4: Verify the text and elements present in registration screen | G4: 1. click on login button in Relying party 2. click on "Sign-Up with Unified Login". | H4: Registration screen should have below text and elements. 1. Header: Please enter your mobile number to continue 2. Text box: With an option to enter an 8-9 digits mobile number 3. Option to check the captcha 4. Option to “Continue” 5. Option to navigate back to the previous screen 6. Option to select the preferred Language 7. Logo of the Country 8. Static text in the footer: Powered by e-Signet (logo) | I4: Pass
A5: ES-391 | B5: LUser Flow - Register with Mobile Number and Password using Unified Login Feature | C5: TC_camdgc_signup_04 | E5: Validation in Mobile Number field | F5: Verify the prefilled text in Mobile number text field | G5: 1. click on login button in Relying party 2. click on "Sign-Up with Unified Login". | H5: Text box should be pre-fixed with the Country code +855 | I5: Pass
A6: ES-391 | B6: LUser Flow - Register with Mobile Number and Password using Unified Login Feature | C6: TC_camdgc_signup_05 | F6: Verify the help text embedded within text box | G6: 1. click on login button in Relying party 2. click on "Sign-Up with Unified Login". | H6: The help “Enter 8-9 digit mobile number" should be embedded within the text box | I6: Pass
A7: ES-391 | B7: LUser Flow - Register with Mobile Number and Password using Unified Login Feature | C7: TC_camdgc_signup_06 | F7: Configure Mobile Number length | G7: 1. click on login button in Relying party 2. click on "Sign-Up with Unified Login". | H7: Should be able to signup with increased and decreased no. of Mobile number | I7: Pass
A8: ES-391 | B8: LUser Flow - Register with Mobile Number and Password using Unified Login Feature | C8: TC_camdgc_signup_07 | F8: Configure Help text | G8: 1. click on login button in Relying party 2. click on "Sign-Up with Unified Login". | H8: Help text message should be replaced with updated message | I8: Pass
A9: ES-391 | B9: LUser Flow - Register with Mobile Number and Password using Unified Login Feature | C9: TC_camdgc_signup_08 | F9: Verify the state of Captcha check box on visiting Registration screen | G9: 1. click on login button in Relying party 2. click on "Sign-Up with Unified Login". | H9: By default check box should be deselected | I9: Pass
A10: ES-391 | B10: LUser Flow - Register with Mobile Number and Password using Unified Login Feature | C10: TC_camdgc_signup_09 | F10: Verify the state of "Continue button" in Registration screen when only Mobile number is enetered | G10: 1. click on login button in Relying party 2. click on "Sign-Up with Unified Login". | H10: "Continue button" should be enabled only after the mobile number is entered and the captcha is checked. | I10: Pass
A11: ES-391 | B11: LUser Flow - Register with Mobile Number and Password using Unified Login Feature | C11: TC_camdgc_signup_10 | F11: Verify the state of "Continue button" in Registration screen when only Captcha is checked | G11: 1. click on login button in Relying party 2. click on "Sign-Up with Unified Login". | H11: "Continue button" should be enabled only after the mobile number is entered and the captcha is checked. | I11: Pass
A12: ES-391 | B12: LUser Flow - Register with Mobile Number and Password using Unified Login Feature | C12: TC_camdgc_signup_11 | F12: Enter digit mobile number in text field | G12: 1. click on login button in Relying party 2. click on "Sign-Up with Unified Login". | H12: User should be able enter digit number with out getting any error messages. | I12: Pass
A13: ES-391 | B13: LUser Flow - Register with Mobile Number and Password using Unified Login Feature | C13: TC_camdgc_signup_12 | F13: Enter 9 digit mobile number in text field | G13: 1. click on login button in Relying party 2. click on "Sign-Up with Unified Login". | H13: User should be able enter 9 digit number with out getting any error messages. | I13: Pass
A14: ES-391 | B14: LUser Flow - Register with Mobile Number and Password using Unified Login Feature | C14: TC_camdgc_signup_13 | F14: Enter more than 9 digits number in Mobile Number field | G14: 1. click on login button in Relying party 2. click on "Sign-Up with Unified Login". | H14: System should restrict to input after 9 digits. | I14: Pass
A15: ES-391 | B15: LUser Flow - Register with Mobile Number and Password using Unified Login Feature | C15: TC_camdgc_signup_14 | F15: Enter less than digits number in Mobile Number field | G15: 1. click on login button in Relying party 2. click on "Sign-Up with Unified Login". | H15: Should display error message "Enter valid username." (Inline) | I15: Pass
A16: ES-391 | B16: LUser Flow - Register with Mobile Number and Password using Unified Login Feature | C16: TC_camdgc_signup_15 | F16: Enter digit mobile number starting with 0 | G16: 1. click on login button in Relying party 2. click on "Sign-Up with Unified Login". | H16: Should display error message on tab out "Enter valid username" (Inline) | I16: Pass
A17: ES-391 | B17: LUser Flow - Register with Mobile Number and Password using Unified Login Feature | C17: TC_camdgc_signup_16 | F17: Enter 0's (Zero's) in Mobile number field | G17: 1. click on login button in Relying party 2. click on "Sign-Up with Unified Login". | H17: Should display error message on tab out "Enter valid username" (Inline) | I17: Pass
... A29: ES-391 | B29: LUser Flow - Register with Mobile Number and Password using Unified Login Feature | C29: TC_camdgc_signup_28 | F29: Switch the language from default language to different language in the dropdown | G29: 1. click on login button in Relying party 2. click on "Sign-Up with Unified Login". | H29: Registration screen should be rendered in the language that is selected in the language dropdown | I29: Pass
A30: ES-391 | B30: LUser Flow - Register with Mobile Number and Password using Unified Login Feature | C30: TC_camdgc_signup_29 | F30: Language configuration removing the language and verify if system works. (signle language) | H30: Entire portal should load in single language | I30: Pass
A31: ES-391 | B31: LUser Flow - Register with Mobile Number and Password using Unified Login Feature | C31: TC_camdgc_signup_30 | F31: click on "continue" button after entering valid Mobile number and captcha is checked | G31: 1. click on login button in Relying party 2. click on "Sign-Up with Unified Login". | H31: User should be navigated to Otp screen. | I31: Pass
A32: ES-391 | B32: LUser Flow - Register with Mobile Number and Password using Unified Login Feature | C32: TC_camdgc_signup_31 | F32: Verify the field labels, buttons and text present in "Enter Otp screen." | G32: 1. click on login button in Relying party 2. click on "Sign-Up with Unified Login". 3. click on "Continue" button after entering Mobile number and Captcha | H32: 1. Header: Enter OTP 2. Description: Please enter 6-digit OTP received on your number +85xxxx 67(Where the actual number should be provided with first digits after country code and should be masked. 3. Option to enter the OTP 4. Option to “Verify” OTP 5.Timer counting down from 3mins 6. Option to “Resend OTP”. 7. Option to go back and update the mobile number | I32: Pass
A33: ES-391 | B33: LUser Flow - Register with Mobile Number and Password using Unified Login Feature | C33: TC_camdgc_signup_32 | F33: Modify the description in Otp screen and verify changes on screen | G33: 1. click on login button in Relying party 2. click on "Sign-Up with Unified Login". 3. click on "Continue" button after entering Mobile number and Captcha | H33: The changed description should be reflected in Otp screen | I33: Pass
A34: ES-391 | B34: LUser Flow - Register with Mobile Number and Password using Unified Login Feature | C34: TC_camdgc_signup_33 | F34: Increase the Otp timer in the configuration from 3 to and verify the Otp timer expiry property: mosip.signup.challenge.resend-delay=${mosip.signup.challenge.timeout} mosip.signup.challenge.timeout | G34: 1. click on login button in Relying party 2. click on "Sign-Up with Unified Login". 3. click on "Continue" button after entering Mobile number and Captcha | H34: The Otp should expiry in mins and resendOtp button should be enabled | I34: Pass
A35: ES-391 | B35: LUser Flow - Register with Mobile Number and Password using Unified Login Feature | C35: TC_camdgc_signup_34 | F35: Increase the Otp timer in the configuration from 3 to and verify the Otp timer expiry | G35: 1. click on login button in Relying party 2. click on "Sign-Up with Unified Login". 3. click on "Continue" button after entering Mobile number and Captcha | H35: The Otp should expiry in mins and resendOtp button should be enabled | I35: Pass
A36: ES-391 | B36: LUser Flow - Register with Mobile Number and Password using Unified Login Feature | C36: TC_camdgc_signup_35 | F36: Verify the ResendOtp button when Otp timer drops to 0 | G36: 1. click on login button in Relying party 2. click on "Sign-Up with Unified Login". 3. click on "Continue" button after entering Mobile number and Captcha | H36: ResendOtp button should be enabled. | I36: Pass
A37: ES-391 | B37: LUser Flow - Register with Mobile Number and Password using Unified Login Feature | C37: TC_camdgc_signup_36 | F37: Resend the Otp when Otp timer drops to 0 for the first time | G37: 1. click on login button in Relying party 2. click on "Sign-Up with Unified Login". 3. click on "Continue" button after entering Mobile number and Captcha | H37: On click, the OTP should be resent to the registered mobile number | I37: Pass
A38: ES-391 | B38: LUser Flow - Register with Mobile Number and Password using Unified Login Feature | C38: TC_camdgc_signup_37 | D38: ResendOtp is configured to 3 | F38: Verify the No. of attempts left to resendOtp when it was clicked for first time | G38: 1. click on login button in Relying party 2. click on "Sign-Up with Unified Login". 3. click on "Continue" button after entering Mobile number and Captcha | H38: Should display of 3 attempts left in the bottom on Otp screen (below resendOtp button). | I38: Pass
A39: ES-391 | B39: LUser Flow - Register with Mobile Number and Password using Unified Login Feature | C39: TC_camdgc_signup_38 | F39: Resend the Otp when Otp timer drops to 0 for the second time | G39: 1. click on login button in Relying party 2. click on "Sign-Up with Unified Login". 3. click on "Continue" button after entering Mobile number and Captcha | H39: On click, the OTP should be resent to the registered mobile number | I39: Pass
A40: ES-391 | B40: LUser Flow - Register with Mobile Number and Password using Unified Login Feature | C40: TC_camdgc_signup_39 | F40: Verify the No. of attempts left to resendOtp when it was clicked for second time | G40: 1. click on login button in Relying party 2. click on "Sign-Up with Unified Login". 3. click on "Continue" button after entering Mobile number and Captcha | H40: Should display of 3 attempts left in the bottom on Otp screen (below resendOtp button). | I40: Pass
A41: ES-391 | B41: LUser Flow - Register with Mobile Number and Password using Unified Login Feature | C41: TC_camdgc_signup_40 | F41: Resend the Otp when Otp timer drops to 0 for the third time | G41: 1. click on login button in Relying party 2. click on "Sign-Up with Unified Login". 3. click on "Continue" button after entering Mobile number and Captcha | H41: On click, the OTP should be resent to the registered mobile number | I41: Pass
A42: ES-391 | B42: LUser Flow - Register with Mobile Number and Password using Unified Login Feature | C42: TC_camdgc_signup_41 | F42: Verify the No. of attempts left to resendOtp when it was clicked for third time | G42: 1. click on login button in Relying party 2. click on "Sign-Up with Unified Login". 3. click on "Continue" button after entering Mobile number and Captcha | H42: Should display 0 of 3 attempts left. Please try again after minutes. in the bottom on Otp screen (below resendOtp button). | I42: Pass
A43: ES-391 | B43: LUser Flow - Register with Mobile Number and Password using Unified Login Feature | C43: TC_camdgc_signup_42 | F43: Resend the Otp when Otp timer drops to 0 for the fourth time (Otp limit is configured only for 3 attempts) | G43: 1. click on login button in Relying party 2. click on "Sign-Up with Unified Login". 3. click on "Continue" button after entering Mobile number and Captcha | H43: ResendOtp button should be disabled. | I43: Pass
A44: ES-391 | B44: LUser Flow - Register with Mobile Number and Password using Unified Login Feature | C44: TC_camdgc_signup_43 | F44: Configure resendOtp button, enabling delay from mins to mins property: mosip.signup.challenge.resend-delay=${mosip.signup.challenge.timeout} | G44: 1. click on login button in Relying party 2. click on "Sign-Up with Unified Login". 3. click on "Continue" button after entering Mobile number and Captcha | H44: ResendOtp button should be enabled after 7mins after exhausting all the available attempts | I44: Pass
A45: ES-391 | B45: LUser Flow - Register with Mobile Number and Password using Unified Login Feature | C45: TC_camdgc_signup_44 | F45: Increase the ResendOtp limit to and verify the No. of attempts left out of '' in the Otp screen property: mosip.signup.challenge.resend-attempt=5 | G45: 1. click on login button in Relying party 2. click on "Sign-Up with Unified Login". 3. click on "Continue" button after entering Mobile number and Captcha | H45: Total attempts left should be changed to from 3 in the Otp screen | I45: Pass
A46: ES-391 | B46: LUser Flow - Register with Mobile Number and Password using Unified Login Feature | C46: TC_camdgc_signup_45 | F46: decrease the ResendOtp limit to and verify the No. of attempts left out of '' in the Otp screen property: mosip.signup.challenge.resend-attempt=2 | G46: 1. click on login button in Relying party 2. click on "Sign-Up with Unified Login". 3. click on "Continue" button after entering Mobile number and Captcha | H46: Total attempts left should be changed to from in the Otp screen | I46: Pass
A47: ES-391 | B47: LUser Flow - Register with Mobile Number and Password using Unified Login Feature | C47: TC_camdgc_signup_46 | F47: Update/change the Mobile number while in Otp screen | G47: 1. click on login button in Relying party 2. click on "Sign-Up with Unified Login". 3. click on "Continue" button after entering Mobile number and Captcha 4, Click on back arrow. | H47: User should be redirected back to 'Enter mobile number screen'. | I47: Pass
A48: ES-391 | B48: LUser Flow - Register with Mobile Number and Password using Unified Login Feature | C48: TC_camdgc_signup_47 | F48: Verify the error message when User enters Expired Otp and clicks on verify button | G48: 1. click on login button in Relying party 2. click on "Sign-Up with Unified Login". 3. click on "Continue" button after entering Mobile number and Captcha | H48: Should display error message "Entered OTP has expired. Please try again". (Action message: On top) | I48: Pass
A49: ES-391 | B49: LUser Flow - Register with Mobile Number and Password using Unified Login Feature | C49: TC_camdgc_signup_48 | F49: Verify the error message when User enters invalid Otp and clicks on verify button | G49: 1. click on login button in Relying party 2. click on "Sign-Up with Unified Login". 3. click on "Continue" button after entering Mobile number and Captcha | H49: Should display error message "Entered OTP is incorrect. Please try again". (Action message: On top) | I49: Pass
A50: ES-391 | B50: LUser Flow - Register with Mobile Number and Password using Unified Login Feature | C50: TC_camdgc_signup_49 | F50: Enter Special characters as a Otp | G50: 1. click on login button in Relying party 2. click on "Sign-Up with Unified Login". 3. click on "Continue" button after entering Mobile number and Captcha | H50: Otp field should allow input of numbers only. | I50: Pass
... A62: ES-391 | B62: LUser Flow - Register with Mobile Number and Password using Unified Login Feature | C62: TC_camdgc_signup_61 | F62: Verify the data in "Username" field | G62: 1. click on login button in Relying party 2. click on "Sign-Up with Unified Login". 3. click on "Continue" button after entering Mobile number and Captcha 4. click on verify with valid Otp. 5. click on 'Continue' button in success screen. (Mobile number verified) | H62: 1. Field “Username” should be automatically populated as the mobile number entered previously & verified. 2. Non-editable | I62: Pass
A63: ES-391 | B63: LUser Flow - Register with Mobile Number and Password using Unified Login Feature | C63: TC_camdgc_signup_62 | E63: Full Name in Khmer field | F63: Verify the language in which “Full Name in Khmer” field is displayed | G63: 1. click on login button in Relying party 2. click on "Sign-Up with Unified Login". 3. click on "Continue" button after entering Mobile number and Captcha 4. click on verify with valid Otp. 5. click on 'Continue' button in success screen. (Mobile number verified) | H63: “Full Name in Khmer” field should be displayed in Khmer by default | I63: Pass
A64: ES-391 | B64: LUser Flow - Register with Mobile Number and Password using Unified Login Feature | C64: TC_camdgc_signup_63 | F64: Verify the water mark text in "Full Name in Khmer" field | G64: 1. click on login button in Relying party 2. click on "Sign-Up with Unified Login". 3. click on "Continue" button after entering Mobile number and Captcha 4. click on verify with valid Otp. 5. click on 'Continue' button in success screen. (Mobile number verified) | H64: "Enter Full Name in Khmer " should be the watermark text in "Full Name in Khmer" field. | I64: Pass
A65: ES-391 | B65: LUser Flow - Register with Mobile Number and Password using Unified Login Feature | C65: TC_camdgc_signup_64 | F65: Verify the language in which water mark text is displayed | G65: 1. click on login button in Relying party 2. click on "Sign-Up with Unified Login". 3. click on "Continue" button after entering Mobile number and Captcha 4. click on verify with valid Otp. 5. click on 'Continue' button in success screen. (Mobile number verified) | H65: The watermark text should be displayed in default language Khmer until we switch the language. | I65: Pass
A66: ES-391 | B66: LUser Flow - Register with Mobile Number and Password using Unified Login Feature | C66: TC_camdgc_signup_65 | F66: Verify the error message on Tab out when "Full Name in Khmer" field is enter in the language other than Khmer like eng. | G66: 1. click on login button in Relying party 2. click on "Sign-Up with Unified Login". 3. click on "Continue" button after entering Mobile number and Captcha 4. click on verify with valid Otp. 5. click on 'Continue' button in success screen. (Mobile number verified) | H66: Should be able to enter only Khmer characters | I66: Pass
A67: ES-391 | B67: LUser Flow - Register with Mobile Number and Password using Unified Login Feature | C67: TC_camdgc_signup_66 | F67: Enter more than 30 characters in "Full Name in Khmer" field | G67: 1. click on login button in Relying party 2. click on "Sign-Up with Unified Login". 3. click on "Continue" button after entering Mobile number and Captcha 4. click on verify with valid Otp. 5. click on 'Continue' button in success screen. (Mobile number verified) | H67: System should restrict to input more than 30 characters in "Full Name in Khmer" field | I67: Pass
A68: ES-391 | B68: LUser Flow - Register with Mobile Number and Password using Unified Login Feature | C68: TC_camdgc_signup_67 | F68: Enter Special characters as value in "Full Name in Khmer" field | G68: 1. click on login button in Relying party 2. click on "Sign-Up with Unified Login". 3. click on "Continue" button after entering Mobile number and Captcha 4. click on verify with valid Otp. 5. click on 'Continue' button in success screen. (Mobile number verified) | H68: System should restrict the special characters | I68: Pass
A69: ES-391 | B69: LUser Flow - Register with Mobile Number and Password using Unified Login Feature | C69: TC_camdgc_signup_68 | F69: Enter Alpha numeric characters as value in "Full Name in Khmer" field | G69: 1. click on login button in Relying party 2. click on "Sign-Up with Unified Login". 3. click on "Continue" button after entering Mobile number and Captcha 4. click on verify with valid Otp. 5. click on 'Continue' button in success screen. (Mobile number verified) | H69: System should restrict the alphanumeric characters | I69: Pass
A70: ES-391 | B70: LUser Flow - Register with Mobile Number and Password using Unified Login Feature | C70: TC_camdgc_signup_69 | F70: Enter only number as value in "full Name in Khmer" field | G70: 1. click on login button in Relying party 2. click on "Sign-Up with Unified Login". 3. click on "Continue" button after entering Mobile number and Captcha 4. click on verify with valid Otp. 5. click on 'Continue' button in success screen. (Mobile number verified) | H70: System should restrict the numbers | I70: Pass
A71: ES-391 | B71: LUser Flow - Register with Mobile Number and Password using Unified Login Feature | C71: TC_camdgc_signup_70 | F71: Enter only spaces in "Full Name in Khmer" field | G71: 1. click on login button in Relying party 2. click on "Sign-Up with Unified Login". 3. click on "Continue" button after entering Mobile number and Captcha 4. click on verify with valid Otp. 5. click on 'Continue' button in success screen. (Mobile number verified) | H71: Should allow input of space, and consider each space should be counted as characters entered. Should render error message if user entered all spaces. Message: Please enter a valid name. | I71: Pass
A72: ES-391 | B72: LUser Flow - Register with Mobile Number and Password using Unified Login Feature | C72: TC_camdgc_signup_71 | E72: Password field | F72: Verify the wark mark text in Password field | G72: 1. click on login button in Relying party 2. click on "Sign-Up with Unified Login". 3. click on "Continue" button after entering Mobile number and Captcha 4. click on verify with valid Otp. 5. click on 'Continue' button in success screen. (Mobile number verified) | H72: Text should be : Enter Password | I72: Pass
A73: ES-391 | B73: LUser Flow - Register with Mobile Number and Password using Unified Login Feature | C73: TC_camdgc_signup_72 | F73: Enter password that is characters and have special characters and Capital letters | G73: 1. click on login button in Relying party 2. click on "Sign-Up with Unified Login". 3. click on "Continue" button after entering Mobile number and Captcha 4. click on verify with valid Otp. 5. click on 'Continue' button in success screen. (Mobile number verified) | H73: Should display error message on tab out as entered password is not as per the password policy. error message: “Password does not meet the password policy. Click on "i" to know more.” | I73: Pass
A74: ES-391 | B74: LUser Flow - Register with Mobile Number and Password using Unified Login Feature | C74: TC_camdgc_signup_73 | F74: Enter the password less than characters and verify the error message | G74: 1. click on login button in Relying party 2. click on "Sign-Up with Unified Login". 3. click on "Continue" button after entering Mobile number and Captcha 4. click on verify with valid Otp. 5. click on 'Continue' button in success screen. (Mobile number verified) | H74: Should display error message as “Password does not meet the password policy. Click on "i" to know more.” (Inline) | I74: Pass
A75: ES-391 | B75: LUser Flow - Register with Mobile Number and Password using Unified Login Feature | C75: TC_camdgc_signup_74 | F75: Enter password that is more than 20 characters | G75: 1. click on login button in Relying party 2. click on "Sign-Up with Unified Login". 3. click on "Continue" button after entering Mobile number and Captcha 4. click on verify with valid Otp. 5. click on 'Continue' button in success screen. (Mobile number verified) | H75: System should restrict the password field to have only 20 character. | I75: Pass
A76: ES-391 | B76: LUser Flow - Register with Mobile Number and Password using Unified Login Feature | C76: TC_camdgc_signup_75 | F76: Verify the water mark text in "Confirm Password" field | G76: 1. click on login button in Relying party 2. click on "Sign-Up with Unified Login". 3. click on "Continue" button after entering Mobile number and Captcha 4. click on verify with valid Otp. 5. click on 'Continue' button in success screen. (Mobile number verified) | H76: Text should be : Enter Password | I76: Pass
A77: ES-391 | B77: LUser Flow - Register with Mobile Number and Password using Unified Login Feature | C77: TC_camdgc_signup_76 | F77: Enter the different password in "Confirm password " field thats not matching the password entered in "Password" field | G77: 1. click on login button in Relying party 2. click on "Sign-Up with Unified Login". 3. click on "Continue" button after entering Mobile number and Captcha 4. click on verify with valid Otp. 5. click on 'Continue' button in success screen. (Mobile number verified) | H77: Should display error message "Password and Confirm Password do not match." (Inline) | I77: Pass
A78: ES-391 | B78: LUser Flow - Register with Mobile Number and Password using Unified Login Feature | C78: TC_camdgc_signup_77 | F78: Enter password in "Confirm password " field that is having characters more than 20 | G78: 1. click on login button in Relying party 2. click on "Sign-Up with Unified Login". 3. click on "Continue" button after entering Mobile number and Captcha 4. click on verify with valid Otp. 5. click on 'Continue' button in success screen. (Mobile number verified) | H78: System should restrict the password field to have only 20 character. | I78: Pass
A79: ES-391 | B79: LUser Flow - Register with Mobile Number and Password using Unified Login Feature | C79: TC_camdgc_signup_78 | F79: Enter password in "Confirm password " field that is having characters less than 8 | G79: 1. click on login button in Relying party 2. click on "Sign-Up with Unified Login". 3. click on "Continue" button after entering Mobile number and Captcha 4. click on verify with valid Otp. 5. click on 'Continue' button in success screen. (Mobile number verified) | H79: System should display error message “Password does not meet the password policy. Click on "i" to know more.” (Inline) | I79: Pass
A80: ES-391 | B80: LUser Flow - Register with Mobile Number and Password using Unified Login Feature | C80: TC_camdgc_signup_79 | F80: Verify the visibility of password in both "Password","Confirm password" fields. | G80: 1. click on login button in Relying party 2. click on "Sign-Up with Unified Login". 3. click on "Continue" button after entering Mobile number and Captcha 4. click on verify with valid Otp. 5. click on 'Continue' button in success screen. (Mobile number verified) | H80: By default password should be masked in both the fields. | I80: Pass
A81: ES-391 | B81: LUser Flow - Register with Mobile Number and Password using Unified Login Feature | C81: TC_camdgc_signup_80 | F81: Unmask the masked password by clicking on unmask/mask icon | G81: 1. click on login button in Relying party 2. click on "Sign-Up with Unified Login". 3. click on "Continue" button after entering Mobile number and Captcha 4. click on verify with valid Otp. 5. click on 'Continue' button in success screen. (Mobile number verified) | H81: Password should be unmasked | I81: Pass
A82: ES-391 | B82: LUser Flow - Register with Mobile Number and Password using Unified Login Feature | C82: TC_camdgc_signup_81 | F82: Unmask the masked password in "Confirm password " field by clicking on unmask/mask icon | G82: 1. click on login button in Relying party 2. click on "Sign-Up with Unified Login". 3. click on "Continue" button after entering Mobile number and Captcha 4. click on verify with valid Otp. 5. click on 'Continue' button in success screen. (Mobile number verified) | H82: confirm password should be unmasked | I82: Pass
A83: ES-391 | B83: LUser Flow - Register with Mobile Number and Password using Unified Login Feature | C83: TC_camdgc_signup_82 | F83: mask the unmasked password by clicking on unmask/mask icon | G83: 1. click on login button in Relying party 2. click on "Sign-Up with Unified Login". 3. click on "Continue" button after entering Mobile number and Captcha 4. click on verify with valid Otp. 5. click on 'Continue' button in success screen. (Mobile number verified) | H83: Password should be masked | I83: Pass
A84: ES-391 | B84: LUser Flow - Register with Mobile Number and Password using Unified Login Feature | C84: TC_camdgc_signup_83 | F84: mask the unmasked password in "Confirm password " field by clicking on unmask/mask icon | G84: 1. click on login button in Relying party 2. click on "Sign-Up with Unified Login". 3. click on "Continue" button after entering Mobile number and Captcha 4. click on verify with valid Otp. 5. click on 'Continue' button in success screen. (Mobile number verified) | H84: confirm password should be masked | I84: Pass
... A103: ES-391 | B103: LUser Flow - Register with Mobile Number and Password using Unified Login Feature | C103: TC_camdgc_signup_102 | F103: Verify the action when user clicks on 'Continue' button after filling all valid details | G103: 1. click on login button in Relying party 2. click on "Sign-Up with Unified Login". 3. click on "Continue" button after entering Mobile number and Captcha 4. click on verify with valid Otp. 5. click on 'Continue' button in success screen. (Mobile number verified) | H103: System should display interim screen with a message stating: “Account setup in progress! Please wait while we setup your account.” | I103: Pass
A104: ES-391 | B104: LUser Flow - Register with Mobile Number and Password using Unified Login Feature | C104: TC_camdgc_signup_103 | D104: user initiates the process from the relying party’s portal | F104: Verify the success message when Account setup is done successfully | G104: 1. click on login button in Relying party 2. click on "Sign-Up with Unified Login". 3. click on "Continue" button after entering Mobile number and Captcha 4. click on verify with valid Otp. 5. click on 'Continue' button in success screen. (Mobile number verified) 6. Click on 'Continue' button after filling all mandatory fields in Account setup screen | H104: Should display: (New screen) Message: Congratulations! Your account has been created successfully. Please login to proceed. Option to click on “Login” | I104: Pass
A105: ES-391 | B105: LUser Flow - Register with Mobile Number and Password using Unified Login Feature | C105: TC_camdgc_signup_104 | F105: Verify the action when user clicks on Login button | G105: 1. click on login button in Relying party 2. click on "Sign-Up with Unified Login". 3. click on "Continue" button after entering Mobile number and Captcha 4. click on verify with valid Otp. 5. click on 'Continue' button in success screen. (Mobile number verified) 6. Click on 'Continue' button after filling all mandatory fields in Account setup screen | H105: User should be navigated to the Login screen of eSignet | I105: Pass
A106: ES-391 | B106: LUser Flow - Register with Mobile Number and Password using Unified Login Feature | C106: TC_camdgc_signup_105 | F106: Setup the account directly from sign up portal | G106: 1. https://signup.camdgc-qa2.mosip.net/ 2. click on "Register". 3. click on "Continue" button after entering Mobile number and Captcha 4. click on verify with valid Otp. 5. click on 'Continue' button in success screen. (Mobile number verified) 6. Click on 'Continue' button after filling all mandatory fields in Account setup screen" | H106: If user navigates to directly to the Sign Up portal and/or if user refines the sign up URL, then in that case the system should render the below error message (page-level message) Message: Header: Oops! The page you are looking for does not exist. Message: Please try navigating using the options below. Buttons: Reset Password, Register On click of “Register”, user is navigated to the sign up portal to imitate registration on the registration screen. | I106: Pass
A107: ES-391 | B107: LUser Flow - Register with Mobile Number and Password using Unified Login Feature | C107: TC_camdgc_signup_106 | F107: Verify the success message when Account setup is done successfully | G107: 1. https://signup.camdgc-qa2.mosip.net/ 2. click on "Register". 3. click on ""Continue"" button after entering Mobile number and Captcha 4. click on verify with valid Otp. 5. click on 'Continue' button in success screen. (Mobile number verified) 6. Click on 'Continue' button after filling all mandatory fields in Account setup screen" | H107: Should display: (New screen) Message: Congratulations! Your account has been created successfully. Start using your registered number & password with service providers to avail the required services. Option to click on “Okay” | I107: Pass
A108: ES-391 | B108: LUser Flow - Register with Mobile Number and Password using Unified Login Feature | C108: TC_camdgc_signup_107 | F108: Verify the action when user clicks on 'Okay' button | G108: 1. https://signup.camdgc-qa2.mosip.net/ 2. click on"Register". 3. click on ""Continue"" button after entering Mobile number and Captcha 4. click on verify with valid Otp. 5. click on 'Continue' button in success screen. (Mobile number verified) 6. Click on 'Continue' button after filling all mandatory fields in Account setup screen" | H108: User should be navigated back to the landing page of the Sign Up portal | I108: Pass
A109: ES-391 | B109: LUser Flow - Register with Mobile Number and Password using Unified Login Feature | C109: TC_camdgc_signup_108 | F109: Change UI theme and logo's configuration | G109: 1. update the css variable file and deploy the changes. | H109: UI should be changed as per provided theme | I109: Pass
A110: ES-391 | B110: LUser Flow - Register with Mobile Number and Password using Unified Login Feature | C110: TC_camdgc_signup_109 | F110: Verify the disapperance of error messages on the screen. | G110: 1. All Action messages should disappear for configured property: popup.timeout': 10, | H110: Error message should disappear post secs. | I110: Pass
A111: ES-391 | B111: LUser Flow - Register with Mobile Number and Password using Unified Login Feature | C111: TC_camdgc_signup_110 | F111: Dismiss the error message by clicking on 'X' before secs | G111: 1. All Action messages should disappear for configured property: popup.timeout': 10, | H111: Error message should be cleared off from the screen | I111: Pass
A112: ES-391 | B112: LUser Flow - Register with Mobile Number and Password using Unified Login Feature | C112: TC_camdgc_signup_111 | F112: Verify the disapperance of error messages on the screen when user tries to input data before 10sec | G112: 1. All Action messages should disappear for configured property: popup.timeout': 10, | H112: Error message should be cleared off from the screen | I112: Pass
A113: ES-391 | B113: LUser Flow - Register with Mobile Number and Password using Unified Login Feature | C113: TC_camdgc_signup_112 | F113: configure error message disappear time to 20 sec and verify the error message visibility in the screen property: 'popup.timeout': 20, | G113: 1. All Action messages should disappear for configured property: popup.timeout': 20, | H113: Error message should disappear post 20 secs. | I113: Pass
A114: ES-391 | B114: LUser Flow - Register with Mobile Number and Password using Unified Login Feature | C114: TC_camdgc_signup_113 | F114: configure error message disappear time to sec and verify the error message visibility in the screen property: 'popup.timeout': 6, | G114: 1. All Action messages should disappear for configured property: popup.timeout': 6, | H114: Error message should disappear post secs. | I114: Pass
A115: ES-391 | B115: LUser Flow - Register with Mobile Number and Password using Unified Login Feature | C115: TC_camdgc_signup_114 | F115: Verify the default language in which UI is rendered | G115: 1. click on login button in Relying party 2. click on "Sign-Up with Unified Login". | H115: UI should be rendered in default Khmer language | I115: Pass
A116: ES-391 | B116: LUser Flow - Register with Mobile Number and Password using Unified Login Feature | C116: TC_camdgc_signup_115 | F116: Switch the language from Khmer to English | G116: 1. click on login button in Relying party 2. click on "Sign-Up with Unified Login". | H116: UI should be rendered in English | I116: Pass
A117: ES-391 | B117: LUser Flow - Register with Mobile Number and Password using Unified Login Feature | C117: TC_camdgc_signup_116 | F117: Verify the buttons, labels and text when language is switched to English language | G117: 1. click on login button in Relying party 2. click on "Sign-Up with Unified Login". | H117: All the elements, text and buttons should be displayed in english | I117: Pass | K117: https://mosip.atlassian.net/browse/ES-791
A118: ES-391 | B118: LUser Flow - Register with Mobile Number and Password using Unified Login Feature | C118: TC_camdgc_signup_117 | F118: Switch the language from English to Khmer | G118: 1. click on login button in Relying party 2. click on "Sign-Up with Unified Login". | H118: UI should be rendered in Khmer | I118: Pass
A119: ES-391 | B119: LUser Flow - Register with Mobile Number and Password using Unified Login Feature | C119: TC_camdgc_signup_118 | F119: Verify the buttons, labels and text when language is switched to Khmer language | G119: 1. click on login button in Relying party 2. click on "Sign-Up with Unified Login". | H119: All the elements, text and buttons should be displayed in Khmer | I119: Pass
A120: ES-391 | B120: LUser Flow - Register with Mobile Number and Password using Unified Login Feature | C120: TC_camdgc_signup_119 | F120: Verify the error handling page for HTTP response status codes: 1. 5XX → 500 | H120: Should display error message: //error message will change as per error code “Something went wrong”. “Our experts are working hard to make things working again. Please try again later.” | I120: Pass
A121: ES-391 | B121: LUser Flow - Register with Mobile Number and Password using Unified Login Feature | C121: TC_camdgc_signup_120 | F121: Switch the language in error handler page | H121: The error message should be changed as per language switch | I121: Pass
A122: ES-391 | B122: LUser Flow - Register with Mobile Number and Password using Unified Login Feature | C122: TC_camdgc_signup_121 | F122: Verify the error handling page for HTTP response status codes: 1. 5XX → 502 | H122: Should display error message: //error message will change as per error code “Something went wrong”. “Our experts are working hard to make things working again. Please try again later.” | I122: Pass
A123: ES-391 | B123: LUser Flow - Register with Mobile Number and Password using Unified Login Feature | C123: TC_camdgc_signup_122 | F123: Switch the language in error handler page | H123: The error message should be changed as per language switch | I123: Pass
A124: ES-391 | B124: LUser Flow - Register with Mobile Number and Password using Unified Login Feature | C124: TC_camdgc_signup_123 | F124: Verify the error handling page for HTTP response status codes: 1. 5XX → 503 | H124: Should display error message: //error message will change as per error code “Something went wrong”. “Our experts are working hard to make things working again. Please try again later.” | I124: Pass
A125: ES-391 | B125: LUser Flow - Register with Mobile Number and Password using Unified Login Feature | C125: TC_camdgc_signup_124 | F125: Switch the language in error handler page | H125: The error message should be changed as per language switch | I125: Pass
A126: ES-391 | B126: LUser Flow - Register with Mobile Number and Password using Unified Login Feature | C126: TC_camdgc_signup_125 | F126: Verify the error handling page for HTTP response status codes: 1. 5XX → 504 | H126: Should display error message: //error message will change as per error code “Something went wrong”. “Our experts are working hard to make things working again. Please try again later.” | I126: Pass
A127: ES-391 | B127: LUser Flow - Register with Mobile Number and Password using Unified Login Feature | C127: TC_camdgc_signup_126 | F127: Switch the language in error handler page | H127: The error message should be changed as per language switch | I127: Pass
A128: ES-391 | B128: LUser Flow - Register with Mobile Number and Password using Unified Login Feature | C128: TC_camdgc_signup_127 | F128: Verify the error handling page for HTTP response status codes: 1.4XX → 400 | H128: Should display error message: // error message will change as per error code “Something went wrong”. “Our experts are working hard to make things working again. Please try again later.” | I128: Pass
A129: ES-391 | B129: LUser Flow - Register with Mobile Number and Password using Unified Login Feature | C129: TC_camdgc_signup_128 | F129: Switch the language in error handler page | H129: The error message should be changed as per language switch | I129: Pass
A130: ES-391 | B130: LUser Flow - Register with Mobile Number and Password using Unified Login Feature | C130: TC_camdgc_signup_129 | F130: Verify the error handling page for HTTP response status codes: 1.4XX → 403 | H130: Should display error message: // error message will change as per error code “Something went wrong”. “Our experts are working hard to make things working again. Please try again later.” | I130: Pass
A131: ES-391 | B131: LUser Flow - Register with Mobile Number and Password using Unified Login Feature | C131: TC_camdgc_signup_130 | F131: Switch the language in error handler page | H131: The error message should be changed as per language switch | I131: Pass
... A138: ES-391 | B138: LUser Flow - Register with Mobile Number and Password using Unified Login Feature | C138: TC_camdgc_signup_137 | F138: Verify the audit events for all the action | H138: Each event should be audited | I138: Pass
A139: ES-391 | B139: LUser Flow - Register with Mobile Number and Password using Unified Login Feature | C139: TC_camdgc_signup_138 | F139: Setup account after transaction gets expired | G139: 1. click on login button in Relying party 2. click on "Sign-Up with Unified Login". 3. click on "Continue" button after entering Mobile number and Captcha 4. click on verify with valid Otp. 5. wait until transaction get expired 5. click on 'Continue' button in success screen. (Mobile number verified) | H139: Should display error message:(Pop-Up message) Header: Error! Message: The transaction has timed out. Please try again. Button: Okay | I139: Pass
A140: ES-391 | B140: LUser Flow - Register with Mobile Number and Password using Unified Login Feature | C140: TC_camdgc_signup_139 | F140: Verify the action when user clicks on 'Okay' button | G140: 1. click on login button in Relying party 2. click on "Sign-Up with Unified Login". 3. click on "Continue" button after entering Mobile number and Captcha 4. click on verify with valid Otp. 5. wait until transaction get expired 5. click on 'Continue' button in success screen. (Mobile number verified) | H140: User should be navigated to the start point from where the user began > Landing page of eSignet or initial registration page of the Sign Up UI | I140: Pass
A141: ES-391 | B141: LUser Flow - Register with Mobile Number and Password using Unified Login Feature | C141: TC_camdgc_signup_140 | F141: verify the notification when Otp is send | G141: 1. click on login button in Relying party 2. click on "Sign-Up with Unified Login". 3. click on "Continue" button after entering Mobile number and Captcha | H141: OTP Trigger for mobile number verification, during registration: English Use XXXXX to verify your KhID account. Khmer ប្រើ XXXXXX ដើម្បីផ្ទៀងផ្ទាត់គណនី KhID របស់អ្នក។ | I141: Pass
A142: ES-391 | B142: LUser Flow - Register with Mobile Number and Password using Unified Login Feature | C142: TC_camdgc_signup_141 | F142: Verify the notification when resendOtp is clicked | G142: 1. click on login button in Relying party 2. click on "Sign-Up with Unified Login". 3. click on "Continue" button after entering Mobile number and Captcha | H142: OTP Re-trigger for mobile number verification, during registration: English: Use XXXXX to verify your KhID account. Khmer ប្រើ XXXXXX ដើម្បីផ្ទៀងផ្ទាត់គណនី KhID របស់អ្នក។Scenario 3: Successful Registration: | I142: Pass
A143: ES-391 | B143: LUser Flow - Register with Mobile Number and Password using Unified Login Feature | C143: TC_camdgc_signup_142 | F143: Verify the notification after successfull registeration | G143: 1. click on login button in Relying party 2. click on "Sign-Up with Unified Login". 3. click on "Continue" button after entering Mobile number and Captcha 4. click on verify with valid Otp. 5. click on 'Continue' button in success screen. (Mobile number verified) | H143: English You successfully registered to KhID account. Khmer អ្នកបានចុះឈ្មោះគណនី KhID ដោយជោគជ័យ។ | I143: Pass
A144: ES-391 | B144: LUser Flow - Register with Mobile Number and Password using Unified Login Feature | C144: TC_camdgc_signup_143 | F144: Verify the information conveyed to relying party, that the registered user is Luser | G144: 1. click on login button in Relying party 2. click on "Sign-Up with Unified Login". 3. click on "Continue" button after entering Mobile number and Captcha 4. click on verify with valid Otp. 5. click on 'Continue' button in success screen. (Mobile number verified) | H144: Registered User should be Luser | I144: Pass
A145: ES-391 | B145: LUser Flow - Register with Mobile Number and Password using Unified Login Feature | C145: TC_camdgc_signup_144 | F145: verify the audit log for below events: GENERATE_CHALLENGE CHALLENGE_VERIFIED CHALLENGE_FAILED REGISTER_SUCCESS REGISTER_FAILED STATUS_CHECK STATUS_CHECK_FAILED | G145: 1. click on login button in Relying party 2. click on "Sign-Up with Unified Login". 3. click on "Continue" button after entering Mobile number and Captcha 4. click on verify with valid Otp. 5. click on 'Continue' button in success screen. (Mobile number verified) | H145: All the events should be audited. | I145: Pass
A146: ES-393 | B146: LUser Flow - Login with Mobile Number and Password using Unified Login Feature | C146: TC_camdgc_login_01 | D146: 1. The relying party is registered as a partner in e-Signet and has a Client ID associated with defined policies and as an enabler of Lvs. Luser 2. The relying party has integrated with e-Signet / Unified Login feature 3. The relying party has made the necessary changes in it’s portal, to enable the end-user to initiate the registration process 4. The user’s mobile number is registered via the Sign-Up portal | E146: Login button | F146: Verify the action when user clicks on Login button | G146: 1. click on login button in Relying party portal | H146: User should be redirected to login screen. | I146: Pass
...

Sheet known bugs list
A1: Issue key | B1: Summary | C1: Severity
A2: ES-2733 | B2: eSignet-MOSIP & MOCK: Back button is getting overlapped with the text message | C2: Minor
A3: ES-2732 | B3: eSignet-MOSIP & MOCK: InjiWallet opens directly to Share page instead of VC Selection page during same-device flow when app isnâ€™t running (iPhone device) | C3: Minor
A4: ES-2731 | B4: eSignet-MOSIP & MOCK: Sign-up Form Fails to Load on iPhone 7 | C4: Minor
A5: ES-2729 | B5: eSignet-MOSIP & MOCK: Password reset takes too long to process and ends with â€œPassword Reset Failed!â€ | C5: Major
A6: ES-2728 | B6: eSignet- signup:Camera Switching Not Supported on Older Android Devices During Signup | C6: Major
A7: ES-2725 | B7: eSignet- mosipid: â€œUnsupported languageâ€ error displayed on Forgot Password page when using Khmer language | C7: Major
A8: ES-2724 | B8: Tooltip does not auto-close and blocks input visibility on Signup page | C8: Major
A9: ES-2723 | B9: eSignet-MOCK & MOSIPid : Back button on Reset Password page not navigating to Forgot Password page | C9: Major
A10: ES-2721 | B10: Mock: eKYC Failure on macOS Safari Browser | C10: Major
A11: ES-2720 | B11: eSignet-MOSIP & MOCK: Date Picker placeholder not visible on mobile devices in Sign-Up Form | C11: Minor
A12: ES-2719 | B12: Fix content for wallet_header on WLA login page | C12: Major
... A14: ES-2717 | B14: Incorrect image repository & tag in esignet-apitest-rig/values.yaml | C14: Major
A15: ES-2716 | B15: In Ui schema when emai is marked as optional field by default its taking as mandatory field | C15: Critical | D15: Critical with work around present. Taken up in the patch release 1.7.1
A16: ES-2715 | B16: eSignet-MOSIP & MOCK: The error icon on the signup form is not displayed correctly on mobile devices. | C16: Minor
A17: ES-2714 | B17: eSignet-MOSIP & MOCK: Error message for the password field is displayed in English even though the selected language is Khmer. | C17: Minor
A18: ES-2711 | B18: eSignet Mock: Email Login Fails in eSignet Mock for Valid Email | C18: Major
A19: ES-2710 | B19: inji logo is not updated in esqa2 | C19: Minor
A20: ES-2709 | B20: KBI login in mock is not working when captcha is enabled | C20: Critical | D20: Critical with work around present. Taken up in the patch release 1.7.1
A21: ES-2708 | B21: eSignet-MOSIP & MOCK: The mouse cursor/pointer is not visible when hovering over the date picker option. | C21: Minor
A22: ES-2707 | B22: eSignet - aud_claim in client-assertion is not accepting any three of par endpoint, token endpoint and issuer identifier. | C22: Major
A23: ES-2701 | B23: When PAR is enabled, the language chosen in the mock-rp-ui is not being reflected in the oidc-ui. | C23: Major
A24: ES-2694 | B24: Deployment : mock-relying-party-service image is pointing to release-0.10.x | C24: Major
A25: ES-2692 | B25: Deployment : In deployment documentation cronjobs deployment scrip is not documented | C25: Major
A26: ES-2689 | B26: Deployment eSignet-Signup: Keycloak Helm chart to version should be updated to version 12.0.2 and ConfigMap copy step has to remove to streamline the deployment process. | C26: Major
A27: ES-2687 | B27: eSignet-Signup : Mobile number field validation not matching configured regex | C27: Major
A28: ES-2675 | B28: Deployment: Location of the esignet-global-cm.yaml.sample file is not mentioned in document | C28: Major
A29: ES-2674 | B29: Deployment : Re-captcha admin for which domain is not mentioned | C29: Major
A30: ES-2673 | B30: eSignet-MOSIP & MOCK: The Create OIDC Client API does not perform validation for the "alg", "use", and "n" fields in the public key. | C30: Minor
A31: ES-2655 | B31: Security : eSignet is handling public keys inconsistently | C31: Major
A32: ES-2651 | B32: Future enhancement for capture photo field | C32: Minor
... A37: ES-2638 | B37: esignet-mosipid qa-base: user is not able to login using email-login method | C37: Major
A38: ES-2631 | B38: eSignet-MOSIP : Login with password is not working with verified claims | C38: Blocker | D38: This bug will be fixed as part of IDA 1.2.2.0 release.
A39: ES-2625 | B39: Date of Birth Placeholder in KBI is not getting displayed in gray colour | C39: Minor
A40: ES-2618 | B40: KBI: Login button is always enabled even when mandatory fields are not filled | C40: Minor
A41: ES-2597 | B41: Date field allows future dates and dates before despite regex validation | C41: Major
A42: ES-2578 | B42: FAPI 2.0 Compliance - Server accepted a cipher that is not on the list of permitted ciphers | C42: Major
A43: ES-2536 | B43: MOSIP ID - On the Consent screen, the "Essential Claims" information message is overlapping with the "Required" text. | C43: Minor
A44: ES-2535 | B44: MOSIP ID - The font color for the error messages & asterisk (*) appears faded and lacks proper visibility. | C44: Minor
A45: ES-2533 | B45: Idle time in eSignet screen leading to network disconnect error | C45: Major
A46: ES-2529 | B46: Spacing issue b/w checkbox and error message when checkbox is not filled | C46: Minor
A47: ES-2513 | B47: Automation : in today automation report for es-qa1 environment in mosip-id signup-cre 190 test cases are getting skipped and 54 test cases are getting failed. | C47: Major
A48: ES-2511 | B48: eSignet-MOSIP & MOCK: The error message "The user account is blocked..." is getting truncated. | C48: Minor
A49: ES-2510 | B49: eSignet-MOSIP & MOCK: After switching to Desktop site mode on the Relying Party portal, the user is redirected back to the Consent screen. Once consent is provided again, the user is taken to the login screen with the error message 'Transaction Timeout'. | C49: Minor
A50: ES-2489 | B50: Kyc auth is returing data even if claim locale is not matching. | C50: Major
... A174: ES-374 | B174: VCI: unable to request VC with valid access token for the second time with MOSIP IDA | C174: Major

Sheet Feature Health
B2: Feature list (UI Based) | C2: Health Check | D2: Pass | E2: Fail
B3: Signup | C3: Pass | D3: 144 | E3: 0
B4: Login with password | C4: Pass | D4: 97 | E4: 1
B5: Forgot password | C5: Pass | D5: 104 | E5: 0
B6: Identity verification process | C6: Pass | D6: 468 | E6: 17
B7: Create & update OIDC with additional config | C7: Pass | D7: 96 | E7: 1
B8: DPOP | C8: Pass | D8: 52 | E8: 7
B9: PAR | C9: Pass | D9: 53 | E9: 0

Sheet Device & browser specification
A2: Device | B2: Browser | C2: Browser version | D2: OS version | E2: Display resolution | F2: Screen size (inch)
A3: iPhone 7 | B3: Safari | C3: 15.7.9 | D3: 15.6 | E3: 750x 133px | F3: 4.7
A4: OnePlus 9R | B4: Chrome, Edge | C4: Chrome (142.0.7444.171), Edge (142.0.3595.93) | D4: Android 14 | E4: 1080 x 2400 pixels | F4: 6.55
A5: Redmi 7A | B5: Chrome | C5: 142.0.7444.171 | D5: Android 10 | E5: 1440 × 720 pixels | F5: 5.4inches
A6: Vivo Y20 | B6: Chrome | C6: 142.0.7444.171 | D6: Android 13 | E6: 720 × 1600 pixels | F6: 6.5inches
A7: One plus nord 2T | B7: Chrome | C7: 142.0.7444.171 | D7: Android 15 | E7: 2400 × 1080 pixels | F7: 6.43 inches
A8: iPhone 14 | B8: Safari | C8: 26 | D8: 26.1 | E8: 253× 1170 pixels | F8: 6.inches
A9: iPhone 13 | B9: Safari | C9: 15.6 | D9: 15 | E9: 253× 1170 | F9: 6.inches
A13: Browsers: Browser Compatibility for desktop and mobile
A14: Google Chrome, Version: 118. 0.5993.7and above
A15: Firefox, Version: 118.0.and above
A16: Edge, Version: 118.0.2088.4and above
A17: Safari, Version: 14.and above
